{"type":"FeatureCollection","features":[{"type":"Feature","geometry":{"type":"Point","coordinates":[114.08833333,-22.235]},"properties":{"name":"Qantas Flight 72","op":"Qantas Airways","deaths":0,"year":2008}},{"type":"Feature","geometry":{"type":"Point","coordinates":[-58.467777777,-51.783611111]},"properties":{"name":"1982 British Army Gazelle friendly fire incident","op":"","deaths":null,"year":1982}},{"type":"Feature","geometry":{"type":"Point","coordinates":[12.98333333,42.46666667]},"properties":{"name":"Sabena Flight 503","op":"","deaths":null,"year":1955}},{"type":"Feature","geometry":{"type":"Point","coordinates":[16.8,39.275]},"properties":{"name":"Castelsilano air crash","op":"","deaths":null,"year":1980}},{"type":"Feature","geometry":{"type":"Point","coordinates":[15.0,37.28333333]},"properties":{"name":"","op":"","deaths":null,"year":1984}},{"type":"Feature","geometry":{"type":"Point","coordinates":[1.6275,50.51472222]},"properties":{"name":"Aer Lingus Flight 164","op":"Aer Lingus","deaths":0,"year":1981}},{"type":"Feature","geometry":{"type":"Point","coordinates":[8.9325,39.1181]},"properties":{"name":"ATI flight 12","op":"","deaths":null,"year":1979}},{"type":"Feature","geometry":{"type":"Point","coordinates":[8.7075,45.7425]},"properties":{"name":"flight Alitalia 660","op":"Alitalia","deaths":null,"year":1968}},{"type":"Feature","geometry":{"type":"Point","coordinates":[13.558722222,41.766111111]},"properties":{"name":"Itavia Flight 703","op":"","deaths":null,"year":1963}},{"type":"Feature","geometry":{"type":"Point","coordinates":[10.14418333,42.76898889]},"properties":{"name":"","op":"Itavia","deaths":null,"year":1960}},{"type":"Feature","geometry":{"type":"Point","coordinates":[53.97,65.03166667]},"properties":{"name":"Alrosa Flight 514","op":"ALROSA Air Company","deaths":0,"year":2010}},{"type":"Feature","geometry":{"type":"Point","coordinates":[104.4316667,52.26055556]},"properties":{"name":"","op":"","deaths":null,"year":1999}},{"type":"Feature","geometry":{"type":"Point","coordinates":[44.514444444,40.181388888]},"properties":{"name":"Belavia Flight 1834","op":"Belavia","deaths":0,"year":2008}},{"type":"Feature","geometry":{"type":"Point","coordinates":[-121.883,39.1167]},"properties":{"name":"1961 Yuba City B-52 crash","op":"","deaths":0,"year":1961}},{"type":"Feature","geometry":{"type":"Point","coordinates":[-122.31,37.59]},"properties":{"name":"Japan Airlines Flight 2","op":"Japan Airlines","deaths":0,"year":1968}},{"type":"Feature","geometry":{"type":"Point","coordinates":[144.83817222,-37.67055]},"properties":{"name":"Emirates Flight 407","op":"Emirates","deaths":0,"year":2009}},{"type":"Feature","geometry":{"type":"Point","coordinates":[60.986111111,56.726388888]},"properties":{"name":"1960 U-2 incident spy aircraft","op":"Francis Gary Powers","deaths":null,"year":1960}},{"type":"Feature","geometry":{"type":"Point","coordinates":[-0.43166667,51.465]},"properties":{"name":"British Airways Flight 38","op":"British Airways","deaths":0,"year":2008}},{"type":"Feature","geometry":{"type":"Point","coordinates":[1.3,58.7]},"properties":{"name":"Bristow Flight 56C","op":"Bristow Helicopters","deaths":0,"year":1995}},{"type":"Feature","geometry":{"type":"Point","coordinates":[144.938611111,13.586944444]},"properties":{"name":"Andersen Air Force Base B-2 accident","op":"United States Air Force","deaths":0,"year":2008}},{"type":"Feature","geometry":{"type":"Point","coordinates":[113.914,22.3089]},"properties":{"name":"Cathay Pacific Flight 780","op":"Cathay Pacific","deaths":0,"year":2010}},{"type":"Feature","geometry":{"type":"Point","coordinates":[12.5992,41.7928]},"properties":{"name":"Ryanair Flight 4102","op":"Ryanair","deaths":0,"year":2008}},{"type":"Feature","geometry":{"type":"Point","coordinates":[104.04,1.11]},"properties":{"name":"Qantas Flight 32","op":"Qantas Airways","deaths":0,"year":2010}},{"type":"Feature","geometry":{"type":"Point","coordinates":[8.65204722,50.06958889]},"properties":{"name":"1983 Rhein-Main Starfighter crash","op":"Canadian Armed Forces","deaths":null,"year":1983}},{"type":"Feature","geometry":{"type":"Point","coordinates":[-80.85,32.0]},"properties":{"name":"1958 Tybee Island mid-air collision","op":"","deaths":0,"year":1958}},{"type":"Feature","geometry":{"type":"Point","coordinates":[-89.9196,30.0119]},"properties":{"name":"TACA Flight 110","op":"Avianca El Salvador","deaths":0,"year":1988}},{"type":"Feature","geometry":{"type":"Point","coordinates":[18.1317,59.7683]},"properties":{"name":"Scandinavian Airlines System Flight 751","op":"Scandinavian Airlines","deaths":0,"year":1991}},{"type":"Feature","geometry":{"type":"Point","coordinates":[117.09555556,-1.03083333]},"properties":{"name":"Trigana Air Service Flight 168","op":"Trigana Air Service","deaths":null,"year":2010}},{"type":"Feature","geometry":{"type":"Point","coordinates":[46.8656,24.9578]},"properties":{"name":"Lufthansa Cargo Flight 8460","op":"Lufthansa Cargo","deaths":0,"year":2010}},{"type":"Feature","geometry":{"type":"Point","coordinates":[15.49279976,51.44779968]},"properties":{"name":"1939 Neuhammer disaster","op":"","deaths":null,"year":1939}},{"type":"Feature","geometry":{"type":"Point","coordinates":[30.40361111,59.91972222]},"properties":{"name":"1963 Aeroflot Tupolev Tu-124 Neva river ditching","op":"Aeroflot","deaths":0,"year":1963}},{"type":"Feature","geometry":{"type":"Point","coordinates":[3.83111,50.57583]},"properties":{"name":"plane crash at Chièvres","op":"","deaths":null,"year":1961}},{"type":"Feature","geometry":{"type":"Point","coordinates":[20.96722222,52.16555556]},"properties":{"name":"LOT Polish Airlines Flight 16","op":"LOT Polish Airlines","deaths":0,"year":2011}},{"type":"Feature","geometry":{"type":"Point","coordinates":[37.856777777,55.431]},"properties":{"name":"Aviastar-TU Flight 1906","op":"Aviastar-TU","deaths":0,"year":2010}},{"type":"Feature","geometry":{"type":"Point","coordinates":[4.016528,51.929167]},"properties":{"name":"","op":"","deaths":null,"year":2010}},{"type":"Feature","geometry":{"type":"Point","coordinates":[-74.012222222,40.711422222]},"properties":{"name":"collapse of the World Trade Center","op":"","deaths":null,"year":2001}},{"type":"Feature","geometry":{"type":"Point","coordinates":[138.223083333,34.754333333]},"properties":{"name":"2001 Japan Airlines mid-air incident","op":"Japan Airlines","deaths":0,"year":2001}},{"type":"Feature","geometry":{"type":"Point","coordinates":[-74.004636,40.769498]},"properties":{"name":"US Airways Flight 1549","op":"US Airways","deaths":0,"year":2009}},{"type":"Feature","geometry":{"type":"Point","coordinates":[-149.987,61.1717]},"properties":{"name":"KLM Flight 867","op":"KLM","deaths":0,"year":1989}},{"type":"Feature","geometry":{"type":"Point","coordinates":[112.778,-7.379]},"properties":{"name":"Adam Air Flight 172","op":"Adam Air","deaths":0,"year":2007}},{"type":"Feature","geometry":{"type":"Point","coordinates":[44.234444444,33.2625]},"properties":{"name":"2003 Baghdad DHL attempted shootdown incident","op":"European Air Transport","deaths":0,"year":2003}},{"type":"Feature","geometry":{"type":"Point","coordinates":[-79.624722,43.656444]},"properties":{"name":"Air France Flight 358","op":"Air France","deaths":0,"year":2005}},{"type":"Feature","geometry":{"type":"Point","coordinates":[16.6031,48.1072]},"properties":{"name":"Air France Flight 703","op":"Air France","deaths":0,"year":1958}},{"type":"Feature","geometry":{"type":"Point","coordinates":[-23.083,42.733]},"properties":{"name":"Air Transat Flight 236","op":"Air Transat","deaths":0,"year":2001}},{"type":"Feature","geometry":{"type":"Point","coordinates":[-1.240833333,51.605833333]},"properties":{"name":"British Airways Flight 5390","op":"British Airways","deaths":0,"year":1990}},{"type":"Feature","geometry":{"type":"Point","coordinates":[5.715809,50.972914]},"properties":{"name":"Mechelen incident","op":"","deaths":null,"year":1940}},{"type":"Feature","geometry":{"type":"Point","coordinates":[-76.775,17.930833333]},"properties":{"name":"American Airlines Flight 331","op":"American Airlines","deaths":0,"year":2009}},{"type":"Feature","geometry":{"type":"Point","coordinates":[65.851,31.503]},"properties":{"name":"2000 Airstan incident","op":"","deaths":0,"year":1995}},{"type":"Feature","geometry":{"type":"Point","coordinates":[-58.25388889,6.49833333]},"properties":{"name":"Caribbean Airlines Flight 523","op":"","deaths":0,"year":2011}},{"type":"Feature","geometry":{"type":"Point","coordinates":[122.93638889,10.65027778]},"properties":{"name":"Philippine Airlines Flight 137","op":"Philippine Airlines","deaths":0,"year":1998}},{"type":"Feature","geometry":{"type":"Point","coordinates":[44.366666666,53.866666666]},"properties":{"name":"Osoaviakhim-1","op":"DOSAAF","deaths":null,"year":1934}},{"type":"Feature","geometry":{"type":"Point","coordinates":[2.8667,51.0333]},"properties":{"name":"1933 Imperial Airways Diksmuide crash","op":"Imperial Airways","deaths":null,"year":1933}},{"type":"Feature","geometry":{"type":"Point","coordinates":[0.031,51.299]},"properties":{"name":"1935 SABENA Savoia-Marchetti S.73 crash","op":"Sabena","deaths":null,"year":1935}},{"type":"Feature","geometry":{"type":"Point","coordinates":[145.349,-37.833]},"properties":{"name":"1938 Kyeema crash","op":"Australian National Airways","deaths":null,"year":1938}},{"type":"Feature","geometry":{"type":"Point","coordinates":[146.635833333,-35.853333333]},"properties":{"name":"1940 Brocklesby mid-air collision","op":"No. 2 Service Flying Training School RAAF","deaths":0,"year":1940}},{"type":"Feature","geometry":{"type":"Point","coordinates":[-99.0,-72.1]},"properties":{"name":"1946 Antarctica PBM Mariner crash","op":"","deaths":null,"year":1946}},{"type":"Feature","geometry":{"type":"Point","coordinates":[-0.117,51.353]},"properties":{"name":"1947 Croydon Dakota accident","op":"","deaths":null,"year":1947}},{"type":"Feature","geometry":{"type":"Point","coordinates":[-82.3685,31.183]},"properties":{"name":"1948 Waycross B-29 crash","op":"United States Air Force","deaths":null,"year":1948}},{"type":"Feature","geometry":{"type":"Point","coordinates":[-2.262,53.363]},"properties":{"name":"1951 Ringway Dakota accident","op":"","deaths":null,"year":1951}},{"type":"Feature","geometry":{"type":"Point","coordinates":[0.969444,50.9239]},"properties":{"name":"1958 Channel Airways de Havilland DH.104 Dove crash","op":"Channel Airways","deaths":null,"year":1958}},{"type":"Feature","geometry":{"type":"Point","coordinates":[-0.912642,53.0229]},"properties":{"name":"1958 Syerston Avro Vulcan crash","op":"Rolls-Royce Limited","deaths":null,"year":1958}},{"type":"Feature","geometry":{"type":"Point","coordinates":[-84.667778,39.048889]},"properties":{"name":"1961 Cincinnati Zantop DC-4 crash","op":"Zantop Air Transport","deaths":0,"year":1961}},{"type":"Feature","geometry":{"type":"Point","coordinates":[13.287778,52.559722]},"properties":{"name":"1961 F-84 Thunderstreak incident","op":"","deaths":null,"year":1961}},{"type":"Feature","geometry":{"type":"Point","coordinates":[32.9054,40.0029]},"properties":{"name":"Turkish Airlines flight 835","op":"","deaths":null,"year":1961}},{"type":"Feature","geometry":{"type":"Point","coordinates":[-69.4347,45.5278]},"properties":{"name":"1963 Elephant Mountain B-52 crash","op":"","deaths":null,"year":1963}},{"type":"Feature","geometry":{"type":"Point","coordinates":[11.233333333,51.119444444]},"properties":{"name":"1964 T-39 shootdown incident","op":"","deaths":null,"year":1964}},{"type":"Feature","geometry":{"type":"Point","coordinates":[131.322,27.5533]},"properties":{"name":"1965 Philippine Sea A-4 incident","op":"","deaths":null,"year":1965}},{"type":"Feature","geometry":{"type":"Point","coordinates":[1.01667,51.0833]},"properties":{"name":"1965 Skyways Coach-Air Avro 748 crash","op":"Skyways Coach-Air Limited","deaths":0,"year":1965}},{"type":"Feature","geometry":{"type":"Point","coordinates":[106.830001,-6.179999]},"properties":{"name":"1991 Jakarta Indonesian Air Force C-130 crash","op":"Indonesian Air Force","deaths":null,"year":1991}},{"type":"Feature","geometry":{"type":"Point","coordinates":[66.97944444,39.69472222]},"properties":{"name":"","op":"","deaths":null,"year":1978}},{"type":"Feature","geometry":{"type":"Point","coordinates":[77.76666667,64.9]},"properties":{"name":"Aeroflot Flight 134","op":"Aeroflot","deaths":null,"year":1977}},{"type":"Feature","geometry":{"type":"Point","coordinates":[52.86333333,54.71361111]},"properties":{"name":"Aeroflot Flight F-77","op":"","deaths":null,"year":1986}},{"type":"Feature","geometry":{"type":"Point","coordinates":[41.8875,42.83055556]},"properties":{"name":"Aeroflot Flight 6274","op":"Aeroflot","deaths":null,"year":1975}},{"type":"Feature","geometry":{"type":"Point","coordinates":[41.08972222,42.87611111]},"properties":{"name":"","op":"","deaths":null,"year":1977}},{"type":"Feature","geometry":{"type":"Point","coordinates":[41.820222,41.66]},"properties":{"name":"","op":"","deaths":null,"year":2000}},{"type":"Feature","geometry":{"type":"Point","coordinates":[37.90305556,55.36333333]},"properties":{"name":"","op":"","deaths":null,"year":1967}},{"type":"Feature","geometry":{"type":"Point","coordinates":[68.64944444,43.7975]},"properties":{"name":"","op":"","deaths":null,"year":1950}},{"type":"Feature","geometry":{"type":"Point","coordinates":[32.03966111,68.844975]},"properties":{"name":"Aeroflot Flight 145","op":"Aeroflot","deaths":null,"year":1970}},{"type":"Feature","geometry":{"type":"Point","coordinates":[37.59777778,47.95083333]},"properties":{"name":"","op":"","deaths":null,"year":1984}},{"type":"Feature","geometry":{"type":"Point","coordinates":[44.99972222,53.11638889]},"properties":{"name":"Aeroflot Flight 5569","op":"Aeroflot","deaths":null,"year":1986}},{"type":"Feature","geometry":{"type":"Point","coordinates":[21.12396111,56.52175556]},"properties":{"name":"","op":"","deaths":null,"year":1979}},{"type":"Feature","geometry":{"type":"Point","coordinates":[38.86050833,55.3947]},"properties":{"name":"1978 Yegoryevsk Tu-144 crash","op":"","deaths":null,"year":1978}},{"type":"Feature","geometry":{"type":"Point","coordinates":[64.48666667,39.79388889]},"properties":{"name":"Aeroflot Flight 124","op":"Aeroflot","deaths":null,"year":1974}},{"type":"Feature","geometry":{"type":"Point","coordinates":[127.0888889,53.67916667]},"properties":{"name":"","op":"","deaths":null,"year":1981}},{"type":"Feature","geometry":{"type":"Point","coordinates":[42.05,42.31666667]},"properties":{"name":"Aeroflot Flight 07","op":"Aeroflot","deaths":null,"year":1985}},{"type":"Feature","geometry":{"type":"Point","coordinates":[44.91222222,40.30444444]},"properties":{"name":"Aeroflot Flight E-46","op":"","deaths":null,"year":1983}},{"type":"Feature","geometry":{"type":"Point","coordinates":[76.526111111,60.975]},"properties":{"name":"Aeroflot Flight 29674","op":"Aeroflot","deaths":null,"year":1988}},{"type":"Feature","geometry":{"type":"Point","coordinates":[46.533333333,39.683333333]},"properties":{"name":"Aeroflot Flight 35","op":"","deaths":null,"year":1990}},{"type":"Feature","geometry":{"type":"Point","coordinates":[-122.620288,37.99427]},"properties":{"name":"Fairfax, California B-17 Crash","op":"United States Air Force","deaths":null,"year":1946}},{"type":"Feature","geometry":{"type":"Point","coordinates":[-1.768,50.767]},"properties":{"name":"1958 BOAC Bristol Britannia crash","op":"British Overseas Airways Corporation","deaths":null,"year":1958}},{"type":"Feature","geometry":{"type":"Point","coordinates":[-2.17905,49.2092]},"properties":{"name":"1938 Jersey Airport disaster","op":"","deaths":null,"year":1938}},{"type":"Feature","geometry":{"type":"Point","coordinates":[0.4,52.5667]},"properties":{"name":"1974 Norfolk mid-air collision","op":"","deaths":null,"year":1974}},{"type":"Feature","geometry":{"type":"Point","coordinates":[31.404,30.102]},"properties":{"name":"1974 EgyptAir Tupolev Tu-154 crash","op":"","deaths":null,"year":1974}},{"type":"Feature","geometry":{"type":"Point","coordinates":[134.04777778,-0.88083333]},"properties":{"name":"Merpati Nusantara Airlines Flight 836","op":"Merpati Nusantara Airlines","deaths":0,"year":2010}},{"type":"Feature","geometry":{"type":"Point","coordinates":[-77.9164,18.4999]},"properties":{"name":"CanJet Flight 918","op":"CanJet","deaths":0,"year":2009}},{"type":"Feature","geometry":{"type":"Point","coordinates":[23.4,33.5]},"properties":{"name":"Gulf of Sidra incident","op":"","deaths":null,"year":1989}},{"type":"Feature","geometry":{"type":"Point","coordinates":[-0.167389,5.60467]},"properties":{"name":"Allied Air Flight 111","op":"Allied Air","deaths":0,"year":2012}},{"type":"Feature","geometry":{"type":"Point","coordinates":[59.6408,36.235]},"properties":{"name":"Taban Air Flight 6437","op":"","deaths":0,"year":2010}},{"type":"Feature","geometry":{"type":"Point","coordinates":[5.19571,52.2688]},"properties":{"name":"","op":"","deaths":null,"year":1957}},{"type":"Feature","geometry":{"type":"Point","coordinates":[39.666,-4.05]},"properties":{"name":"2002 Mombasa attacks","op":"","deaths":0,"year":2002}},{"type":"Feature","geometry":{"type":"Point","coordinates":[6.205,49.6233]},"properties":{"name":"Cargolux Flight 7933","op":"Cargolux","deaths":0,"year":2010}},{"type":"Feature","geometry":{"type":"Point","coordinates":[74.77425,33.987138888]},"properties":{"name":"1971 Indian Airlines hijacking","op":"Indian Airlines","deaths":null,"year":1971}},{"type":"Feature","geometry":{"type":"Point","coordinates":[-90.535,14.61305556]},"properties":{"name":"1977 Aviateca Convair 240 crash","op":"","deaths":null,"year":1977}},{"type":"Feature","geometry":{"type":"Point","coordinates":[-6.36642,54.0862]},"properties":{"name":"1978 British Army Gazelle downing","op":"","deaths":null,"year":1978}},{"type":"Feature","geometry":{"type":"Point","coordinates":[33.1571,40.3295]},"properties":{"name":"1979 Turkish Airlines Ankara crash","op":"","deaths":null,"year":1979}},{"type":"Feature","geometry":{"type":"Point","coordinates":[105.17104,-5.23352]},"properties":{"name":"1982 Garuda Fokker F28 crash","op":"","deaths":null,"year":1982}},{"type":"Feature","geometry":{"type":"Point","coordinates":[34.847777777,30.846666666]},"properties":{"name":"1983 Negev mid-air collision","op":"","deaths":0,"year":1983}},{"type":"Feature","geometry":{"type":"Point","coordinates":[-1.2,59.8917]},"properties":{"name":"1986 British International Helicopters Chinook crash","op":"British International Helicopters","deaths":null,"year":1986}},{"type":"Feature","geometry":{"type":"Point","coordinates":[-0.733333333,60.283333333]},"properties":{"name":"1988 British International Helicopters Sikorsky S-61N crash","op":"","deaths":null,"year":1988}},{"type":"Feature","geometry":{"type":"Point","coordinates":[174.758,-36.8583]},"properties":{"name":"1993 Auckland mid-air collision","op":"","deaths":null,"year":1993}},{"type":"Feature","geometry":{"type":"Point","coordinates":[-6.60889,54.076]},"properties":{"name":"1994 British Army Lynx shootdown","op":"","deaths":null,"year":1994}},{"type":"Feature","geometry":{"type":"Point","coordinates":[-72.304444,18.3375]},"properties":{"name":"1995 Air St. Martin Beech 1900 crash","op":"Air Caraïbes","deaths":null,"year":1995}},{"type":"Feature","geometry":{"type":"Point","coordinates":[140.05,-18.125]},"properties":{"name":"2000 Australia Beechcraft King Air crash","op":"","deaths":null,"year":2000}},{"type":"Feature","geometry":{"type":"Point","coordinates":[15.4446,-4.3858]},"properties":{"name":"2002 Africa One Antonov An-26 crash","op":"Africa One","deaths":null,"year":2002}},{"type":"Feature","geometry":{"type":"Point","coordinates":[21.0683,52.0356]},"properties":{"name":"2003 Polish Air Force Mi-8 crash","op":"Polish Air Force","deaths":0,"year":2003}},{"type":"Feature","geometry":{"type":"Point","coordinates":[-70.9969,42.3586]},"properties":{"name":"2005 Logan Airport runway incursion","op":"","deaths":null,"year":2005}},{"type":"Feature","geometry":{"type":"Point","coordinates":[-3.67,53.9561]},"properties":{"name":"2006 Morecambe Bay helicopter crash","op":"","deaths":null,"year":2006}},{"type":"Feature","geometry":{"type":"Point","coordinates":[119.275249,30.776425]},"properties":{"name":"2006 People's Liberation Army Air Force KJ-200 crash","op":"","deaths":null,"year":2006}},{"type":"Feature","geometry":{"type":"Point","coordinates":[-122.375,37.6207]},"properties":{"name":"2007 San Francisco International Airport runway incursion","op":"","deaths":null,"year":2007}},{"type":"Feature","geometry":{"type":"Point","coordinates":[51.5422,35.4291]},"properties":{"name":"2009 Iranian Air Force Il-76MD Adnan 2 accident","op":"","deaths":null,"year":2009}},{"type":"Feature","geometry":{"type":"Point","coordinates":[167.95,-29.075]},"properties":{"name":"2009 Pel-Air Westwind ditching","op":"Pel-Air","deaths":0,"year":2009}},{"type":"Feature","geometry":{"type":"Point","coordinates":[13.405,52.52]},"properties":{"name":"2010 Air Service Berlin Douglas C-47 crash","op":"","deaths":0,"year":2010}},{"type":"Feature","geometry":{"type":"Point","coordinates":[-6.826127,33.98518]},"properties":{"name":"Air France Flight 2005","op":"Air France","deaths":null,"year":1961}},{"type":"Feature","geometry":{"type":"Point","coordinates":[72.87,19.089]},"properties":{"name":"Air India Flight 403","op":"Air India","deaths":null,"year":1982}},{"type":"Feature","geometry":{"type":"Point","coordinates":[-81.286111111,23.139444444]},"properties":{"name":"Air Transat Flight 961","op":"Air Transat","deaths":0,"year":2005}},{"type":"Feature","geometry":{"type":"Point","coordinates":[30.9706,-29.955]},"properties":{"name":"Airlink Flight 8911","op":"","deaths":null,"year":2009}},{"type":"Feature","geometry":{"type":"Point","coordinates":[-72.74389,41.97278]},"properties":{"name":"American Airlines Flight 1572","op":"American Airlines","deaths":0,"year":1995}},{"type":"Feature","geometry":{"type":"Point","coordinates":[-77.45,38.953]},"properties":{"name":"American Airlines Flight 444","op":"American Airlines","deaths":0,"year":1979}},{"type":"Feature","geometry":{"type":"Point","coordinates":[-96.85111111,32.84805556]},"properties":{"name":"American Airlines Flight 910","op":"American Airlines","deaths":null,"year":1952}},{"type":"Feature","geometry":{"type":"Point","coordinates":[-171.747,63.784]},"properties":{"name":"An-24 incident at Gambell, Alaska","op":"","deaths":null,"year":1974}},{"type":"Feature","geometry":{"type":"Point","coordinates":[-0.1422,51.1548]},"properties":{"name":"Ariana Afghan Airlines Flight 701","op":"Ariana Afghan Airlines","deaths":null,"year":1969}},{"type":"Feature","geometry":{"type":"Point","coordinates":[-122.325119,37.405701]},"properties":{"name":"BCPA Flight 304","op":"","deaths":null,"year":1953}},{"type":"Feature","geometry":{"type":"Point","coordinates":[-4.784546,55.802825]},"properties":{"name":"British European Airways Flight S200P","op":"British European Airways","deaths":0,"year":1948}},{"type":"Feature","geometry":{"type":"Point","coordinates":[-2.848583333,53.336333333]},"properties":{"name":"Cambrian Airways Liverpool crash","op":"","deaths":null,"year":1965}},{"type":"Feature","geometry":{"type":"Point","coordinates":[114.198,22.3183]},"properties":{"name":"China Airlines Flight 605","op":"China Airlines","deaths":0,"year":1993}},{"type":"Feature","geometry":{"type":"Point","coordinates":[-82.018611111,27.988888888]},"properties":{"name":"National Airlines Flight 16","op":"National Airlines","deaths":null,"year":1945}},{"type":"Feature","geometry":{"type":"Point","coordinates":[-149.98888889,61.16972222]},"properties":{"name":"Japan Airlines Flight 422","op":"Japan Airlines","deaths":null,"year":1975}},{"type":"Feature","geometry":{"type":"Point","coordinates":[-75.9942,36.8511]},"properties":{"name":"US Navy F/A-18 Hornet crash in Virginia Beach","op":"Strike Fighter Squadron 106","deaths":0,"year":2012}},{"type":"Feature","geometry":{"type":"Point","coordinates":[-69.4208,47.935]},"properties":{"name":"1950 Rivière-du-Loup B-50 nuclear weapon loss incident","op":"United States Air Force","deaths":0,"year":1950}},{"type":"Feature","geometry":{"type":"Point","coordinates":[-79.6571,34.2009]},"properties":{"name":"1958 Mars Bluff B-47 nuclear weapon loss incident","op":"375th Bombardment Squadron","deaths":0,"year":1958}},{"type":"Feature","geometry":{"type":"Point","coordinates":[23.0,79.816666666]},"properties":{"name":"Finnair Flight 915 missile explosion incident","op":"Finnair","deaths":0,"year":1987}},{"type":"Feature","geometry":{"type":"Point","coordinates":[132.504444444,48.880277777]},"properties":{"name":"Aeroflot Flight 11","op":"Aeroflot","deaths":null,"year":1957}},{"type":"Feature","geometry":{"type":"Point","coordinates":[37.616666666,55.75]},"properties":{"name":"1942 Aeroflot Li-2 Krasnoyarsk crash","op":"","deaths":null,"year":1942}},{"type":"Feature","geometry":{"type":"Point","coordinates":[136.425,47.566666666]},"properties":{"name":"1958 Lazo Il-12 crash","op":"","deaths":null,"year":1957}},{"type":"Feature","geometry":{"type":"Point","coordinates":[132.504444444,48.880277777]},"properties":{"name":"Aeroflot Flight 10 (1957)","op":"Aeroflot","deaths":null,"year":1957}},{"type":"Feature","geometry":{"type":"Point","coordinates":[26.537222222,44.696666666]},"properties":{"name":"Malév Flight 203","op":"","deaths":null,"year":1977}},{"type":"Feature","geometry":{"type":"Point","coordinates":[65.255555555,57.911111111]},"properties":{"name":"1977 Tavda mid-air collision","op":"","deaths":null,"year":1977}},{"type":"Feature","geometry":{"type":"Point","coordinates":[19.159238888,50.906022222]},"properties":{"name":"","op":"","deaths":null,"year":2014}},{"type":"Feature","geometry":{"type":"Point","coordinates":[80.0878,9.81278]},"properties":{"name":"1995 Sri Lanka Air Force Avro 748 (CR835) shootdown","op":"Sri Lanka Air Force","deaths":null,"year":1995}},{"type":"Feature","geometry":{"type":"Point","coordinates":[-73.863305555,40.776]},"properties":{"name":"Delta Air Lines Flight 1086","op":"Delta Air Lines","deaths":0,"year":2015}},{"type":"Feature","geometry":{"type":"Point","coordinates":[153.118,-28.3092]},"properties":{"name":"1937 Australian National Airways Stinson crash","op":"Australian National Airways","deaths":null,"year":1937}},{"type":"Feature","geometry":{"type":"Point","coordinates":[-72.7793,40.9452]},"properties":{"name":"American Airlines Flight 514","op":"American Airlines","deaths":null,"year":1959}},{"type":"Feature","geometry":{"type":"Point","coordinates":[-122.372,37.6182]},"properties":{"name":"Pan Am Flight 843","op":"Pan Am","deaths":0,"year":1965}},{"type":"Feature","geometry":{"type":"Point","coordinates":[73.3083,54.9667]},"properties":{"name":"2001 Antonov An-70 Crash","op":"","deaths":0,"year":2001}},{"type":"Feature","geometry":{"type":"Point","coordinates":[85.35805556,27.69611111]},"properties":{"name":"Turkish Airlines Flight 726","op":"Turkish Airlines","deaths":null,"year":2015}},{"type":"Feature","geometry":{"type":"Point","coordinates":[103.636666666,-1.631111111]},"properties":{"name":"Sriwijaya Air Flight 62","op":"Sriwijaya Air","deaths":0,"year":2008}},{"type":"Feature","geometry":{"type":"Point","coordinates":[115.99194444,29.66888889]},"properties":{"name":"China Xinjiang Airlines Flight 9501","op":"China Xinjiang Airlines","deaths":null,"year":1988}},{"type":"Feature","geometry":{"type":"Point","coordinates":[19.8667,44.9]},"properties":{"name":"1999 F-117A shoot-down","op":"","deaths":null,"year":1999}},{"type":"Feature","geometry":{"type":"Point","coordinates":[141.13833333,39.43944444]},"properties":{"name":"Japan Air System Flight 451","op":"Japan Air System","deaths":0,"year":1993}},{"type":"Feature","geometry":{"type":"Point","coordinates":[-118.426388888,34.250833333]},"properties":{"name":"Pacoima aircraft accident","op":"","deaths":null,"year":1957}},{"type":"Feature","geometry":{"type":"Point","coordinates":[41.128055555,42.858055555]},"properties":{"name":"Transair Georgia airliner shootdowns","op":"","deaths":null,"year":1993}},{"type":"Feature","geometry":{"type":"Point","coordinates":[-0.453,51.6]},"properties":{"name":"Northwood mid-air collision","op":"","deaths":null,"year":1948}},{"type":"Feature","geometry":{"type":"Point","coordinates":[12.7714,47.3036]},"properties":{"name":"2007 helicopter mid-air collision in Austria","op":"","deaths":null,"year":2007}},{"type":"Feature","geometry":{"type":"Point","coordinates":[-87.8275,42.44833333]},"properties":{"name":"2000 Zion mid-air collision","op":"","deaths":null,"year":2000}},{"type":"Feature","geometry":{"type":"Point","coordinates":[-83.356,42.208]},"properties":{"name":"Northwest Airlines Flight 253","op":"Northwest Airlines","deaths":null,"year":2009}},{"type":"Feature","geometry":{"type":"Point","coordinates":[72.83888889,19.09916667]},"properties":{"name":"Japan Airlines Flight 472 (1972)","op":"","deaths":0,"year":1972}},{"type":"Feature","geometry":{"type":"Point","coordinates":[127.754028,26.26175]},"properties":{"name":"2004 Okinawa International University USMC CH-53 crash","op":"United States Marine Corps","deaths":0,"year":2004}},{"type":"Feature","geometry":{"type":"Point","coordinates":[132.91944444,34.43611111]},"properties":{"name":"Asiana Flight 162","op":"Asiana Airlines","deaths":0,"year":2015}},{"type":"Feature","geometry":{"type":"Point","coordinates":[124.186944,24.344722]},"properties":{"name":"Southwest Air Lines Flight 611","op":"Southwest Air Lines","deaths":0,"year":1982}},{"type":"Feature","geometry":{"type":"Point","coordinates":[-150.0062,61.1697]},"properties":{"name":"1983 Anchorage runway collision","op":"","deaths":0,"year":1983}},{"type":"Feature","geometry":{"type":"Point","coordinates":[114.09654,22.41492]},"properties":{"name":"2020 Hong Kong Garrison helicopter crash","op":"","deaths":null,"year":null}},{"type":"Feature","geometry":{"type":"Point","coordinates":[-83.54242,42.22814]},"properties":{"name":"Ameristar Charters Flight 9363","op":"Ameristar Jet Charter","deaths":0,"year":2017}},{"type":"Feature","geometry":{"type":"Point","coordinates":[-119.12111111,34.12027778]},"properties":{"name":"Omega Aerial Refueling Services Flight 70","op":"Omega Aerial Refueling Services","deaths":0,"year":2011}},{"type":"Feature","geometry":{"type":"Point","coordinates":[-2.2223898,43.0654668]},"properties":{"name":"","op":"","deaths":null,"year":1996}},{"type":"Feature","geometry":{"type":"Point","coordinates":[-94.5955,39.1142]},"properties":{"name":"Continental Airlines Flight 12","op":"Continental Airlines","deaths":0,"year":1965}},{"type":"Feature","geometry":{"type":"Point","coordinates":[-104.68701111,39.875]},"properties":{"name":"Continental Airlines Flight 1404","op":"Continental Airlines","deaths":0,"year":2008}},{"type":"Feature","geometry":{"type":"Point","coordinates":[138.074,9.496]},"properties":{"name":"Continental Micronesia Flight 614","op":"","deaths":null,"year":1980}},{"type":"Feature","geometry":{"type":"Point","coordinates":[-110.11472222,48.17777778]},"properties":{"name":"Cornfield Bomber","op":"United States Air Force","deaths":0,"year":1970}},{"type":"Feature","geometry":{"type":"Point","coordinates":[-0.36899,51.87468]},"properties":{"name":"Court Line Flight 95","op":"","deaths":null,"year":1974}},{"type":"Feature","geometry":{"type":"Point","coordinates":[123.814722222,10.451666666]},"properties":{"name":"1957 Cebu Douglas C-47 crash","op":"Philippine Air Force","deaths":null,"year":1957}},{"type":"Feature","geometry":{"type":"Point","coordinates":[-0.068922222,51.622233333]},"properties":{"name":"Edmonton air crash","op":"Royal Air Force","deaths":null,"year":1938}},{"type":"Feature","geometry":{"type":"Point","coordinates":[-89.971861111,35.033305555]},"properties":{"name":"FedEx Express Flight 647","op":"FedEx Express","deaths":0,"year":2003}},{"type":"Feature","geometry":{"type":"Point","coordinates":[-114.606111111,32.656666666]},"properties":{"name":"Southwest Airlines Flight 812","op":"Southwest Airlines","deaths":0,"year":2011}},{"type":"Feature","geometry":{"type":"Point","coordinates":[-74.1742,40.6872]},"properties":{"name":"FedEx Express Flight 14","op":"FedEx Express","deaths":0,"year":1997}},{"type":"Feature","geometry":{"type":"Point","coordinates":[130.4,12.27]},"properties":{"name":"Hawaii Clipper","op":"Pan Am","deaths":null,"year":1938}},{"type":"Feature","geometry":{"type":"Point","coordinates":[-0.44944444,51.47194444]},"properties":{"name":"Hindawi affair","op":"","deaths":null,"year":1986}},{"type":"Feature","geometry":{"type":"Point","coordinates":[-78.490833333,-0.125]},"properties":{"name":"","op":"TAME","deaths":0,"year":2011}},{"type":"Feature","geometry":{"type":"Point","coordinates":[-149.933333333,61.166666666]},"properties":{"name":"Japan Airlines Flight 46E","op":"Japan Airlines","deaths":0,"year":1993}},{"type":"Feature","geometry":{"type":"Point","coordinates":[74.40444444,31.52138889]},"properties":{"name":"Pakistan International Airlines Flight 653","op":"Pakistan International Airlines","deaths":0,"year":2012}},{"type":"Feature","geometry":{"type":"Point","coordinates":[-100.929166666,25.559166666]},"properties":{"name":"USA Jet Airlines Flight 199","op":"","deaths":null,"year":null}},{"type":"Feature","geometry":{"type":"Point","coordinates":[-72.642777777,42.245833333]},"properties":{"name":"Mount Tom B-17 crash","op":"Eastern Air Lines Flight 375","deaths":null,"year":1946}},{"type":"Feature","geometry":{"type":"Point","coordinates":[20.871667,52.573889]},"properties":{"name":"2023 Poland Cessna 208 crash","op":"","deaths":null,"year":2023}},{"type":"Feature","geometry":{"type":"Point","coordinates":[79.758,55.236388888]},"properties":{"name":"Ural Airlines Flight 1383","op":"Ural Airlines","deaths":0,"year":2023}},{"type":"Feature","geometry":{"type":"Point","coordinates":[30.51414444,61.50711389]},"properties":{"name":"","op":"","deaths":null,"year":1930}},{"type":"Feature","geometry":{"type":"Point","coordinates":[6.847,45.841]},"properties":{"name":"accident of the Pilatus PC-6 Porter of Air Alpes (HB-FAZ) at the Goûter dome","op":"Air Alpes","deaths":0,"year":1961}},{"type":"Feature","geometry":{"type":"Point","coordinates":[-64.951923,-14.7832]},"properties":{"name":"Lloyd Aéreo Boliviano Flight 301","op":"","deaths":null,"year":2008}},{"type":"Feature","geometry":{"type":"Point","coordinates":[85.361666666,27.700833333]},"properties":{"name":"2024 Saurya Airlines Bombardier CRJ200 crash","op":"","deaths":null,"year":2024}},{"type":"Feature","geometry":{"type":"Point","coordinates":[-106.663888888,40.536666666]},"properties":{"name":"Rocky Mountain Airways Flight 217","op":"Rocky Mountain Airways","deaths":null,"year":1978}},{"type":"Feature","geometry":{"type":"Point","coordinates":[-74.060277777,40.829444444]},"properties":{"name":"2017 Teterboro Learjet crash","op":"","deaths":null,"year":2017}},{"type":"Feature","geometry":{"type":"Point","coordinates":[128.946666666,35.176666666]},"properties":{"name":"Air Busan Flight 391","op":"Air Busan","deaths":0,"year":2025}},{"type":"Feature","geometry":{"type":"Point","coordinates":[-64.966666666,18.333333333]},"properties":{"name":"Trans Caribbean Airways Flight 505","op":"","deaths":null,"year":1970}},{"type":"Feature","geometry":{"type":"Point","coordinates":[22.20352,61.115752]},"properties":{"name":"2025 Eura mid-air collision","op":"","deaths":null,"year":null}},{"type":"Feature","geometry":{"type":"Point","coordinates":[-148.079444444,64.745277777]},"properties":{"name":"2024 Alaska Air Fuel Douglas C-54 crash","op":"","deaths":null,"year":2024}},{"type":"Feature","geometry":{"type":"Point","coordinates":[-67.165212,-15.703445]},"properties":{"name":"1975 BAF Convair CV-440 crash","op":"Bolivian Air Force","deaths":null,"year":1975}},{"type":"Feature","geometry":{"type":"Point","coordinates":[-73.971388888,40.742222222]},"properties":{"name":"1990 East River helicopter crash","op":"","deaths":null,"year":1990}},{"type":"Feature","geometry":{"type":"Point","coordinates":[2.41,42.478888888]},"properties":{"name":"1963 Air Nautic Vickers Viking crash","op":"","deaths":null,"year":1963}},{"type":"Feature","geometry":{"type":"Point","coordinates":[14.2596667,50.10108]},"properties":{"name":"1977 Praha-Ruzyne Airport collision","op":"Czechoslovak Airlines","deaths":null,"year":1977}},{"type":"Feature","geometry":{"type":"Point","coordinates":[-12.606388888,19.564444444]},"properties":{"name":"","op":"","deaths":null,"year":1952}},{"type":"Feature","geometry":{"type":"Point","coordinates":[-6.257222222,57.586666666]},"properties":{"name":"1945 Beinn Edra air disaster","op":"","deaths":null,"year":1945}},{"type":"Feature","geometry":{"type":"Point","coordinates":[-64.947777777,-32.113333333]},"properties":{"name":"LADE Flight 072","op":"","deaths":null,"year":null}},{"type":"Feature","geometry":{"type":"Point","coordinates":[131.0875,32.8855556]},"properties":{"name":"2026 Kumamoto helicopter crash","op":"","deaths":null,"year":2026}},{"type":"Feature","geometry":{"type":"Point","coordinates":[135.3955055,-3.3741372]},"properties":{"name":"2026 Smart Air PK-SNS emergency landing","op":"","deaths":0,"year":2026}},{"type":"Feature","geometry":{"type":"Point","coordinates":[20.0364003,49.166035]},"properties":{"name":"","op":"","deaths":null,"year":1979}},{"type":"Feature","geometry":{"type":"Point","coordinates":[-105.055,39.929]},"properties":{"name":"United Airlines Flight 328","op":"United Airlines","deaths":0,"year":2021}},{"type":"Feature","geometry":{"type":"Point","coordinates":[57.37194444,66.0]},"properties":{"name":"Utair Flight 595","op":"UTair Aviation","deaths":null,"year":2020}},{"type":"Feature","geometry":{"type":"Point","coordinates":[29.31861111,-3.32388889]},"properties":{"name":"Sabena Flight 877","op":"Sabena","deaths":0,"year":2000}},{"type":"Feature","geometry":{"type":"Point","coordinates":[25.7516,-23.4393]},"properties":{"name":"2021 Xumabee Game Ranch helicopter crash","op":"","deaths":null,"year":2021}},{"type":"Feature","geometry":{"type":"Point","coordinates":[-7.660556,33.556944]},"properties":{"name":"","op":"","deaths":null,"year":1958}},{"type":"Feature","geometry":{"type":"Point","coordinates":[-104.33,39.64]},"properties":{"name":"Key Lime Air Flight 970","op":"Key Lime Air","deaths":0,"year":2021}},{"type":"Feature","geometry":{"type":"Point","coordinates":[-87.831,41.869]},"properties":{"name":"Chicago Helicopter Airways Flight 698","op":"","deaths":null,"year":null}},{"type":"Feature","geometry":{"type":"Point","coordinates":[-3.9862,53.051580555]},"properties":{"name":"1952 Aer Lingus C-47 accident","op":"","deaths":null,"year":1952}},{"type":"Feature","geometry":{"type":"Point","coordinates":[120.285,14.8]},"properties":{"name":"FedEx Express Flight 87","op":"","deaths":null,"year":1999}},{"type":"Feature","geometry":{"type":"Point","coordinates":[121.369161666,24.985549166]},"properties":{"name":"TransAsia Airways Flight 510A","op":"","deaths":null,"year":null}},{"type":"Feature","geometry":{"type":"Point","coordinates":[38.06388889,55.62222222]},"properties":{"name":"1955 Bykovo plane accident","op":"","deaths":null,"year":null}},{"type":"Feature","geometry":{"type":"Point","coordinates":[-84.943611111,32.513055555]},"properties":{"name":"1947 Columbus mid-air collision","op":"","deaths":null,"year":null}},{"type":"Feature","geometry":{"type":"Point","coordinates":[20.545389,51.627278]},"properties":{"name":"","op":"","deaths":null,"year":1982}},{"type":"Feature","geometry":{"type":"Point","coordinates":[22.33,51.231111]},"properties":{"name":"","op":"","deaths":null,"year":null}},{"type":"Feature","geometry":{"type":"Point","coordinates":[151.177222222,-33.946111111]},"properties":{"name":"1994 South Pacific Airmotive DC-3 crash","op":"","deaths":0,"year":1994}},{"type":"Feature","geometry":{"type":"Point","coordinates":[6.116666666,51.2]},"properties":{"name":"1982 Royal Air Force Jaguar shootdown incident","op":"","deaths":null,"year":1982}},{"type":"Feature","geometry":{"type":"Point","coordinates":[-84.208856083,9.994031027]},"properties":{"name":"DHL Aero Expreso Flight 7216","op":"DHL Aero Expreso","deaths":0,"year":2022}},{"type":"Feature","geometry":{"type":"Point","coordinates":[21.033888888,42.586388888]},"properties":{"name":"Turkish Airlines Flight 1019","op":"","deaths":null,"year":2016}},{"type":"Feature","geometry":{"type":"Point","coordinates":[106.665646,29.733706]},"properties":{"name":"Tibet Airlines Flight 9833","op":"Tibet Airlines","deaths":0,"year":2022}},{"type":"Feature","geometry":{"type":"Point","coordinates":[123.966666666,10.295]},"properties":{"name":"Korean Air Flight 631","op":"","deaths":0,"year":2022}},{"type":"Feature","geometry":{"type":"Point","coordinates":[18.031111111,59.321666666]},"properties":{"name":"1993 JAS 39 Gripen crash","op":"","deaths":null,"year":1993}},{"type":"Feature","geometry":{"type":"Point","coordinates":[-13.611961,9.576889]},"properties":{"name":"","op":"","deaths":null,"year":null}},{"type":"Feature","geometry":{"type":"Point","coordinates":[38.020555555,2.313055555]},"properties":{"name":"2006 Kenyan Air Force Harbin Y-12 crash","op":"","deaths":null,"year":2006}},{"type":"Feature","geometry":{"type":"Point","coordinates":[23.311941,52.409149]},"properties":{"name":"","op":"","deaths":null,"year":2009}},{"type":"Feature","geometry":{"type":"Point","coordinates":[27.46527778,53.89916667]},"properties":{"name":"Aeroflot Flight 7502","op":"Aeroflot","deaths":null,"year":1979}},{"type":"Feature","geometry":{"type":"Point","coordinates":[-70.3155,43.635]},"properties":{"name":"Long Creek Air Tragedy Memorial","op":"United States Army Air Forces","deaths":null,"year":1944}},{"type":"Feature","geometry":{"type":"Point","coordinates":[22.970833333,40.519722222]},"properties":{"name":"Malév Flight 262","op":"Malév Hungarian Airlines","deaths":0,"year":2000}},{"type":"Feature","geometry":{"type":"Point","coordinates":[153.10325,-26.65888333]},"properties":{"name":"Maroochy air crash","op":"Royal Australian Air Force","deaths":null,"year":1950}},{"type":"Feature","geometry":{"type":"Point","coordinates":[13.2311,-8.85833]},"properties":{"name":"2003 Angola Boeing 727 disappearance","op":"","deaths":null,"year":2003}},{"type":"Feature","geometry":{"type":"Point","coordinates":[-83.4,30.6333]},"properties":{"name":"Northwest Airlines Flight 5","op":"Northwest Airlines","deaths":0,"year":1990}},{"type":"Feature","geometry":{"type":"Point","coordinates":[-93.29361111,44.90888889]},"properties":{"name":"Northwest Orient Airlines Flight 307","op":"Northwest Airlines","deaths":null,"year":1950}},{"type":"Feature","geometry":{"type":"Point","coordinates":[-114.013,51.1225]},"properties":{"name":"Pacific Western Airlines Flight 501","op":"Pacific Western Airlines","deaths":0,"year":1984}},{"type":"Feature","geometry":{"type":"Point","coordinates":[-140.15,30.025]},"properties":{"name":"Pan Am Flight 6","op":"Pan Am","deaths":0,"year":1956}},{"type":"Feature","geometry":{"type":"Point","coordinates":[-61.768,16.311]},"properties":{"name":"Pan Am Flight 845","op":"Pan Am","deaths":0,"year":1971}},{"type":"Feature","geometry":{"type":"Point","coordinates":[100.617056,13.927333]},"properties":{"name":"Qantas Flight 1","op":"Qantas Airways","deaths":0,"year":1999}},{"type":"Feature","geometry":{"type":"Point","coordinates":[121.022,14.51]},"properties":{"name":"Qantas Flight 30","op":"Qantas Airways","deaths":0,"year":2008}},{"type":"Feature","geometry":{"type":"Point","coordinates":[-118.349,34.1972]},"properties":{"name":"Southwest Airlines Flight 1455","op":"Southwest Airlines","deaths":0,"year":2000}},{"type":"Feature","geometry":{"type":"Point","coordinates":[-81.593055555,38.375833333]},"properties":{"name":"Southwest Airlines Flight 2294","op":"Southwest Airlines","deaths":0,"year":2009}},{"type":"Feature","geometry":{"type":"Point","coordinates":[-1.32,51.64]},"properties":{"name":"Sutton Wick air crash","op":"Royal Air Force","deaths":null,"year":1957}},{"type":"Feature","geometry":{"type":"Point","coordinates":[100.09917,49.66306]},"properties":{"name":"MIAT Mongolian Airlines Flight 557","op":"","deaths":null,"year":1995}},{"type":"Feature","geometry":{"type":"Point","coordinates":[24.51639,55.70056]},"properties":{"name":"","op":"","deaths":null,"year":1990}},{"type":"Feature","geometry":{"type":"Point","coordinates":[94.686111111,54.506944444]},"properties":{"name":"Aeroflot Flight 136","op":"Aeroflot","deaths":null,"year":1954}},{"type":"Feature","geometry":{"type":"Point","coordinates":[125.124173,34.044629]},"properties":{"name":"","op":"","deaths":null,"year":2015}},{"type":"Feature","geometry":{"type":"Point","coordinates":[74.295555555,43.603611111]},"properties":{"name":"Olimp Air Flight 4653","op":"","deaths":null,"year":2015}},{"type":"Feature","geometry":{"type":"Point","coordinates":[10.30527778,42.32557778]},"properties":{"name":"1948 Royal Air Force Avro Lancaster crash","op":"Royal Air Force","deaths":null,"year":1948}},{"type":"Feature","geometry":{"type":"Point","coordinates":[-118.361944444,37.3325]},"properties":{"name":"Sierra Pacific Airlines Flight 802","op":"Sierra Pacific Airlines","deaths":null,"year":1974}},{"type":"Feature","geometry":{"type":"Point","coordinates":[-122.4125,38.15305556]},"properties":{"name":"Bill Graham helicopter crash","op":"","deaths":null,"year":1991}},{"type":"Feature","geometry":{"type":"Point","coordinates":[-74.218083,40.679369]},"properties":{"name":"National Airlines Flight 101","op":"National Airlines","deaths":null,"year":1952}},{"type":"Feature","geometry":{"type":"Point","coordinates":[31.4,30.116666666]},"properties":{"name":"EgyptAir Flight 667","op":"EgyptAir","deaths":0,"year":2011}},{"type":"Feature","geometry":{"type":"Point","coordinates":[-121.949922222,37.623377777]},"properties":{"name":"1956 Niles Canyon Douglas R5D-2 crash","op":"","deaths":null,"year":1956}},{"type":"Feature","geometry":{"type":"Point","coordinates":[-54.633,14.5233]},"properties":{"name":"NOAA Flight 42","op":"","deaths":0,"year":1989}},{"type":"Feature","geometry":{"type":"Point","coordinates":[2.05,51.05]},"properties":{"name":"1921 SNETA Farman Goliath ditching","op":"SNETA","deaths":0,"year":1921}},{"type":"Feature","geometry":{"type":"Point","coordinates":[129.210156,36.373999]},"properties":{"name":"","op":"","deaths":null,"year":2013}},{"type":"Feature","geometry":{"type":"Point","coordinates":[-80.152777777,26.0725]},"properties":{"name":"Dynamic Airways Flight 405","op":"Eastern Airlines, LLC","deaths":0,"year":2015}},{"type":"Feature","geometry":{"type":"Point","coordinates":[72.79305556,40.60888889]},"properties":{"name":"Avia Traffic Company Flight 768","op":"Avia Traffic Company","deaths":0,"year":2015}},{"type":"Feature","geometry":{"type":"Point","coordinates":[-88.16055556,36.06222222]},"properties":{"name":"1963 Camden PA-24 crash","op":"","deaths":null,"year":1963}},{"type":"Feature","geometry":{"type":"Point","coordinates":[-150.004,61.185]},"properties":{"name":"Reeve Aleutian Airways Flight 8","op":"","deaths":0,"year":1983}},{"type":"Feature","geometry":{"type":"Point","coordinates":[-70.6333,47.2]},"properties":{"name":"1949 Sault-au-Cochon air tragedy","op":"Canadian Pacific Air Lines","deaths":null,"year":1949}},{"type":"Feature","geometry":{"type":"Point","coordinates":[13.341111111,42.136055555]},"properties":{"name":"mount Velino aircraft crash","op":"","deaths":null,"year":1962}},{"type":"Feature","geometry":{"type":"Point","coordinates":[-0.39743889,51.55965556]},"properties":{"name":"1946 Railway Air Services Dakota crash","op":"Railway Air Services","deaths":null,"year":1946}},{"type":"Feature","geometry":{"type":"Point","coordinates":[106.65194444,10.81888889]},"properties":{"name":"Pan Am Flight 841","op":"Pan Am","deaths":null,"year":1972}},{"type":"Feature","geometry":{"type":"Point","coordinates":[106.892230555,-6.266116666]},"properties":{"name":"Batik Air Flight 7703","op":"Batik Air","deaths":0,"year":2016}},{"type":"Feature","geometry":{"type":"Point","coordinates":[30.18333333,-25.08333333]},"properties":{"name":"2011 South Africa P.166 Albatross double CFIT","op":"","deaths":null,"year":2011}},{"type":"Feature","geometry":{"type":"Point","coordinates":[-19.364722222,63.459166666]},"properties":{"name":"accident of a Douglas DC-3 at Sólheimasandur","op":"United States Navy","deaths":null,"year":1973}},{"type":"Feature","geometry":{"type":"Point","coordinates":[138.94638889,-4.03833333]},"properties":{"name":"2009 Aviastar British Aerospace BAe 146 crash","op":"","deaths":null,"year":2009}},{"type":"Feature","geometry":{"type":"Point","coordinates":[23.5734,-6.1334]},"properties":{"name":"2015 Services Air Airbus A310 crash","op":"","deaths":0,"year":2015}},{"type":"Feature","geometry":{"type":"Point","coordinates":[18.0986,52.7766]},"properties":{"name":"","op":"","deaths":null,"year":1969}},{"type":"Feature","geometry":{"type":"Point","coordinates":[-0.46134,51.478443]},"properties":{"name":"1948 Heathrow Disaster","op":"","deaths":null,"year":1948}},{"type":"Feature","geometry":{"type":"Point","coordinates":[-93.401,37.257]},"properties":{"name":"American Airlines Flight 711","op":"American Airlines","deaths":null,"year":1955}},{"type":"Feature","geometry":{"type":"Point","coordinates":[-79.198,33.818]},"properties":{"name":"1950 Myrtle Beach USAF C-46D crash","op":"","deaths":null,"year":1950}},{"type":"Feature","geometry":{"type":"Point","coordinates":[25.883333,47.55]},"properties":{"name":"","op":"","deaths":null,"year":1938}},{"type":"Feature","geometry":{"type":"Point","coordinates":[9.6857,45.6717]},"properties":{"name":"ASL Airlines Hungary Flight 7332","op":"ASL Airlines Hungary","deaths":0,"year":2016}},{"type":"Feature","geometry":{"type":"Point","coordinates":[-80.146388888,26.076944444]},"properties":{"name":"Fedex Express Flight 910","op":"FedEx Express","deaths":0,"year":2016}},{"type":"Feature","geometry":{"type":"Point","coordinates":[-79.6947,39.7869]},"properties":{"name":"TWA Flight 1","op":"Trans World Airlines","deaths":null,"year":1936}},{"type":"Feature","geometry":{"type":"Point","coordinates":[-73.7718,40.6288]},"properties":{"name":"TWA Flight 843","op":"Trans World Airlines","deaths":0,"year":1992}},{"type":"Feature","geometry":{"type":"Point","coordinates":[23.28333333,24.18333333]},"properties":{"name":"Tragedy at Kufra","op":"","deaths":null,"year":1942}},{"type":"Feature","geometry":{"type":"Point","coordinates":[-104.891972222,39.760722222]},"properties":{"name":"United Airlines Flight 696","op":"United Airlines","deaths":0,"year":1978}},{"type":"Feature","geometry":{"type":"Point","coordinates":[-105.882,39.6933]},"properties":{"name":"Wichita State University football team plane crash","op":"Golden Eagle Aviation","deaths":null,"year":1970}},{"type":"Feature","geometry":{"type":"Point","coordinates":[-74.0375,4.68527778]},"properties":{"name":"1938 Santa Ana air show disaster","op":"Colombian Air Force","deaths":null,"year":1938}},{"type":"Feature","geometry":{"type":"Point","coordinates":[-78.490833333,-0.125]},"properties":{"name":"","op":"Iberia","deaths":0,"year":2007}},{"type":"Feature","geometry":{"type":"Point","coordinates":[-78.4789,-0.200278]},"properties":{"name":"","op":"","deaths":null,"year":2009}},{"type":"Feature","geometry":{"type":"Point","coordinates":[51.31361111,35.68916667]},"properties":{"name":"Iran Air Flight 742","op":"","deaths":0,"year":2011}},{"type":"Feature","geometry":{"type":"Point","coordinates":[115.14138889,-8.74916667]},"properties":{"name":"Lion Air Flight 904","op":"Lion Air","deaths":0,"year":2013}},{"type":"Feature","geometry":{"type":"Point","coordinates":[34.3,29.65]},"properties":{"name":"","op":"","deaths":null,"year":2007}},{"type":"Feature","geometry":{"type":"Point","coordinates":[18.3333,52.85]},"properties":{"name":"","op":"","deaths":null,"year":2009}},{"type":"Feature","geometry":{"type":"Point","coordinates":[21.2108,51.3886]},"properties":{"name":"","op":"","deaths":null,"year":2009}},{"type":"Feature","geometry":{"type":"Point","coordinates":[21.7167,53.75]},"properties":{"name":"","op":"","deaths":null,"year":1998}},{"type":"Feature","geometry":{"type":"Point","coordinates":[-86.455,37.7764]},"properties":{"name":"Hardinsburg air collision","op":"","deaths":null,"year":1959}},{"type":"Feature","geometry":{"type":"Point","coordinates":[17.0292,54.4658]},"properties":{"name":"","op":"","deaths":null,"year":1981}},{"type":"Feature","geometry":{"type":"Point","coordinates":[17.911833,43.19375]},"properties":{"name":"","op":"","deaths":null,"year":2004}},{"type":"Feature","geometry":{"type":"Point","coordinates":[18.5092,54.5831]},"properties":{"name":"","op":"","deaths":null,"year":2009}},{"type":"Feature","geometry":{"type":"Point","coordinates":[-81.3447,41.6025]},"properties":{"name":"","op":"","deaths":null,"year":1957}},{"type":"Feature","geometry":{"type":"Point","coordinates":[-74.072222222,4.711111111]},"properties":{"name":"Centurion Air Cargo Flight 164","op":"Kalitta Air","deaths":0,"year":2008}},{"type":"Feature","geometry":{"type":"Point","coordinates":[23.6,-6.15]},"properties":{"name":"2003 Congo air disaster","op":"Ukrainian Cargo Airways","deaths":null,"year":2003}},{"type":"Feature","geometry":{"type":"Point","coordinates":[20.068194,49.560167]},"properties":{"name":"1973 Obidowiec L-200 Morava crash","op":"","deaths":null,"year":1973}},{"type":"Feature","geometry":{"type":"Point","coordinates":[-118.39527778,34.19833333]},"properties":{"name":"Flying Tiger Line Flight 183","op":"Flying Tiger Line","deaths":null,"year":1962}},{"type":"Feature","geometry":{"type":"Point","coordinates":[27.98,7.725]},"properties":{"name":"2017 South Supreme Airlines Antonov An-26 crash","op":"South Supreme Airlines","deaths":0,"year":2017}},{"type":"Feature","geometry":{"type":"Point","coordinates":[-80.988,36.661]},"properties":{"name":"Eastern Air Lines Flight 665","op":"","deaths":null,"year":1947}},{"type":"Feature","geometry":{"type":"Point","coordinates":[115.5,-2.5]},"properties":{"name":"Dirgantara Air Service Flight 5940","op":"Dirgantara Air Service","deaths":null,"year":1996}},{"type":"Feature","geometry":{"type":"Point","coordinates":[-75.4737,-11.7833]},"properties":{"name":"Peruvian Airlines Flight 112","op":"","deaths":0,"year":2017}},{"type":"Feature","geometry":{"type":"Point","coordinates":[-87.188,30.472]},"properties":{"name":"Southwest Airlines Flight 3472","op":"Southwest Airlines","deaths":0,"year":2016}},{"type":"Feature","geometry":{"type":"Point","coordinates":[-74.104833333,41.504166666]},"properties":{"name":"FedEx Flight 1406","op":"FedEx Express","deaths":0,"year":1996}},{"type":"Feature","geometry":{"type":"Point","coordinates":[-8.898694444,52.716072222]},"properties":{"name":"Pan Am Clipper Panama","op":"Pan Am","deaths":null,"year":1959}},{"type":"Feature","geometry":{"type":"Point","coordinates":[-46.817027777,61.739419444]},"properties":{"name":"Air France Flight 66","op":"Air France","deaths":0,"year":2017}},{"type":"Feature","geometry":{"type":"Point","coordinates":[-73.77889,40.63972]},"properties":{"name":"Scandinavian Airlines System Flight 901","op":"","deaths":null,"year":1984}},{"type":"Feature","geometry":{"type":"Point","coordinates":[-4.613,55.516]},"properties":{"name":"1977 British Airtours Boeing 707 crash","op":"British Airtours","deaths":0,"year":1977}},{"type":"Feature","geometry":{"type":"Point","coordinates":[53.20733333,36.44019444]},"properties":{"name":"2001 Faraz Qeshm Airlines Yak-40 crash","op":"","deaths":null,"year":2001}},{"type":"Feature","geometry":{"type":"Point","coordinates":[-71.005,42.363333333]},"properties":{"name":"Iberia Airlines Flight 933","op":"Iberia","deaths":0,"year":1973}},{"type":"Feature","geometry":{"type":"Point","coordinates":[-83.31777778,36.56638889]},"properties":{"name":"1993 Tennessee Fairchild Merlin crash","op":"","deaths":null,"year":1993}},{"type":"Feature","geometry":{"type":"Point","coordinates":[-118.40805556,33.9425]},"properties":{"name":"Delta Air Lines Flight 1080","op":"","deaths":null,"year":1977}},{"type":"Feature","geometry":{"type":"Point","coordinates":[146.95972222,-6.7325]},"properties":{"name":"1948 Guinea Air Traders Lockheed Hudson crash","op":"Guinea Air Traders","deaths":null,"year":1948}},{"type":"Feature","geometry":{"type":"Point","coordinates":[-104.51735,24.137975]},"properties":{"name":"Aeroméxico Connect Flight 2431","op":"Aeroméxico Connect","deaths":0,"year":2018}},{"type":"Feature","geometry":{"type":"Point","coordinates":[83.46138889,67.75527778]},"properties":{"name":"2018 Vankor Field Mil Mi-8 crash","op":"","deaths":null,"year":2018}},{"type":"Feature","geometry":{"type":"Point","coordinates":[121.016416666,14.506583333]},"properties":{"name":"Xiamen Airlines Flight 8667","op":"Xiamen Airlines","deaths":0,"year":2018}},{"type":"Feature","geometry":{"type":"Point","coordinates":[-75.222222222,19.906944444]},"properties":{"name":"American International Airways Flight 808","op":"Kalitta Air","deaths":0,"year":1993}},{"type":"Feature","geometry":{"type":"Point","coordinates":[-73.766666666,40.633333333]},"properties":{"name":"Overseas National Airways Flight 032","op":"","deaths":0,"year":1975}},{"type":"Feature","geometry":{"type":"Point","coordinates":[-74.80659,39.92893]},"properties":{"name":"2017 Medford, New Jersey Schweizer 269C crash","op":"","deaths":null,"year":2017}},{"type":"Feature","geometry":{"type":"Point","coordinates":[-60.81416667,2.69555556]},"properties":{"name":"","op":"","deaths":0,"year":2011}},{"type":"Feature","geometry":{"type":"Point","coordinates":[-81.6703,30.2318]},"properties":{"name":"Miami Air Flight 293","op":"Miami Air International","deaths":null,"year":2019}},{"type":"Feature","geometry":{"type":"Point","coordinates":[145.78027778,-5.21055556]},"properties":{"name":"Air Niugini Flight 2900","op":"","deaths":null,"year":2013}},{"type":"Feature","geometry":{"type":"Point","coordinates":[-46.47306,-23.43556]},"properties":{"name":"VASP Flight 210","op":"VASP","deaths":null,"year":1986}},{"type":"Feature","geometry":{"type":"Point","coordinates":[38.253333333,55.510277777]},"properties":{"name":"Ural Airlines Flight 178","op":"Ural Airlines","deaths":0,"year":2019}},{"type":"Feature","geometry":{"type":"Point","coordinates":[14.2768963,40.910871]},"properties":{"name":"","op":"","deaths":null,"year":1974}},{"type":"Feature","geometry":{"type":"Point","coordinates":[-76.799,41.341]},"properties":{"name":"Allegheny Airlines Flight 604","op":"Allegheny Airlines","deaths":null,"year":1965}},{"type":"Feature","geometry":{"type":"Point","coordinates":[-122.270833333,47.441666666]},"properties":{"name":"Horizon Air Flight 2658","op":"","deaths":null,"year":1988}},{"type":"Feature","geometry":{"type":"Point","coordinates":[9.2834,45.9094]},"properties":{"name":"","op":"","deaths":null,"year":1987}},{"type":"Feature","geometry":{"type":"Point","coordinates":[-98.23,26.011388888]},"properties":{"name":"Aeroméxico Flight 250","op":"Aeroméxico","deaths":0,"year":2000}},{"type":"Feature","geometry":{"type":"Point","coordinates":[-131.711111111,55.354166666]},"properties":{"name":"Alaska Airlines Flight 60","op":"Alaska Airlines","deaths":null,"year":1976}},{"type":"Feature","geometry":{"type":"Point","coordinates":[-78.490833333,-0.125]},"properties":{"name":"Iberia Flight 6463","op":"Iberia","deaths":0,"year":2007}},{"type":"Feature","geometry":{"type":"Point","coordinates":[-3.8656,40.341]},"properties":{"name":"2007 Móstoles Bullring Bell 206 crash","op":"","deaths":0,"year":2005}},{"type":"Feature","geometry":{"type":"Point","coordinates":[84.25,28.166666666]},"properties":{"name":"1975 Royal Nepal Airlines Pilatus PC-6 Porter crash","op":"Royal Nepal Airlines","deaths":null,"year":1975}},{"type":"Feature","geometry":{"type":"Point","coordinates":[-122.433333333,37.666666666]},"properties":{"name":"Japan Airlines Flight 813","op":"Japan Airlines","deaths":0,"year":1965}},{"type":"Feature","geometry":{"type":"Point","coordinates":[17.54095,50.27245]},"properties":{"name":"Miejsce upadku samolotu pod Wróblikiem","op":"Red Army","deaths":null,"year":1945}},{"type":"Feature","geometry":{"type":"Point","coordinates":[82.65027778,55.00194444]},"properties":{"name":"Volga-Dnepr Airlines Flight 4066","op":"Volga-Dnepr Airlines","deaths":null,"year":2020}},{"type":"Feature","geometry":{"type":"Point","coordinates":[121.02,14.492]},"properties":{"name":"Aerolift Philippines Flight 75","op":"Aerolift Philippines","deaths":null,"year":1990}},{"type":"Feature","geometry":{"type":"Point","coordinates":[-81.858333333,41.405]},"properties":{"name":"Ryan International Airlines Flight 590","op":"Ryan International Airlines","deaths":null,"year":1991}},{"type":"Feature","geometry":{"type":"Point","coordinates":[-7.589285,62.10507]},"properties":{"name":"Icelandair Flugfélag Islands Flight Fl 704","op":"Air Iceland","deaths":null,"year":1970}},{"type":"Feature","geometry":{"type":"Point","coordinates":[-2.910561111,43.301111111]},"properties":{"name":"Iberia Airlines Flight 1456","op":"Iberia","deaths":0,"year":2001}},{"type":"Feature","geometry":{"type":"Point","coordinates":[-3.777222222,37.188611111]},"properties":{"name":"Aviaco Flight 231","op":"Aviaco","deaths":0,"year":1992}},{"type":"Feature","geometry":{"type":"Point","coordinates":[69.3092,41.2617]},"properties":{"name":"","op":"","deaths":null,"year":2006}},{"type":"Feature","geometry":{"type":"Point","coordinates":[22.3289,49.2114]},"properties":{"name":"","op":"","deaths":null,"year":1991}},{"type":"Feature","geometry":{"type":"Point","coordinates":[-115.2647,35.9405]},"properties":{"name":"Bonanza Air Lines Flight 114","op":"","deaths":null,"year":1964}},{"type":"Feature","geometry":{"type":"Point","coordinates":[28.092777777,53.864722222]},"properties":{"name":"","op":"","deaths":null,"year":2009}},{"type":"Feature","geometry":{"type":"Point","coordinates":[-82.5786,38.3997]},"properties":{"name":"","op":"","deaths":null,"year":2009}},{"type":"Feature","geometry":{"type":"Point","coordinates":[23.05638889,63.33805556]},"properties":{"name":"","op":"","deaths":null,"year":null}},{"type":"Feature","geometry":{"type":"Point","coordinates":[10.92416667,63.4575]},"properties":{"name":"","op":"Scandinavian Airlines","deaths":0,"year":1987}},{"type":"Feature","geometry":{"type":"Point","coordinates":[-8.626111111,42.230277777]},"properties":{"name":"","op":"Aviaco","deaths":0,"year":1994}},{"type":"Feature","geometry":{"type":"Point","coordinates":[-101.84527778,35.19916667]},"properties":{"name":"JetBlue Airways Flight 191","op":"JetBlue Airways","deaths":0,"year":2012}},{"type":"Feature","geometry":{"type":"Point","coordinates":[119.787833333,-8.719777777]},"properties":{"name":"Merpati Nusantara Airlines Flight 6715","op":"","deaths":null,"year":1995}},{"type":"Feature","geometry":{"type":"Point","coordinates":[83.7273,28.7826]},"properties":{"name":"Nepal Airlines Flight 555","op":"Nepal Airlines","deaths":0,"year":2013}},{"type":"Feature","geometry":{"type":"Point","coordinates":[123.67111111,-10.17138889]},"properties":{"name":"Merpati Nusantara Airlines Flight 6517","op":"Merpati Nusantara Airlines","deaths":0,"year":2013}},{"type":"Feature","geometry":{"type":"Point","coordinates":[-73.878888888,40.774722222]},"properties":{"name":"Southwest Airlines Flight 345","op":"Southwest Airlines","deaths":null,"year":2013}},{"type":"Feature","geometry":{"type":"Point","coordinates":[-77.30054444,37.47765556]},"properties":{"name":"Imperial Airlines Flight 201/8","op":"","deaths":null,"year":1961}},{"type":"Feature","geometry":{"type":"Point","coordinates":[26.01355278,59.25068056]},"properties":{"name":"Moe aviation accident","op":"","deaths":null,"year":1977}},{"type":"Feature","geometry":{"type":"Point","coordinates":[-9.140138888,38.790222222]},"properties":{"name":"1980 Camarate air crash","op":"","deaths":null,"year":1980}},{"type":"Feature","geometry":{"type":"Point","coordinates":[-2.2534,53.3664]},"properties":{"name":"British European Airways Flight 411","op":"British European Airways","deaths":null,"year":1957}},{"type":"Feature","geometry":{"type":"Point","coordinates":[-1.4435,50.6681]},"properties":{"name":"1957 Aquila Airways Solent crash","op":"Aquila Airways","deaths":null,"year":1957}},{"type":"Feature","geometry":{"type":"Point","coordinates":[101.536,3.15348]},"properties":{"name":"Malaysian Airline System Flight 684","op":"Malaysia Airlines","deaths":0,"year":1983}},{"type":"Feature","geometry":{"type":"Point","coordinates":[10.24257222,43.03310833]},"properties":{"name":"","op":"","deaths":null,"year":1960}},{"type":"Feature","geometry":{"type":"Point","coordinates":[121.335,31.196667]},"properties":{"name":"Japan Airlines Flight 792","op":"Japan Airlines","deaths":0,"year":1982}},{"type":"Feature","geometry":{"type":"Point","coordinates":[-116.96558333,32.54400556]},"properties":{"name":"China Airlines Flight 006","op":"China Airlines","deaths":0,"year":1985}},{"type":"Feature","geometry":{"type":"Point","coordinates":[-80.117,26.05]},"properties":{"name":"Flight 19","op":"","deaths":null,"year":1945}},{"type":"Feature","geometry":{"type":"Point","coordinates":[8.1449872,46.6223581]},"properties":{"name":"1946 C-53 Skytrooper crash on the Gauli Glacier","op":"United States Air Force","deaths":0,"year":1946}},{"type":"Feature","geometry":{"type":"Point","coordinates":[-5.33,36.1525]},"properties":{"name":"1943 Gibraltar B-24 crash","op":"Royal Air Force","deaths":null,"year":1943}},{"type":"Feature","geometry":{"type":"Point","coordinates":[131.8,41.2]},"properties":{"name":"1969 EC-121 shootdown incident","op":"","deaths":null,"year":1969}},{"type":"Feature","geometry":{"type":"Point","coordinates":[16.59444444,48.08333333]},"properties":{"name":"Hapag-Lloyd Flight 3378","op":"Hapag-Lloyd Flug","deaths":0,"year":2000}},{"type":"Feature","geometry":{"type":"Point","coordinates":[150.888055555,59.473611111]},"properties":{"name":"Aeroflot Flight 105","op":"Aeroflot","deaths":null,"year":1958}},{"type":"Feature","geometry":{"type":"Point","coordinates":[78.715,10.765666666]},"properties":{"name":"Air India Express Flight 611","op":"","deaths":0,"year":2018}},{"type":"Feature","geometry":{"type":"Point","coordinates":[-79.634432,43.694398]},"properties":{"name":"Delta Air Lines Flight 4819","op":"Delta Air Lines","deaths":0,"year":2025}},{"type":"Feature","geometry":{"type":"Point","coordinates":[-6.520805555,54.129333333]},"properties":{"name":"1988 British Army Lynx shootdown","op":"","deaths":null,"year":1988}},{"type":"Feature","geometry":{"type":"Point","coordinates":[-92.094583333,46.690277777]},"properties":{"name":"2013 Wisconsin skydiving mid-air collision","op":"","deaths":null,"year":2013}},{"type":"Feature","geometry":{"type":"Point","coordinates":[24.956111111,12.053611111]},"properties":{"name":"2025 IBM Airlines Boeing 737 shootdown","op":"","deaths":null,"year":2025}},{"type":"Feature","geometry":{"type":"Point","coordinates":[17.82388,49.61525]},"properties":{"name":"Vrážné Air Battle Memorial","op":"","deaths":null,"year":null}},{"type":"Feature","geometry":{"type":"Point","coordinates":[26.0952,44.566]},"properties":{"name":"TAROM Flight 3107","op":"","deaths":null,"year":2007}},{"type":"Feature","geometry":{"type":"Point","coordinates":[-87.901,41.966]},"properties":{"name":"American Airlines Flight 383","op":"American Airlines","deaths":0,"year":2016}},{"type":"Feature","geometry":{"type":"Point","coordinates":[139.660555555,35.612777777]},"properties":{"name":"Yoshio Kodama residence kamikaze attack","op":"","deaths":null,"year":1976}},{"type":"Feature","geometry":{"type":"Point","coordinates":[16.9833,-4.85]},"properties":{"name":"","op":"","deaths":null,"year":2009}},{"type":"Feature","geometry":{"type":"Point","coordinates":[37.616667,55.75]},"properties":{"name":"","op":"","deaths":null,"year":1935}},{"type":"Feature","geometry":{"type":"Point","coordinates":[-7.05833,54.4133]},"properties":{"name":"1990 British Army Gazelle shootdown","op":"British Army","deaths":0,"year":1990}},{"type":"Feature","geometry":{"type":"Point","coordinates":[126.50056,33.51639]},"properties":{"name":"Korean Air Flight 2033","op":"","deaths":0,"year":1994}},{"type":"Feature","geometry":{"type":"Point","coordinates":[61.48055556,69.77222222]},"properties":{"name":"","op":"","deaths":null,"year":1979}},{"type":"Feature","geometry":{"type":"Point","coordinates":[58.58333333,45.61666667]},"properties":{"name":"1962 Aral Sea Li-2 crash","op":"","deaths":null,"year":1962}},{"type":"Feature","geometry":{"type":"Point","coordinates":[40.72055556,64.6]},"properties":{"name":"Aeroflot Flight 3772","op":"Aeroflot","deaths":null,"year":1966}},{"type":"Feature","geometry":{"type":"Point","coordinates":[40.67027778,64.6025]},"properties":{"name":"","op":"","deaths":null,"year":1973}},{"type":"Feature","geometry":{"type":"Point","coordinates":[129.7666667,62.08333333]},"properties":{"name":"Aeroflot Flight 93","op":"Aeroflot","deaths":null,"year":1990}},{"type":"Feature","geometry":{"type":"Point","coordinates":[129.5472222,62.10833333]},"properties":{"name":"Aeroflot Flight 95","op":"Aeroflot","deaths":null,"year":1990}},{"type":"Feature","geometry":{"type":"Point","coordinates":[42.2875,55.41861111]},"properties":{"name":"","op":"Aeroflot","deaths":0,"year":1958}},{"type":"Feature","geometry":{"type":"Point","coordinates":[15.82083333,50.36916667]},"properties":{"name":"Tu-154M crash","op":"Aeroflot","deaths":0,"year":1990}},{"type":"Feature","geometry":{"type":"Point","coordinates":[10.73227778,46.2375]},"properties":{"name":"","op":"LAI Linee Aeree Italiane","deaths":null,"year":1956}},{"type":"Feature","geometry":{"type":"Point","coordinates":[23.788833,38.243056]},"properties":{"name":"","op":"","deaths":null,"year":1936}},{"type":"Feature","geometry":{"type":"Point","coordinates":[23.207778,50.413611]},"properties":{"name":"","op":"","deaths":null,"year":1936}},{"type":"Feature","geometry":{"type":"Point","coordinates":[17.052,53.879]},"properties":{"name":"","op":"","deaths":null,"year":1985}},{"type":"Feature","geometry":{"type":"Point","coordinates":[17.98388889,59.66444444]},"properties":{"name":"","op":"","deaths":0,"year":1978}},{"type":"Feature","geometry":{"type":"Point","coordinates":[110.78,-7.6675]},"properties":{"name":"Garuda Indonesia Flight 421","op":"Garuda Indonesia","deaths":1,"year":2002}},{"type":"Feature","geometry":{"type":"Point","coordinates":[30.13305556,-1.96638889]},"properties":{"name":"RwandAir Flight 205","op":"JetLink Express","deaths":1,"year":2009}},{"type":"Feature","geometry":{"type":"Point","coordinates":[111.3611,17.6056]},"properties":{"name":"Hainan Island incident","op":"","deaths":1,"year":2001}},{"type":"Feature","geometry":{"type":"Point","coordinates":[-87.76233333,41.79241667]},"properties":{"name":"Southwest Airlines Flight 1248","op":"Southwest Airlines","deaths":1,"year":2005}},{"type":"Feature","geometry":{"type":"Point","coordinates":[96.79194444,20.725]},"properties":{"name":"Air Bagan Flight 11","op":"Air Bagan","deaths":1,"year":2012}},{"type":"Feature","geometry":{"type":"Point","coordinates":[100.6,13.91]},"properties":{"name":"Thai Airways International Flight 114","op":"Thai Airways","deaths":1,"year":2001}},{"type":"Feature","geometry":{"type":"Point","coordinates":[-69.281944444,76.527777777]},"properties":{"name":"1968 Thule Air Base B-52 crash","op":"380th Air Expeditionary Wing","deaths":1,"year":1968}},{"type":"Feature","geometry":{"type":"Point","coordinates":[3.3115,50.759388888]},"properties":{"name":"1989 Belgium MiG-23 crash","op":"","deaths":1,"year":1989}},{"type":"Feature","geometry":{"type":"Point","coordinates":[2.755722222,41.899058333]},"properties":{"name":"Britannia Airways Flight 226A","op":"Britannia Airways","deaths":1,"year":1999}},{"type":"Feature","geometry":{"type":"Point","coordinates":[-83.272777777,42.101944444]},"properties":{"name":"Trans-Canada Air Lines Flight 304","op":"Trans-Canada Air Lines","deaths":1,"year":1956}},{"type":"Feature","geometry":{"type":"Point","coordinates":[60.8025,56.74472222]},"properties":{"name":"","op":"Aeroflot","deaths":1,"year":1960}},{"type":"Feature","geometry":{"type":"Point","coordinates":[30.68527778,46.40611111]},"properties":{"name":"","op":"","deaths":1,"year":1961}},{"type":"Feature","geometry":{"type":"Point","coordinates":[44.35082222,48.78171389]},"properties":{"name":"Aeroflot Flight 3153","op":"Aeroflot","deaths":1,"year":1968}},{"type":"Feature","geometry":{"type":"Point","coordinates":[39.34805556,48.56666667]},"properties":{"name":"","op":"","deaths":1,"year":1972}},{"type":"Feature","geometry":{"type":"Point","coordinates":[-82.45928,27.947]},"properties":{"name":"2002 Tampa Plane Crash","op":"","deaths":1,"year":2002}},{"type":"Feature","geometry":{"type":"Point","coordinates":[-0.127361,51.4825]},"properties":{"name":"2013 Vauxhall helicopter crash","op":"","deaths":1,"year":2013}},{"type":"Feature","geometry":{"type":"Point","coordinates":[25.922,-24.557]},"properties":{"name":"1999 Air Botswana incident","op":"Air Botswana","deaths":1,"year":1999}},{"type":"Feature","geometry":{"type":"Point","coordinates":[-80.7719,32.4497]},"properties":{"name":"Blue Angels airshow crash","op":"","deaths":1,"year":2007}},{"type":"Feature","geometry":{"type":"Point","coordinates":[24.983333333,-8.716666666]},"properties":{"name":"2007 Free Airlines L-410 crash","op":"Free Airlines","deaths":1,"year":2007}},{"type":"Feature","geometry":{"type":"Point","coordinates":[-70.2419,41.6904]},"properties":{"name":"Air New England Flight 248","op":"Air New England","deaths":1,"year":1979}},{"type":"Feature","geometry":{"type":"Point","coordinates":[-84.64666667,39.00888889]},"properties":{"name":"Air Tahoma Flight 185","op":"Air Tahoma","deaths":1,"year":2004}},{"type":"Feature","geometry":{"type":"Point","coordinates":[0.428056,51.2711]},"properties":{"name":"East Malling air disaster","op":"Air Union","deaths":1,"year":1923}},{"type":"Feature","geometry":{"type":"Point","coordinates":[38.75,9.016666666]},"properties":{"name":"Ethiopian Air Lines Flight 372","op":"Ethiopian Airlines","deaths":1,"year":1960}},{"type":"Feature","geometry":{"type":"Point","coordinates":[-117.9683,35.3088]},"properties":{"name":"2014 Virgin Galactic crash","op":"Virgin Galactic","deaths":1,"year":2014}},{"type":"Feature","geometry":{"type":"Point","coordinates":[-79.965744444,34.230455555]},"properties":{"name":"Eastern Air Lines Flight 45","op":"Eastern Air Lines","deaths":1,"year":1945}},{"type":"Feature","geometry":{"type":"Point","coordinates":[15.0233267,50.9528081]},"properties":{"name":"Shooting down of the City of Savannah bomber on March 5, 1945","op":"563d Bombardment Squadron","deaths":1,"year":1945}},{"type":"Feature","geometry":{"type":"Point","coordinates":[42.36,37.11]},"properties":{"name":"2015 Russian Sukhoi Su-24 shootdown","op":"Russian Air Force","deaths":1,"year":2015}},{"type":"Feature","geometry":{"type":"Point","coordinates":[131.241666666,25.845833333]},"properties":{"name":"Philippine Airlines Flight 434","op":"Philippine Airlines","deaths":1,"year":1994}},{"type":"Feature","geometry":{"type":"Point","coordinates":[-122.634166666,47.157222222]},"properties":{"name":"2018 Horizon Air Q400 incident","op":"Horizon Air","deaths":1,"year":2018}},{"type":"Feature","geometry":{"type":"Point","coordinates":[-68.54705556,12.24193333]},"properties":{"name":"Divi Divi Air Flight 014","op":"Divi Divi Air","deaths":1,"year":2009}},{"type":"Feature","geometry":{"type":"Point","coordinates":[-101.266,55.7492]},"properties":{"name":"Missinippi Airways Cessna 208 crash","op":"","deaths":1,"year":2011}},{"type":"Feature","geometry":{"type":"Point","coordinates":[18.517222222,54.579722222]},"properties":{"name":"","op":"","deaths":1,"year":2024}},{"type":"Feature","geometry":{"type":"Point","coordinates":[-95.898,36.267]},"properties":{"name":"American Airlines Flight 327","op":"Western Airlines","deaths":1,"year":1957}},{"type":"Feature","geometry":{"type":"Point","coordinates":[25.302361111,54.658138888]},"properties":{"name":"Swiftair Flight 5960","op":"Swiftair","deaths":1,"year":2024}},{"type":"Feature","geometry":{"type":"Point","coordinates":[2.540833333,49.021944444]},"properties":{"name":"2000 Charles de Gaulle runway collision","op":"","deaths":1,"year":2000}},{"type":"Feature","geometry":{"type":"Point","coordinates":[-4.000732,40.937555]},"properties":{"name":"La Atalaya plane crash","op":"private","deaths":1,"year":2025}},{"type":"Feature","geometry":{"type":"Point","coordinates":[115.8786111,3.8980556]},"properties":{"name":"2026 Pelita Air crash in Nunukan","op":"Pelita Air Service","deaths":1,"year":2026}},{"type":"Feature","geometry":{"type":"Point","coordinates":[126.790555555,37.558055555]},"properties":{"name":"Korean Air Flight 175","op":"","deaths":1,"year":1989}},{"type":"Feature","geometry":{"type":"Point","coordinates":[7.79122331,46.832703116]},"properties":{"name":"1942 Schallenberg Bf 109E crash","op":"Swiss Armed Forces","deaths":1,"year":1942}},{"type":"Feature","geometry":{"type":"Point","coordinates":[35.226944444,37.016111111]},"properties":{"name":"1972 Turkish Airlines Adana crash","op":"","deaths":1,"year":1972}},{"type":"Feature","geometry":{"type":"Point","coordinates":[-106.595,35.044]},"properties":{"name":"National Airlines Flight 27","op":"National Airlines","deaths":1,"year":1973}},{"type":"Feature","geometry":{"type":"Point","coordinates":[-96.74444444,43.58194444]},"properties":{"name":"Ozark Air Lines Flight 650","op":"","deaths":1,"year":1983}},{"type":"Feature","geometry":{"type":"Point","coordinates":[160.5728,23.5095]},"properties":{"name":"Pan Am Flight 830","op":"Pan Am","deaths":1,"year":1982}},{"type":"Feature","geometry":{"type":"Point","coordinates":[12.60944444,44.01944444]},"properties":{"name":"","op":"Condor Flugdienst","deaths":1,"year":1960}},{"type":"Feature","geometry":{"type":"Point","coordinates":[45.285083,2.235667]},"properties":{"name":"Daallo Airlines Flight 3159","op":"Daallo Airlines","deaths":1,"year":2016}},{"type":"Feature","geometry":{"type":"Point","coordinates":[55.36444444,25.25277778]},"properties":{"name":"Emirates Flight 521","op":"Emirates","deaths":1,"year":2016}},{"type":"Feature","geometry":{"type":"Point","coordinates":[-84.6667,39.05]},"properties":{"name":"TWA Flight 159","op":"Trans World Airlines","deaths":1,"year":1967}},{"type":"Feature","geometry":{"type":"Point","coordinates":[13.23614,52.513492]},"properties":{"name":"2013 Berlin helicopter crash","op":"Federal Police of Germany","deaths":1,"year":2013}},{"type":"Feature","geometry":{"type":"Point","coordinates":[-117.601,35.4196]},"properties":{"name":"X-15 Flight 3-65-97","op":"","deaths":1,"year":1967}},{"type":"Feature","geometry":{"type":"Point","coordinates":[-107.2018,59.3368]},"properties":{"name":"West Wind Aviation Flight 280","op":"West Wind Aviation","deaths":1,"year":2017}},{"type":"Feature","geometry":{"type":"Point","coordinates":[8.339944444,49.922888888]},"properties":{"name":"","op":"","deaths":1,"year":1988}},{"type":"Feature","geometry":{"type":"Point","coordinates":[-70.404527777,19.761583333]},"properties":{"name":"Varig Flight 850","op":"Varig","deaths":1,"year":1957}},{"type":"Feature","geometry":{"type":"Point","coordinates":[26.16865,62.350416666]},"properties":{"name":"Laukaa  aviation accident","op":"","deaths":1,"year":2017}},{"type":"Feature","geometry":{"type":"Point","coordinates":[151.836072,7.453486]},"properties":{"name":"Air Niugini Flight 73","op":"Air Niugini","deaths":1,"year":2018}},{"type":"Feature","geometry":{"type":"Point","coordinates":[-58.24575,6.506972222]},"properties":{"name":"Fly Jamaica Airways Flight 256","op":"","deaths":1,"year":2018}},{"type":"Feature","geometry":{"type":"Point","coordinates":[-2.71,49.82]},"properties":{"name":"2019 English Channel Piper PA-46 crash","op":"favourite","deaths":1,"year":2019}},{"type":"Feature","geometry":{"type":"Point","coordinates":[21.401305555,51.491416666]},"properties":{"name":"","op":"Polish Air Force","deaths":1,"year":1974}},{"type":"Feature","geometry":{"type":"Point","coordinates":[-73.982181,40.761882]},"properties":{"name":"2019 New York City helicopter crash","op":"","deaths":1,"year":2019}},{"type":"Feature","geometry":{"type":"Point","coordinates":[11.19583333,43.80416667]},"properties":{"name":"Air Littoral Flight 701","op":"Air Littoral","deaths":1,"year":1997}},{"type":"Feature","geometry":{"type":"Point","coordinates":[-0.41833333,43.37972222]},"properties":{"name":"Air France Flight 7775","op":"Régional","deaths":1,"year":2007}},{"type":"Feature","geometry":{"type":"Point","coordinates":[-166.5373,53.894]},"properties":{"name":"PenAir Flight 3296","op":"PenAir","deaths":1,"year":2019}},{"type":"Feature","geometry":{"type":"Point","coordinates":[6.048322222,59.103155555]},"properties":{"name":"","op":"Royal Norwegian Air Force","deaths":1,"year":1953}},{"type":"Feature","geometry":{"type":"Point","coordinates":[-156.28,20.54]},"properties":{"name":"Aloha Airlines Flight 243","op":"Aloha Airlines","deaths":1,"year":1988}},{"type":"Feature","geometry":{"type":"Point","coordinates":[22.32361111,50.10138889]},"properties":{"name":"LOT Flight 703","op":"LOT Polish Airlines","deaths":1,"year":1988}},{"type":"Feature","geometry":{"type":"Point","coordinates":[10.1819,42.7584]},"properties":{"name":"","op":"","deaths":2,"year":1944}},{"type":"Feature","geometry":{"type":"Point","coordinates":[37.89972222,55.42833333]},"properties":{"name":"Dagestan Airlines Flight 372","op":"Dagestan Airlines","deaths":2,"year":2010}},{"type":"Feature","geometry":{"type":"Point","coordinates":[35.509937,35.833476]},"properties":{"name":"2012 Turkish F-4 Phantom shootdown","op":"Turkish Air Force","deaths":2,"year":2012}},{"type":"Feature","geometry":{"type":"Point","coordinates":[-92.14333333,38.54916667]},"properties":{"name":"Pinnacle Airlines Flight 3701","op":"Endeavor Air","deaths":2,"year":2004}},{"type":"Feature","geometry":{"type":"Point","coordinates":[55.36,25.098]},"properties":{"name":"UPS Airlines Flight 6","op":"UPS Airlines","deaths":2,"year":2010}},{"type":"Feature","geometry":{"type":"Point","coordinates":[-73.9522,40.7658]},"properties":{"name":"2006 New York City plane crash","op":"favourite","deaths":2,"year":2006}},{"type":"Feature","geometry":{"type":"Point","coordinates":[33.070555555,66.048333333]},"properties":{"name":"Korean Air Lines Flight 902","op":"","deaths":2,"year":1978}},{"type":"Feature","geometry":{"type":"Point","coordinates":[20.98539444,52.16075833]},"properties":{"name":"Lufthansa Flight 2904","op":"Lufthansa","deaths":2,"year":1993}},{"type":"Feature","geometry":{"type":"Point","coordinates":[124.83333333,33.53333333]},"properties":{"name":"Asiana Airlines Flight 991","op":"Asiana Airlines","deaths":2,"year":2011}},{"type":"Feature","geometry":{"type":"Point","coordinates":[-0.4725,51.348889]},"properties":{"name":"1912 Brooklands Flanders Monoplane crash","op":"","deaths":2,"year":1912}},{"type":"Feature","geometry":{"type":"Point","coordinates":[-90.3451,38.7539]},"properties":{"name":"1966 NASA T-38 crash","op":"","deaths":2,"year":1966}},{"type":"Feature","geometry":{"type":"Point","coordinates":[57.67822222,80.58074167]},"properties":{"name":"1981 Heiss Island Il-14 crash","op":"","deaths":2,"year":1981}},{"type":"Feature","geometry":{"type":"Point","coordinates":[-97.74361111,30.385]},"properties":{"name":"2010 Austin suicide attack","op":"","deaths":2,"year":2010}},{"type":"Feature","geometry":{"type":"Point","coordinates":[-72.0125,43.826]},"properties":{"name":"1996 New Hampshire Learjet crash","op":"","deaths":2,"year":1996}},{"type":"Feature","geometry":{"type":"Point","coordinates":[-81.71083333,12.58361111]},"properties":{"name":"AIRES Flight 8250","op":"LATAM Airlines Colombia","deaths":2,"year":2010}},{"type":"Feature","geometry":{"type":"Point","coordinates":[-79.62555556,43.65972222]},"properties":{"name":"Air Canada Flight 189","op":"Air Canada","deaths":2,"year":1978}},{"type":"Feature","geometry":{"type":"Point","coordinates":[-67.1566,18.2536]},"properties":{"name":"American Eagle Flight 5452","op":"American Eagle","deaths":2,"year":1987}},{"type":"Feature","geometry":{"type":"Point","coordinates":[-86.0949,33.9771]},"properties":{"name":"Atlantic Southeast Airlines Flight 2254","op":"Atlantic Southeast Airlines","deaths":2,"year":1990}},{"type":"Feature","geometry":{"type":"Point","coordinates":[9.719481,4.006081]},"properties":{"name":"Cameroon Airlines Flight 786","op":"Cameroon Airlines","deaths":2,"year":1984}},{"type":"Feature","geometry":{"type":"Point","coordinates":[119.3125,26.00444444]},"properties":{"name":"China Eastern Airlines Flight 5398","op":"China Eastern Airlines","deaths":2,"year":1993}},{"type":"Feature","geometry":{"type":"Point","coordinates":[172.0,30.0]},"properties":{"name":"China Eastern Airlines Flight 583","op":"China Eastern Airlines","deaths":2,"year":1993}},{"type":"Feature","geometry":{"type":"Point","coordinates":[8.4475,51.27861111]},"properties":{"name":"2014 Olsberg mid-air collision","op":"GFD GmbH","deaths":2,"year":2014}},{"type":"Feature","geometry":{"type":"Point","coordinates":[-4.94364167,50.41007778]},"properties":{"name":"1943 RAF Hudson crash","op":"Royal Air Force","deaths":2,"year":1943}},{"type":"Feature","geometry":{"type":"Point","coordinates":[-73.5,35.0]},"properties":{"name":"HMS Richmond helicopter crash","op":"","deaths":2,"year":2002}},{"type":"Feature","geometry":{"type":"Point","coordinates":[140.377777777,35.759722222]},"properties":{"name":"FedEx Express Flight 80","op":"FedEx Express","deaths":2,"year":2009}},{"type":"Feature","geometry":{"type":"Point","coordinates":[-80.01,33.196]},"properties":{"name":"2015 Moncks Corner mid-air collision","op":"","deaths":2,"year":2015}},{"type":"Feature","geometry":{"type":"Point","coordinates":[-105.64491,35.89382]},"properties":{"name":"Crash After Encounter with Instrument Meteorological Conditions During Takeoff from Remote Landing Site New Mexico State Police Agusta S.p.A. A-109E, N606SP","op":"","deaths":2,"year":2009}},{"type":"Feature","geometry":{"type":"Point","coordinates":[-70.25,41.6167]},"properties":{"name":"Colgan Air Flight 9446","op":"Colgan Air","deaths":2,"year":2003}},{"type":"Feature","geometry":{"type":"Point","coordinates":[-87.1903,30.4778]},"properties":{"name":"Delta Air Lines Flight 1288","op":"Delta Air Lines","deaths":2,"year":1996}},{"type":"Feature","geometry":{"type":"Point","coordinates":[11.281,62.404]},"properties":{"name":"Braathens SAFE Flight 253","op":"Braathens","deaths":2,"year":1956}},{"type":"Feature","geometry":{"type":"Point","coordinates":[-58.581116388,-34.447212777]},"properties":{"name":"2024 Bombardier Challenger 300 plane crash","op":"","deaths":2,"year":2024}},{"type":"Feature","geometry":{"type":"Point","coordinates":[-58.581172222,-34.447225]},"properties":{"name":"Runway excursion at San Fernando International Airport in 2024","op":"","deaths":2,"year":2024}},{"type":"Feature","geometry":{"type":"Point","coordinates":[-2.391111111,53.4725]},"properties":{"name":"1996 Barton Aerodrome disaster","op":"","deaths":2,"year":1996}},{"type":"Feature","geometry":{"type":"Point","coordinates":[113.896667,22.327972]},"properties":{"name":"Emirates SkyCargo Flight 9788","op":"Air ACT","deaths":2,"year":2025}},{"type":"Feature","geometry":{"type":"Point","coordinates":[144.8864,-38.2274]},"properties":{"name":"VH-DZJ","op":"","deaths":2,"year":null}},{"type":"Feature","geometry":{"type":"Point","coordinates":[-73.878888888,40.775555555]},"properties":{"name":"Air Canada Express Flight 8646","op":"Jazz Aviation","deaths":2,"year":2026}},{"type":"Feature","geometry":{"type":"Point","coordinates":[0.102777777,49.343333333]},"properties":{"name":"2021 Touques Airbus AS350B helicopter crash","op":"","deaths":2,"year":2021}},{"type":"Feature","geometry":{"type":"Point","coordinates":[22.853333333,58.974194444]},"properties":{"name":"ELK Airways Flight 1007","op":"","deaths":2,"year":2001}},{"type":"Feature","geometry":{"type":"Point","coordinates":[26.065805555,53.124055555]},"properties":{"name":"","op":"Belarusian Air Force and Air Defense Force","deaths":2,"year":2021}},{"type":"Feature","geometry":{"type":"Point","coordinates":[174.36027778,-39.32472222]},"properties":{"name":"Airwork Flight 23","op":"Airwork","deaths":2,"year":2005}},{"type":"Feature","geometry":{"type":"Point","coordinates":[-77.114444444,-12.021944444]},"properties":{"name":"LATAM Perú Flight 2213","op":"LATAM Airlines","deaths":2,"year":2022}},{"type":"Feature","geometry":{"type":"Point","coordinates":[50.55,24.25]},"properties":{"name":"Saudia Flight 162","op":"Saudia","deaths":2,"year":1980}},{"type":"Feature","geometry":{"type":"Point","coordinates":[37.2742,55.5946]},"properties":{"name":"Aeroflot Flight 19","op":"Aeroflot","deaths":2,"year":1973}},{"type":"Feature","geometry":{"type":"Point","coordinates":[-63.1297,18.0337]},"properties":{"name":"Skyway Enterprises Flight 7101","op":"","deaths":2,"year":2014}},{"type":"Feature","geometry":{"type":"Point","coordinates":[116.834944444,6.924111111]},"properties":{"name":"MASwings Flight 3002","op":"MASwings","deaths":2,"year":2013}},{"type":"Feature","geometry":{"type":"Point","coordinates":[16.9,67.716666666]},"properties":{"name":"West Air Sweden Flight 294","op":"West Atlantic Sweden","deaths":2,"year":2016}},{"type":"Feature","geometry":{"type":"Point","coordinates":[5.895,55.486666]},"properties":{"name":"2005 Loganair Islander accident","op":"Loganair","deaths":2,"year":2005}},{"type":"Feature","geometry":{"type":"Point","coordinates":[-74.191,44.421]},"properties":{"name":"CommutAir flight 4821","op":"CommuteAir","deaths":2,"year":1992}},{"type":"Feature","geometry":{"type":"Point","coordinates":[-118.48333333,34.16694444]},"properties":{"name":"1977 Gary Powers helicopter crash","op":"NBC","deaths":2,"year":1977}},{"type":"Feature","geometry":{"type":"Point","coordinates":[-121.533,50.094]},"properties":{"name":"2010 Conair CV-580 crash","op":"Conair Group","deaths":2,"year":2010}},{"type":"Feature","geometry":{"type":"Point","coordinates":[-158.297,59.326]},"properties":{"name":"ACE Air Cargo Flight 51","op":"Alaska Central Express","deaths":2,"year":2013}},{"type":"Feature","geometry":{"type":"Point","coordinates":[-90.3461,38.7414]},"properties":{"name":"1994 St. Louis Airport collision","op":"Trans World Airlines","deaths":2,"year":1994}},{"type":"Feature","geometry":{"type":"Point","coordinates":[-73.885,40.776]},"properties":{"name":"USAir Flight 5050","op":"US Airways","deaths":2,"year":1989}},{"type":"Feature","geometry":{"type":"Point","coordinates":[-70.9897,42.3508]},"properties":{"name":"World Airways Flight 30","op":"World Airways","deaths":2,"year":1982}},{"type":"Feature","geometry":{"type":"Point","coordinates":[23.563055555,12.944444444]},"properties":{"name":"2010 Tarco Airlines Antonov An-24 crash","op":"Tarco Aviation","deaths":2,"year":2010}},{"type":"Feature","geometry":{"type":"Point","coordinates":[39.0265,56.04663889]},"properties":{"name":"death of Yuri Gagarin","op":"","deaths":2,"year":1968}},{"type":"Feature","geometry":{"type":"Point","coordinates":[10.025833333,39.331944444]},"properties":{"name":"","op":"Guardia di Finanza","deaths":2,"year":1994}},{"type":"Feature","geometry":{"type":"Point","coordinates":[139.410833333,35.876944444]},"properties":{"name":"1999 JSDF T-33A crash","op":"Japan Air Self-Defense Force","deaths":2,"year":1999}},{"type":"Feature","geometry":{"type":"Point","coordinates":[127.78208333,26.36890556]},"properties":{"name":"1968 Kadena Air Base B-52 crash","op":"376th Air Expeditionary Wing","deaths":2,"year":1968}},{"type":"Feature","geometry":{"type":"Point","coordinates":[174.791388888,-37.01]},"properties":{"name":"1966 Air New Zealand crash","op":"Air New Zealand","deaths":2,"year":1966}},{"type":"Feature","geometry":{"type":"Point","coordinates":[174.88333333,-36.98333333]},"properties":{"name":"Air New Zealand Flight 4374","op":"Air New Zealand","deaths":2,"year":1979}},{"type":"Feature","geometry":{"type":"Point","coordinates":[86.72646,27.68526]},"properties":{"name":"Summit Air Flight 409","op":"Summit Air","deaths":2,"year":2017}},{"type":"Feature","geometry":{"type":"Point","coordinates":[-46.786984,-23.451989]},"properties":{"name":"2019 São Paulo Bell 206B accident","op":"","deaths":2,"year":2019}},{"type":"Feature","geometry":{"type":"Point","coordinates":[-97.4125,32.910833333]},"properties":{"name":"Evergreen International Airlines Flight 17","op":"Evergreen International Airlines","deaths":2,"year":1989}},{"type":"Feature","geometry":{"type":"Point","coordinates":[7.65555556,45.22527778]},"properties":{"name":"Aeroflot Flight 9981","op":"Aeroflot","deaths":2,"year":1996}},{"type":"Feature","geometry":{"type":"Point","coordinates":[-86.7478,33.5839]},"properties":{"name":"UPS Airlines Flight 1354","op":"UPS Airlines","deaths":2,"year":2013}},{"type":"Feature","geometry":{"type":"Point","coordinates":[22.9842,46.6023]},"properties":{"name":"School of Civil Aviation Flight 111","op":"Școala Superioară de Aviație Civilă","deaths":2,"year":2014}},{"type":"Feature","geometry":{"type":"Point","coordinates":[-73.902247,40.585552]},"properties":{"name":"1940 Floyd Bennett Field midair crash","op":"","deaths":2,"year":1940}},{"type":"Feature","geometry":{"type":"Point","coordinates":[44.8356,39.7308]},"properties":{"name":"2020 Russian Mil Mi-24 shootdown","op":"Russian Air Force","deaths":2,"year":2020}},{"type":"Feature","geometry":{"type":"Point","coordinates":[-90.366666666,38.75]},"properties":{"name":"Ozark Air Lines Flight 965","op":"","deaths":2,"year":1968}},{"type":"Feature","geometry":{"type":"Point","coordinates":[138.693888888,36.001388888]},"properties":{"name":"2024 Nairobi mid-air collision","op":"","deaths":2,"year":2024}},{"type":"Feature","geometry":{"type":"Point","coordinates":[130.46166667,33.56972222]},"properties":{"name":"Garuda Indonesia Flight 865","op":"Garuda Indonesia","deaths":3,"year":1996}},{"type":"Feature","geometry":{"type":"Point","coordinates":[9.20139,45.4847]},"properties":{"name":"2002 Pirelli Tower plane crash","op":"","deaths":3,"year":2002}},{"type":"Feature","geometry":{"type":"Point","coordinates":[-77.858333333,35.493611111]},"properties":{"name":"1961 Goldsboro B-52 Crash","op":"United States Air Force","deaths":3,"year":1961}},{"type":"Feature","geometry":{"type":"Point","coordinates":[29.23944444,-1.68138889]},"properties":{"name":"Hewa Bora Airways Flight 122","op":"","deaths":3,"year":2008}},{"type":"Feature","geometry":{"type":"Point","coordinates":[113.915,22.309]},"properties":{"name":"China Airlines Flight 642","op":"China Airlines","deaths":3,"year":1999}},{"type":"Feature","geometry":{"type":"Point","coordinates":[-74.0944,41.2147]},"properties":{"name":"Northwest Airlines Flight 6231","op":"Northwest Airlines","deaths":3,"year":1974}},{"type":"Feature","geometry":{"type":"Point","coordinates":[7.426111,47.749444]},"properties":{"name":"Air France Flight 296","op":"Air France","deaths":3,"year":1988}},{"type":"Feature","geometry":{"type":"Point","coordinates":[-61.7964,17.1333]},"properties":{"name":"FlyMontserrat Flight 107","op":"FlyMontserrat","deaths":3,"year":2012}},{"type":"Feature","geometry":{"type":"Point","coordinates":[-87.2141,14.0702]},"properties":{"name":"TACA Flight 390","op":"Avianca El Salvador","deaths":3,"year":2008}},{"type":"Feature","geometry":{"type":"Point","coordinates":[1.20694,51.0569]},"properties":{"name":"1954 Swissair Convair CV-240 crash","op":"Swissair","deaths":3,"year":1954}},{"type":"Feature","geometry":{"type":"Point","coordinates":[14.21666667,78.10055556]},"properties":{"name":"helicopter accident at Heerodden","op":"Spark+","deaths":3,"year":2008}},{"type":"Feature","geometry":{"type":"Point","coordinates":[-79.0758,39.5653]},"properties":{"name":"1964 Savage Mountain B-52 crash","op":"","deaths":3,"year":1964}},{"type":"Feature","geometry":{"type":"Point","coordinates":[73.40277778,61.34166667]},"properties":{"name":"Kolavia Flight 348","op":"Metrojet","deaths":3,"year":2011}},{"type":"Feature","geometry":{"type":"Point","coordinates":[4.74984,52.2906]},"properties":{"name":"KLM Cityhopper Flight 433","op":"KLM Cityhopper","deaths":3,"year":1994}},{"type":"Feature","geometry":{"type":"Point","coordinates":[-73.1003,40.7953]},"properties":{"name":"1955 MacArthur Airport United Airlines crash","op":"United Airlines","deaths":3,"year":1955}},{"type":"Feature","geometry":{"type":"Point","coordinates":[139.545,35.56]},"properties":{"name":"1977 Yokohama F-4 crash","op":"VMFP-3","deaths":3,"year":1977}},{"type":"Feature","geometry":{"type":"Point","coordinates":[-4.12944444,53.12527778]},"properties":{"name":"1993 Llyn Padarn helicopter crash","op":"Royal Air Force","deaths":3,"year":1993}},{"type":"Feature","geometry":{"type":"Point","coordinates":[-117.431,34.3422]},"properties":{"name":"2006 Mercy Air Bell 412 crash","op":"","deaths":3,"year":2006}},{"type":"Feature","geometry":{"type":"Point","coordinates":[-78.7136,-0.659444]},"properties":{"name":"2008 Conviasa Boeing 737 crash","op":"Conviasa","deaths":3,"year":2008}},{"type":"Feature","geometry":{"type":"Point","coordinates":[121.026,14.4886]},"properties":{"name":"2011 Manila Beechcraft Queen Air crash","op":"","deaths":3,"year":2011}},{"type":"Feature","geometry":{"type":"Point","coordinates":[9.65583333,45.03777778]},"properties":{"name":"Air Algérie Flight 2208","op":"Air Algérie","deaths":3,"year":2006}},{"type":"Feature","geometry":{"type":"Point","coordinates":[-83.37,42.2117]},"properties":{"name":"United Airlines Flight 2885","op":"United Airlines","deaths":3,"year":1983}},{"type":"Feature","geometry":{"type":"Point","coordinates":[-43.21583333,-22.58277778]},"properties":{"name":"Lufthansa Flight 527","op":"Lufthansa","deaths":3,"year":1979}},{"type":"Feature","geometry":{"type":"Point","coordinates":[10.65373,49.35163]},"properties":{"name":"","op":"Lufthansa","deaths":3,"year":1964}},{"type":"Feature","geometry":{"type":"Point","coordinates":[-149.833333333,61.266666666]},"properties":{"name":"Pan Am Flight 799","op":"Pan Am","deaths":3,"year":1968}},{"type":"Feature","geometry":{"type":"Point","coordinates":[24.94888889,60.17222222]},"properties":{"name":"","op":"","deaths":3,"year":1965}},{"type":"Feature","geometry":{"type":"Point","coordinates":[-1.3702,52.6694]},"properties":{"name":"Dan-Air Flight 240","op":"Dan-Air","deaths":3,"year":1981}},{"type":"Feature","geometry":{"type":"Point","coordinates":[-122.46472222,37.62388889]},"properties":{"name":"Flying Tiger Line Flight 282","op":"","deaths":3,"year":1964}},{"type":"Feature","geometry":{"type":"Point","coordinates":[-85.7333,33.6667]},"properties":{"name":"GP Express Flight 861","op":"GP Express Airlines","deaths":3,"year":1992}},{"type":"Feature","geometry":{"type":"Point","coordinates":[-70.97756,41.29367]},"properties":{"name":"John F. Kennedy Jr. plane crash","op":"","deaths":3,"year":1999}},{"type":"Feature","geometry":{"type":"Point","coordinates":[-72.633333333,2.566666666]},"properties":{"name":"2023 Colombia Cessna 206 crash and rescue operation in the Amazon Rainforest","op":"","deaths":3,"year":2023}},{"type":"Feature","geometry":{"type":"Point","coordinates":[38.55,54.98]},"properties":{"name":"Gazpromavia Flight 9608","op":"","deaths":3,"year":2024}},{"type":"Feature","geometry":{"type":"Point","coordinates":[-87.1175,30.48555556]},"properties":{"name":"National Airlines Flight 193","op":"National Airlines","deaths":3,"year":1978}},{"type":"Feature","geometry":{"type":"Point","coordinates":[13.04111111,52.50055556]},"properties":{"name":"Pan Am Flight 708","op":"Pan Am","deaths":3,"year":1966}},{"type":"Feature","geometry":{"type":"Point","coordinates":[-86.7472,33.5594]},"properties":{"name":"Pennsylvania Central Airlines Flight 105","op":"Capital Airlines","deaths":3,"year":1946}},{"type":"Feature","geometry":{"type":"Point","coordinates":[12.35194444,45.50527778]},"properties":{"name":"","op":"","deaths":3,"year":1993}},{"type":"Feature","geometry":{"type":"Point","coordinates":[139.533244,35.662493]},"properties":{"name":"2015 Chōfu PA-46 crash","op":"","deaths":3,"year":2015}},{"type":"Feature","geometry":{"type":"Point","coordinates":[13.606666666,46.305277777]},"properties":{"name":"","op":"","deaths":3,"year":2016}},{"type":"Feature","geometry":{"type":"Point","coordinates":[121.0911111,23.48722222]},"properties":{"name":"2012 Taiwan BN-2 Islander accident","op":"","deaths":3,"year":2012}},{"type":"Feature","geometry":{"type":"Point","coordinates":[136.924444,35.255]},"properties":{"name":"All Nippon Airways Flight 25 (1960)","op":"All Nippon Airways","deaths":3,"year":1960}},{"type":"Feature","geometry":{"type":"Point","coordinates":[116.858827777,36.551508333]},"properties":{"name":"1931 Jinan air crash","op":"China Airways Federal","deaths":3,"year":1931}},{"type":"Feature","geometry":{"type":"Point","coordinates":[9.49321667,47.49271944]},"properties":{"name":"1994 Lake Constance Cessna 425 crash","op":"","deaths":3,"year":1994}},{"type":"Feature","geometry":{"type":"Point","coordinates":[-121.251111111,38.561111111]},"properties":{"name":"Emery Worldwide Flight 17","op":"Emery Worldwide","deaths":3,"year":2000}},{"type":"Feature","geometry":{"type":"Point","coordinates":[-94.714722222,29.763888888]},"properties":{"name":"Atlas Air Flight 3591","op":"Atlas Air","deaths":3,"year":2019}},{"type":"Feature","geometry":{"type":"Point","coordinates":[29.309166666,40.898333333]},"properties":{"name":"Pegasus Airlines Flight 2193","op":"Pegasus Airlines","deaths":3,"year":2020}},{"type":"Feature","geometry":{"type":"Point","coordinates":[-82.979166666,39.798333333]},"properties":{"name":"Air Tahoma Flight 587","op":"","deaths":3,"year":2008}},{"type":"Feature","geometry":{"type":"Point","coordinates":[-112.26277778,40.82222222]},"properties":{"name":"West Coast Airlines Flight 703","op":"West Coast Airlines","deaths":3,"year":1963}},{"type":"Feature","geometry":{"type":"Point","coordinates":[11.158333333,60.377777777]},"properties":{"name":"British European Airways Flight 530","op":"British European Airways","deaths":3,"year":1946}},{"type":"Feature","geometry":{"type":"Point","coordinates":[-1.5056,43.2205]},"properties":{"name":"","op":"","deaths":3,"year":2010}},{"type":"Feature","geometry":{"type":"Point","coordinates":[121.371,31.1]},"properties":{"name":"Korean Air Cargo Flight 6316","op":"","deaths":3,"year":1999}},{"type":"Feature","geometry":{"type":"Point","coordinates":[-122.364722222,37.613333333]},"properties":{"name":"Asiana Airlines Flight 214","op":"Asiana Airlines","deaths":3,"year":2013}},{"type":"Feature","geometry":{"type":"Point","coordinates":[-111.875,41.0281]},"properties":{"name":"United Airlines Flight 2860","op":"United Airlines","deaths":3,"year":1977}},{"type":"Feature","geometry":{"type":"Point","coordinates":[-118.632222222,34.418611111]},"properties":{"name":"Twilight Zone accident","op":"","deaths":3,"year":1982}},{"type":"Feature","geometry":{"type":"Point","coordinates":[11.676798,48.119455]},"properties":{"name":"","op":"","deaths":3,"year":1987}},{"type":"Feature","geometry":{"type":"Point","coordinates":[77.03347222,43.34727778]},"properties":{"name":"Il-18 Accident","op":"","deaths":3,"year":1966}},{"type":"Feature","geometry":{"type":"Point","coordinates":[45.82694444,-67.67111111]},"properties":{"name":"","op":"","deaths":3,"year":1979}},{"type":"Feature","geometry":{"type":"Point","coordinates":[15.764167,53.433056]},"properties":{"name":"Mi-24 helicopter accident in Drawsko Pomorskie","op":"","deaths":3,"year":2003}},{"type":"Feature","geometry":{"type":"Point","coordinates":[12.2449707,45.4451471]},"properties":{"name":"Argo 16","op":"Italian Air Force","deaths":4,"year":1973}},{"type":"Feature","geometry":{"type":"Point","coordinates":[47.6522,42.8169]},"properties":{"name":"2009 Makhachkala Il-76 collision","op":"Ministry of Internal Affairs of the Russian Federation","deaths":4,"year":2009}},{"type":"Feature","geometry":{"type":"Point","coordinates":[-117.655556,47.615]},"properties":{"name":"1994 Fairchild Air Force Base B-52 crash","op":"United States Air Force","deaths":4,"year":1994}},{"type":"Feature","geometry":{"type":"Point","coordinates":[2.61757851,49.00184392]},"properties":{"name":"Lufthansa CityLine Flight 5634","op":"Lufthansa","deaths":4,"year":1993}},{"type":"Feature","geometry":{"type":"Point","coordinates":[0.21638889,51.85638889]},"properties":{"name":"Korean Air Cargo Flight 8509","op":"","deaths":4,"year":1999}},{"type":"Feature","geometry":{"type":"Point","coordinates":[44.0,40.1]},"properties":{"name":"1981 Armenia mid-air collision","op":"Transporte Aéreo Rioplatense","deaths":4,"year":1981}},{"type":"Feature","geometry":{"type":"Point","coordinates":[35.96926667,57.77661111]},"properties":{"name":"Aeroflot Flight 6709","op":"Aeroflot","deaths":4,"year":1978}},{"type":"Feature","geometry":{"type":"Point","coordinates":[-0.118188,51.3321]},"properties":{"name":"1928 Imperial Airways Vickers Vulcan crash","op":"Imperial Airways","deaths":4,"year":1928}},{"type":"Feature","geometry":{"type":"Point","coordinates":[77.026,28.457]},"properties":{"name":"1958 Dan-Air Avro York crash","op":"Dan-Air","deaths":4,"year":1958}},{"type":"Feature","geometry":{"type":"Point","coordinates":[139.433333333,35.55]},"properties":{"name":"1964 Machida F-8 crash","op":"United States Marine Corps","deaths":4,"year":1964}},{"type":"Feature","geometry":{"type":"Point","coordinates":[-73.57,41.33]},"properties":{"name":"1965 Carmel mid-air collision","op":"Eastern Air Lines","deaths":4,"year":1965}},{"type":"Feature","geometry":{"type":"Point","coordinates":[1.193228,52.702516]},"properties":{"name":"1966 Felthorpe Trident crash","op":"Hawker Siddeley","deaths":4,"year":1966}},{"type":"Feature","geometry":{"type":"Point","coordinates":[96.30916667,61.66944444]},"properties":{"name":"","op":"","deaths":4,"year":1979}},{"type":"Feature","geometry":{"type":"Point","coordinates":[30.55277778,59.96111111]},"properties":{"name":"","op":"","deaths":4,"year":1985}},{"type":"Feature","geometry":{"type":"Point","coordinates":[-78.48806,-0.14111]},"properties":{"name":"Aeroservicios Ecuatorianos Flight 767-103","op":"","deaths":4,"year":1984}},{"type":"Feature","geometry":{"type":"Point","coordinates":[103.99,1.372222222]},"properties":{"name":"Singapore Airlines Flight 117","op":"Singapore Airlines","deaths":4,"year":1991}},{"type":"Feature","geometry":{"type":"Point","coordinates":[28.922653,36.51957]},"properties":{"name":"Air France Flight 152","op":"Air France","deaths":4,"year":1953}},{"type":"Feature","geometry":{"type":"Point","coordinates":[5.339722,59.792778]},"properties":{"name":"Atlantic Airways Flight 670","op":"Atlantic Airways","deaths":4,"year":2006}},{"type":"Feature","geometry":{"type":"Point","coordinates":[1.06998,9.62188]},"properties":{"name":"1974 Togo plane crash","op":"","deaths":4,"year":1974}},{"type":"Feature","geometry":{"type":"Point","coordinates":[-115.68,36.5884]},"properties":{"name":"1982 Thunderbirds Indian Springs Diamond Crash","op":"","deaths":4,"year":1982}},{"type":"Feature","geometry":{"type":"Point","coordinates":[12.95,55.4]},"properties":{"name":"2006 Falsterbo Swedish Coast Guard crash","op":"","deaths":4,"year":2006}},{"type":"Feature","geometry":{"type":"Point","coordinates":[-112.070555555,33.496666666]},"properties":{"name":"2007 Phoenix news helicopter collision","op":"","deaths":4,"year":2007}},{"type":"Feature","geometry":{"type":"Point","coordinates":[-117.198,32.8607]},"properties":{"name":"2008 San Diego F/A-18 crash","op":"United States Marine Corps","deaths":4,"year":2008}},{"type":"Feature","geometry":{"type":"Point","coordinates":[-81.1053,33.937]},"properties":{"name":"2008 South Carolina Learjet 60 crash","op":"","deaths":4,"year":2008}},{"type":"Feature","geometry":{"type":"Point","coordinates":[-149.764,61.2647]},"properties":{"name":"2010 Alaska C-17 crash","op":"","deaths":4,"year":2010}},{"type":"Feature","geometry":{"type":"Point","coordinates":[28.81,-2.313]},"properties":{"name":"2012 Katanga Express Gulfstream IV crash","op":"","deaths":4,"year":2012}},{"type":"Feature","geometry":{"type":"Point","coordinates":[175.800079,-40.333352]},"properties":{"name":"Ansett New Zealand Flight 703","op":"Ansett New Zealand","deaths":4,"year":1995}},{"type":"Feature","geometry":{"type":"Point","coordinates":[-4.499166666,36.675]},"properties":{"name":"Binter Mediterráneo Flight 8261","op":"Binter Mediterraneo","deaths":4,"year":2001}},{"type":"Feature","geometry":{"type":"Point","coordinates":[-118.401666666,33.95]},"properties":{"name":"Continental Airlines Flight 603","op":"Continental Airlines","deaths":4,"year":1978}},{"type":"Feature","geometry":{"type":"Point","coordinates":[45.304722222,2.013611111]},"properties":{"name":"2013 Ethiopian Air Force An-12 crash","op":"Ethiopian Air Force","deaths":4,"year":2013}},{"type":"Feature","geometry":{"type":"Point","coordinates":[9.58049965,50.3789444]},"properties":{"name":"","op":"Lufthansa","deaths":4,"year":1929}},{"type":"Feature","geometry":{"type":"Point","coordinates":[-97.42483333,37.65986667]},"properties":{"name":"2014 Wichita plane crash","op":"Beechcraft","deaths":4,"year":2014}},{"type":"Feature","geometry":{"type":"Point","coordinates":[-0.431,51.474]},"properties":{"name":"1956 London Heathrow Avro Vulcan crash","op":"Royal Air Force","deaths":4,"year":1956}},{"type":"Feature","geometry":{"type":"Point","coordinates":[122.2555556,-17.11666667]},"properties":{"name":"1942 KNILM Douglas DC-3 shootdown","op":"KNILM","deaths":4,"year":1942}},{"type":"Feature","geometry":{"type":"Point","coordinates":[14.67333333,56.46416667]},"properties":{"name":"","op":"","deaths":4,"year":2007}},{"type":"Feature","geometry":{"type":"Point","coordinates":[-97.04896667,32.83020556]},"properties":{"name":"Delta Air Lines Flight 9570","op":"Delta Air Lines","deaths":4,"year":1972}},{"type":"Feature","geometry":{"type":"Point","coordinates":[101.63888889,3.01527778]},"properties":{"name":"Flying Tiger Line Flight 66","op":"Flying Tiger Line","deaths":4,"year":1989}},{"type":"Feature","geometry":{"type":"Point","coordinates":[-2.96578,47.68013]},"properties":{"name":"","op":"","deaths":4,"year":1940}},{"type":"Feature","geometry":{"type":"Point","coordinates":[80.951883888,6.764531944]},"properties":{"name":"2020 SLAF Y-12 Crash","op":"Sri Lanka Air Force","deaths":4,"year":2020}},{"type":"Feature","geometry":{"type":"Point","coordinates":[2.915161111,42.44485]},"properties":{"name":"1986 Alt Empordà planecrash","op":"","deaths":4,"year":1986}},{"type":"Feature","geometry":{"type":"Point","coordinates":[-0.1196,50.8267]},"properties":{"name":"1939 Brighton Audax crash","op":"","deaths":4,"year":1939}},{"type":"Feature","geometry":{"type":"Point","coordinates":[47.555737,55.470331]},"properties":{"name":"1941 crash of TB-7 near Kanash","op":"Kazan Aircraft Production Association","deaths":4,"year":1941}},{"type":"Feature","geometry":{"type":"Point","coordinates":[24.542611111,67.681444444]},"properties":{"name":"Aakenustunturi flight accident","op":"Luftwaffe","deaths":4,"year":1944}},{"type":"Feature","geometry":{"type":"Point","coordinates":[-125.21111111,43.80416667]},"properties":{"name":"Pan Am Flight 845/26","op":"Pan Am","deaths":4,"year":1955}},{"type":"Feature","geometry":{"type":"Point","coordinates":[-66.990583,10.603117]},"properties":{"name":"Latin Carga Convair CV-880 crash","op":"","deaths":4,"year":1980}},{"type":"Feature","geometry":{"type":"Point","coordinates":[20.421202,48.953049]},"properties":{"name":"","op":"","deaths":4,"year":2015}},{"type":"Feature","geometry":{"type":"Point","coordinates":[-75.717056,-12.137722]},"properties":{"name":"2012 Amazon Sky An-26 crash","op":"","deaths":4,"year":2012}},{"type":"Feature","geometry":{"type":"Point","coordinates":[13.51138889,42.85444444]},"properties":{"name":"Ascoli mid air collision","op":"","deaths":4,"year":2014}},{"type":"Feature","geometry":{"type":"Point","coordinates":[33.0043,7.049]},"properties":{"name":"United Nations Flight 544","op":"","deaths":4,"year":2012}},{"type":"Feature","geometry":{"type":"Point","coordinates":[-121.654,42.1208]},"properties":{"name":"West Coast Airlines Flight 720","op":"West Coast Airlines","deaths":4,"year":1967}},{"type":"Feature","geometry":{"type":"Point","coordinates":[37.2675,55.5961]},"properties":{"name":"2014 Vnukovo Airport Falcon 50 crash","op":"","deaths":4,"year":2014}},{"type":"Feature","geometry":{"type":"Point","coordinates":[19.99,49.2789]},"properties":{"name":"","op":"","deaths":4,"year":1994}},{"type":"Feature","geometry":{"type":"Point","coordinates":[137.63638889,-4.12944444]},"properties":{"name":"2016 Alfa Indonesia DHC-4 crash","op":"","deaths":4,"year":2016}},{"type":"Feature","geometry":{"type":"Point","coordinates":[28.370301109,46.291961521]},"properties":{"name":"2016 Haragîș helicopter crash","op":"","deaths":4,"year":2016}},{"type":"Feature","geometry":{"type":"Point","coordinates":[-10.3202,54.0669]},"properties":{"name":"2017 Irish Coast Guard Rescue 116 crash","op":"CHC Helicopter","deaths":4,"year":2017}},{"type":"Feature","geometry":{"type":"Point","coordinates":[82.0765,29.5317]},"properties":{"name":"2001 Fishtail Air Eurocopter AS350 crash","op":"Fishtail Air","deaths":4,"year":2001}},{"type":"Feature","geometry":{"type":"Point","coordinates":[-83.80116667,41.6325]},"properties":{"name":"Air Transport International Flight 805","op":"","deaths":4,"year":1992}},{"type":"Feature","geometry":{"type":"Point","coordinates":[-57.53306,-25.21222]},"properties":{"name":"LAC Colombia Flight 028","op":"LAC Colombia","deaths":4,"year":1996}},{"type":"Feature","geometry":{"type":"Point","coordinates":[8.8246,44.4141]},"properties":{"name":"Alitalia Flight 1553","op":"Minerva Airlines","deaths":4,"year":1999}},{"type":"Feature","geometry":{"type":"Point","coordinates":[-82.358889,23.136667]},"properties":{"name":"Columbus disaster","op":"Aeromarine Airways","deaths":4,"year":1923}},{"type":"Feature","geometry":{"type":"Point","coordinates":[-93.383333333,43.22]},"properties":{"name":"The Day the Music Died","op":"","deaths":4,"year":1959}},{"type":"Feature","geometry":{"type":"Point","coordinates":[13.166535,47.693244]},"properties":{"name":"","op":"Royal Air Force","deaths":4,"year":1945}},{"type":"Feature","geometry":{"type":"Point","coordinates":[-1.3502,59.8833]},"properties":{"name":"2013 CHC Helicopters Eurocopter AS332 crash","op":"CHC Helicopter","deaths":4,"year":2013}},{"type":"Feature","geometry":{"type":"Point","coordinates":[0.175,51.3422]},"properties":{"name":"1934 London, Scottish & Provincial Airways Airspeed Courier crash","op":"London, Scottish & Provincial Airways","deaths":4,"year":1934}},{"type":"Feature","geometry":{"type":"Point","coordinates":[21.003611,52.101111]},"properties":{"name":"","op":"LOT Polish Airlines","deaths":4,"year":1937}},{"type":"Feature","geometry":{"type":"Point","coordinates":[1.54389,52.4778]},"properties":{"name":"Haughey Air AgustaWestland AW139 crash","op":"","deaths":4,"year":2014}},{"type":"Feature","geometry":{"type":"Point","coordinates":[16.2306,46.1725]},"properties":{"name":"1992 European Community Monitor Mission helicopter downing","op":"","deaths":5,"year":1992}},{"type":"Feature","geometry":{"type":"Point","coordinates":[18.5167,67.9]},"properties":{"name":"2012 Norwegian Air Force C-130 crash","op":"Royal Norwegian Air Force","deaths":5,"year":2012}},{"type":"Feature","geometry":{"type":"Point","coordinates":[37.255197,55.583985]},"properties":{"name":"Red Wings Airlines Flight 9268","op":"Red Wings Airlines","deaths":5,"year":2012}},{"type":"Feature","geometry":{"type":"Point","coordinates":[82.87141667,54.97677778]},"properties":{"name":"","op":"","deaths":5,"year":1976}},{"type":"Feature","geometry":{"type":"Point","coordinates":[37.725555555,48.075]},"properties":{"name":"South Airlines Flight 8971","op":"South Airlines","deaths":5,"year":2013}},{"type":"Feature","geometry":{"type":"Point","coordinates":[-128.62,56.0243]},"properties":{"name":"1950 British Columbia B-36 crash","op":"United States Air Force","deaths":5,"year":1950}},{"type":"Feature","geometry":{"type":"Point","coordinates":[64.650156,45.067095]},"properties":{"name":"","op":"","deaths":5,"year":2008}},{"type":"Feature","geometry":{"type":"Point","coordinates":[23.98333333,42.76666667]},"properties":{"name":"","op":"","deaths":5,"year":1962}},{"type":"Feature","geometry":{"type":"Point","coordinates":[35.46888889,48.02138889]},"properties":{"name":"","op":"Aeroflot","deaths":5,"year":1976}},{"type":"Feature","geometry":{"type":"Point","coordinates":[0.0671665,51.3646]},"properties":{"name":"2008 Biggin Hill Cessna Citation crash","op":"","deaths":5,"year":2008}},{"type":"Feature","geometry":{"type":"Point","coordinates":[-158.381,59.3294]},"properties":{"name":"2010 Alaska Turbo Otter crash","op":"GCI","deaths":5,"year":2010}},{"type":"Feature","geometry":{"type":"Point","coordinates":[-1.45289,52.38443]},"properties":{"name":"Air Algérie Flight 702P","op":"Air Algérie","deaths":5,"year":1994}},{"type":"Feature","geometry":{"type":"Point","coordinates":[-67.14833333,18.25555556]},"properties":{"name":"American Eagle Flight 5456","op":"American Eagle","deaths":5,"year":1992}},{"type":"Feature","geometry":{"type":"Point","coordinates":[-82.84716667,39.99216667]},"properties":{"name":"United Express Flight 6291","op":"United Express","deaths":5,"year":1994}},{"type":"Feature","geometry":{"type":"Point","coordinates":[-0.350556,51.4667]},"properties":{"name":"BOAC Flight 712","op":"British Overseas Airways Corporation","deaths":5,"year":1968}},{"type":"Feature","geometry":{"type":"Point","coordinates":[126.815723,35.196319]},"properties":{"name":"","op":"","deaths":5,"year":2014}},{"type":"Feature","geometry":{"type":"Point","coordinates":[1.94694444,49.63333333]},"properties":{"name":"First mid-air collision of airliners","op":"","deaths":5,"year":1922}},{"type":"Feature","geometry":{"type":"Point","coordinates":[133.90166667,-23.80666667]},"properties":{"name":"Connellan air disaster","op":"","deaths":5,"year":1977}},{"type":"Feature","geometry":{"type":"Point","coordinates":[-148.391111111,61.447222222]},"properties":{"name":"2021 Alaska Airbus AS350 B3 helicopter crash","op":"Soloy Helicopters","deaths":5,"year":2021}},{"type":"Feature","geometry":{"type":"Point","coordinates":[139.803611111,35.541666666]},"properties":{"name":"2024 Haneda Airport runway collision","op":"Japan Airlines","deaths":5,"year":2024}},{"type":"Feature","geometry":{"type":"Point","coordinates":[-88.425,42.731944444]},"properties":{"name":"death of Stevie Ray Vaughan","op":"","deaths":5,"year":1990}},{"type":"Feature","geometry":{"type":"Point","coordinates":[-42.1077327,-19.7683299]},"properties":{"name":"2021 Piedade de Caratinga Beechcraft King Air crash","op":"","deaths":5,"year":2021}},{"type":"Feature","geometry":{"type":"Point","coordinates":[-122.37,47.39]},"properties":{"name":"Northwest Orient Airlines Flight 2","op":"Northwest Airlines","deaths":5,"year":1956}},{"type":"Feature","geometry":{"type":"Point","coordinates":[-66.560277777,18.006111111]},"properties":{"name":"Prinair Flight 191","op":"Prinair","deaths":5,"year":1972}},{"type":"Feature","geometry":{"type":"Point","coordinates":[-65.95833333,18.4625]},"properties":{"name":"1972 Puerto Rico DC-7 crash","op":"","deaths":5,"year":1972}},{"type":"Feature","geometry":{"type":"Point","coordinates":[14.491472222,35.844027777]},"properties":{"name":"2016 Malta Fairchild Merlin crash","op":"CAE Aviation","deaths":5,"year":2016}},{"type":"Feature","geometry":{"type":"Point","coordinates":[-75.9914,40.4161]},"properties":{"name":"TWA Flight 513","op":"Trans World Airlines","deaths":5,"year":1946}},{"type":"Feature","geometry":{"type":"Point","coordinates":[-118.459,34.354]},"properties":{"name":"Western Air Express Flight 7","op":"Western Airlines","deaths":5,"year":1937}},{"type":"Feature","geometry":{"type":"Point","coordinates":[12.6667,67.6833]},"properties":{"name":"Widerøe Flight 839","op":"Widerøe","deaths":5,"year":1990}},{"type":"Feature","geometry":{"type":"Point","coordinates":[17.89759722,59.62800278]},"properties":{"name":"1970 Spantax Convair crash","op":"Spantax","deaths":5,"year":1970}},{"type":"Feature","geometry":{"type":"Point","coordinates":[-150.033333333,61.166666666]},"properties":{"name":"Japan Air Lines Cargo Flight 1045","op":"Japan Airlines","deaths":5,"year":1977}},{"type":"Feature","geometry":{"type":"Point","coordinates":[2.5528,48.8478]},"properties":{"name":"Zodiac balloon accident","op":"","deaths":5,"year":1913}},{"type":"Feature","geometry":{"type":"Point","coordinates":[-92.59,39.93]},"properties":{"name":"TWA Flight 6 (1935)","op":"Trans World Airlines","deaths":5,"year":1935}},{"type":"Feature","geometry":{"type":"Point","coordinates":[-104.44,36.873611111]},"properties":{"name":"2018 Sapphire Aviation Bell UH-1H Iroquois crash","op":"","deaths":5,"year":2018}},{"type":"Feature","geometry":{"type":"Point","coordinates":[-73.939444,40.773611]},"properties":{"name":"2018 New York City helicopter crash","op":"","deaths":5,"year":2018}},{"type":"Feature","geometry":{"type":"Point","coordinates":[-98.303456,19.11346]},"properties":{"name":"2018 Puebla helicopter crash","op":"","deaths":5,"year":2018}},{"type":"Feature","geometry":{"type":"Point","coordinates":[17.217111,48.170563]},"properties":{"name":"1977 Bratislava Mi-8 helicopter crash","op":"Letecký oddíl Ministerstva vnitra","deaths":5,"year":1977}},{"type":"Feature","geometry":{"type":"Point","coordinates":[-113.54916667,53.25944444]},"properties":{"name":"Pacific Western Airlines Flight 3801","op":"Pacific Western Airlines","deaths":5,"year":1973}},{"type":"Feature","geometry":{"type":"Point","coordinates":[23.985555555,49.791388888]},"properties":{"name":"Ukraine Air Alliance Flight 4050","op":"Ukraine Air Alliance","deaths":5,"year":2019}},{"type":"Feature","geometry":{"type":"Point","coordinates":[-74.571716666,39.453888888]},"properties":{"name":"TWA Flight 5787","op":"Trans World Airlines","deaths":5,"year":1969}},{"type":"Feature","geometry":{"type":"Point","coordinates":[-122.041111111,37.4]},"properties":{"name":"1973 Sunnyvale mid-air collision","op":"","deaths":5,"year":1973}},{"type":"Feature","geometry":{"type":"Point","coordinates":[85.35,27.68333333]},"properties":{"name":"Lufthansa Cargo Flight 8533","op":"Hinduja Cargo Services","deaths":5,"year":1999}},{"type":"Feature","geometry":{"type":"Point","coordinates":[6.97164,60.407415]},"properties":{"name":"","op":"Airlift AS","deaths":5,"year":2011}},{"type":"Feature","geometry":{"type":"Point","coordinates":[121.223888888,25.076388888]},"properties":{"name":"China Airlines Flight 358","op":"China Airlines","deaths":5,"year":1991}},{"type":"Feature","geometry":{"type":"Point","coordinates":[4.1852432,51.1853722]},"properties":{"name":"","op":"","deaths":5,"year":1987}},{"type":"Feature","geometry":{"type":"Point","coordinates":[-67.566778,6.187333]},"properties":{"name":"Aerosucr Fliht666","op":"Aerosucre","deaths":5,"year":2016}},{"type":"Feature","geometry":{"type":"Point","coordinates":[10.4078,43.6719]},"properties":{"name":"","op":"","deaths":5,"year":2009}},{"type":"Feature","geometry":{"type":"Point","coordinates":[-90.599166666,31.071944444]},"properties":{"name":"1977 Convair CV-300 crash","op":"L&J Company","deaths":6,"year":1977}},{"type":"Feature","geometry":{"type":"Point","coordinates":[30.14,-1.96806]},"properties":{"name":"Sudan Airways Flight 2241","op":"Sudan Airways","deaths":6,"year":2009}},{"type":"Feature","geometry":{"type":"Point","coordinates":[38.7444,50.475]},"properties":{"name":"2011 Antonov An-148 crash","op":"Antonov","deaths":6,"year":2011}},{"type":"Feature","geometry":{"type":"Point","coordinates":[50.155,53.501666666]},"properties":{"name":"UTair Flight 471","op":"UTair Aviation","deaths":6,"year":2007}},{"type":"Feature","geometry":{"type":"Point","coordinates":[15.2667,-4.25]},"properties":{"name":"2012 Aéro-Service Ilyushin Il-76 crash","op":"Air Highnesses","deaths":6,"year":2012}},{"type":"Feature","geometry":{"type":"Point","coordinates":[1.145,50.7819]},"properties":{"name":"1934 Air France Wibault 282T crash","op":"Air France","deaths":6,"year":1934}},{"type":"Feature","geometry":{"type":"Point","coordinates":[-0.4501,51.4734]},"properties":{"name":"BKS Air Transport Flight C.6845","op":"Northeast Airlines","deaths":6,"year":1968}},{"type":"Feature","geometry":{"type":"Point","coordinates":[30.31920556,59.78248333]},"properties":{"name":"Aeroflot Flight 3012","op":"Aeroflot","deaths":6,"year":1970}},{"type":"Feature","geometry":{"type":"Point","coordinates":[-152.454,-26.4558]},"properties":{"name":"2012 Queensland DH.84 Dragon crash","op":"","deaths":6,"year":2012}},{"type":"Feature","geometry":{"type":"Point","coordinates":[36.639404,-1.373503]},"properties":{"name":"2012 Kenya Police helicopter crash","op":"Kenya Police","deaths":6,"year":2012}},{"type":"Feature","geometry":{"type":"Point","coordinates":[28.4,-15.326]},"properties":{"name":"1977 Dan-Air Boeing 707 crash","op":"Dan-Air","deaths":6,"year":1977}},{"type":"Feature","geometry":{"type":"Point","coordinates":[-98.75,45.4167]},"properties":{"name":"1999 South Dakota Learjet crash","op":"Learjet","deaths":6,"year":1999}},{"type":"Feature","geometry":{"type":"Point","coordinates":[144.285,13.7407]},"properties":{"name":"2008 Guam B-52 crash","op":"United States Air Force","deaths":6,"year":2008}},{"type":"Feature","geometry":{"type":"Point","coordinates":[15.15305556,-4.32027778]},"properties":{"name":"2009 Aéro-Frêt Antonov An-12 crash","op":"","deaths":6,"year":2009}},{"type":"Feature","geometry":{"type":"Point","coordinates":[36.67,37.87]},"properties":{"name":"2009 Medair Bell 206 crash","op":"","deaths":6,"year":2009}},{"type":"Feature","geometry":{"type":"Point","coordinates":[14.5269,45.9888]},"properties":{"name":"2012 Ljubljana Marshes hot air balloon crash","op":"","deaths":6,"year":2012}},{"type":"Feature","geometry":{"type":"Point","coordinates":[22.824833333,62.683833333]},"properties":{"name":"Ilmajoki Air Disaster","op":"Wasawings","deaths":6,"year":1988}},{"type":"Feature","geometry":{"type":"Point","coordinates":[174.11361111,52.71222222]},"properties":{"name":"Alaska Airlines Flight 779","op":"Alaska Airlines","deaths":6,"year":1961}},{"type":"Feature","geometry":{"type":"Point","coordinates":[8.90011,58.55744]},"properties":{"name":"1945 Langang shootdown","op":"","deaths":6,"year":1945}},{"type":"Feature","geometry":{"type":"Point","coordinates":[-8.49111111,51.84138889]},"properties":{"name":"Manx2 Flight 7100","op":"Flightline","deaths":6,"year":2011}},{"type":"Feature","geometry":{"type":"Point","coordinates":[-74.026937108,40.729131757]},"properties":{"name":"2025 Hudson River helicopter crash","op":"New York Helicopter Charter Inc","deaths":6,"year":2025}},{"type":"Feature","geometry":{"type":"Point","coordinates":[-66.083333,49.166667]},"properties":{"name":"","op":"Canadian Armed Forces","deaths":6,"year":1998}},{"type":"Feature","geometry":{"type":"Point","coordinates":[-74.7819,10.9811]},"properties":{"name":"","op":"Hellmuth von Krohn","deaths":6,"year":1924}},{"type":"Feature","geometry":{"type":"Point","coordinates":[-48.5525,-10.183055555]},"properties":{"name":"2021 Palmas FR plane crash","op":"","deaths":6,"year":2021}},{"type":"Feature","geometry":{"type":"Point","coordinates":[-96.807194444,19.474444444]},"properties":{"name":"","op":"Mexican Air Force","deaths":6,"year":2021}},{"type":"Feature","geometry":{"type":"Point","coordinates":[0.36,51.36]},"properties":{"name":"Meopham air disaster","op":"","deaths":6,"year":1930}},{"type":"Feature","geometry":{"type":"Point","coordinates":[29.2333,-1.68333]},"properties":{"name":"2013 Compagnie Africaine d'Aviation crash","op":"","deaths":6,"year":2013}},{"type":"Feature","geometry":{"type":"Point","coordinates":[-80.22555556,37.36444444]},"properties":{"name":"1971 Colorado Aviation Aero Commander 680 crash","op":"","deaths":6,"year":1971}},{"type":"Feature","geometry":{"type":"Point","coordinates":[-72.03888889,41.06166667]},"properties":{"name":"American Airlines Flight 1502","op":"American Airlines","deaths":6,"year":1961}},{"type":"Feature","geometry":{"type":"Point","coordinates":[35.35,37.2]},"properties":{"name":"Turkish Airlines flight 5904","op":"Turkish Airlines","deaths":6,"year":1999}},{"type":"Feature","geometry":{"type":"Point","coordinates":[-119.111,46.271]},"properties":{"name":"United Express Flight 2415","op":"United Express","deaths":6,"year":1989}},{"type":"Feature","geometry":{"type":"Point","coordinates":[11.7083,64.4889]},"properties":{"name":"Widerøe Flight 744","op":"Widerøe","deaths":6,"year":1993}},{"type":"Feature","geometry":{"type":"Point","coordinates":[-162.2645,55.1893]},"properties":{"name":"World Airways Flight 802","op":"World Airways","deaths":6,"year":1973}},{"type":"Feature","geometry":{"type":"Point","coordinates":[1.980833333,61.599444444]},"properties":{"name":"1982 Bristow Helicopters Bell 212 crash","op":"","deaths":6,"year":1982}},{"type":"Feature","geometry":{"type":"Point","coordinates":[151.193,-33.59]},"properties":{"name":"2017 Sydney Seaplane crash","op":"","deaths":6,"year":2017}},{"type":"Feature","geometry":{"type":"Point","coordinates":[-0.233333333,51.65]},"properties":{"name":"Graham Hill plane crash","op":"","deaths":6,"year":1975}},{"type":"Feature","geometry":{"type":"Point","coordinates":[23.155,69.918333333]},"properties":{"name":"helicopter accident in Alta, Norway, in 2019","op":"Helitrans","deaths":6,"year":2019}},{"type":"Feature","geometry":{"type":"Point","coordinates":[43.208333,3.211944]},"properties":{"name":"2020 East African Express Airways Brasilia crash","op":"African Express Airways","deaths":6,"year":2020}},{"type":"Feature","geometry":{"type":"Point","coordinates":[-66.012,18.44]},"properties":{"name":"Air Caribbean Flight 309","op":"Air Caribbean","deaths":6,"year":1978}},{"type":"Feature","geometry":{"type":"Point","coordinates":[7.16055556,51.18638889]},"properties":{"name":"1988 Remscheid A-10 crash","op":"United States Air Force","deaths":6,"year":1988}},{"type":"Feature","geometry":{"type":"Point","coordinates":[-131.505,55.42555556]},"properties":{"name":"2019 Alaska mid-air collision","op":"","deaths":6,"year":2019}},{"type":"Feature","geometry":{"type":"Point","coordinates":[-151.016937,60.495555]},"properties":{"name":"2020 Kenai Peninsula mid-air collision","op":"","deaths":6,"year":2020}},{"type":"Feature","geometry":{"type":"Point","coordinates":[-96.8625,32.673611111]},"properties":{"name":"2022 Dallas airshow crash","op":"American Airpower Heritage Museum","deaths":6,"year":2022}},{"type":"Feature","geometry":{"type":"Point","coordinates":[88.0,-66.835]},"properties":{"name":"1986 Antarctica Ilyushin Il-14 crash","op":"","deaths":6,"year":1986}},{"type":"Feature","geometry":{"type":"Point","coordinates":[9.285,39.33833333]},"properties":{"name":"","op":"","deaths":6,"year":2004}},{"type":"Feature","geometry":{"type":"Point","coordinates":[3.1,42.6633]},"properties":{"name":"XL Airways Germany Flight 888T","op":"XL Airways Germany","deaths":7,"year":2008}},{"type":"Feature","geometry":{"type":"Point","coordinates":[1.35833333,43.635]},"properties":{"name":"Airbus Industrie Flight 129","op":"Airbus Commercial Aircraft","deaths":7,"year":1994}},{"type":"Feature","geometry":{"type":"Point","coordinates":[-80.28,28.64]},"properties":{"name":"Space Shuttle Challenger disaster","op":"","deaths":7,"year":1986}},{"type":"Feature","geometry":{"type":"Point","coordinates":[-86.9884,41.5701]},"properties":{"name":"1933 United Airlines Boeing 247 mid-air explosion","op":"United Airlines","deaths":7,"year":1933}},{"type":"Feature","geometry":{"type":"Point","coordinates":[-99.871666666,24.763888888]},"properties":{"name":"2012 Mexico Learjet 25 crash","op":"","deaths":7,"year":2012}},{"type":"Feature","geometry":{"type":"Point","coordinates":[-1.79694444,37.24916667]},"properties":{"name":"1966 Palomares B-52 crash","op":"Strategic Air Command","deaths":7,"year":1966}},{"type":"Feature","geometry":{"type":"Point","coordinates":[77.2272,60.0372]},"properties":{"name":"Angara Airlines Flight 9007","op":"Angara Airlines","deaths":7,"year":2011}},{"type":"Feature","geometry":{"type":"Point","coordinates":[-101.883,33.5667]},"properties":{"name":"Space Shuttle Columbia disaster","op":"","deaths":7,"year":2003}},{"type":"Feature","geometry":{"type":"Point","coordinates":[89.0,49.0]},"properties":{"name":"Altaigate Scandal","op":"","deaths":7,"year":2009}},{"type":"Feature","geometry":{"type":"Point","coordinates":[1.23,51.0269]},"properties":{"name":"1934 Hillman's Airways de Havilland Dragon Rapide crash","op":"Hillman's Airways","deaths":7,"year":1934}},{"type":"Feature","geometry":{"type":"Point","coordinates":[-6.173785,54.628487]},"properties":{"name":"1957 Nutts Corner BEA Viscount crash","op":"British European Airways","deaths":7,"year":1957}},{"type":"Feature","geometry":{"type":"Point","coordinates":[-0.3718,51.5196]},"properties":{"name":"1958 London Vickers Viking accident","op":"","deaths":7,"year":1958}},{"type":"Feature","geometry":{"type":"Point","coordinates":[-2.139,51.123]},"properties":{"name":"1963 BAC One-Eleven test crash","op":"British Aircraft Corporation","deaths":7,"year":1963}},{"type":"Feature","geometry":{"type":"Point","coordinates":[73.416667,61.25]},"properties":{"name":"1971 January 31 Surgut Aeroflot Antonov An-12 crash","op":"Aeroflot","deaths":7,"year":1971}},{"type":"Feature","geometry":{"type":"Point","coordinates":[6.204444444,49.623333333]},"properties":{"name":"Aeroflot Flight 343","op":"Aeroflot","deaths":7,"year":1982}},{"type":"Feature","geometry":{"type":"Point","coordinates":[60.685,56.77444444]},"properties":{"name":"Aeroflot Flight 68","op":"Aeroflot","deaths":7,"year":1961}},{"type":"Feature","geometry":{"type":"Point","coordinates":[105.7266667,56.85555556]},"properties":{"name":"1976 Aeroflot Yakovlev Yak-40 crash","op":"Aeroflot","deaths":7,"year":1976}},{"type":"Feature","geometry":{"type":"Point","coordinates":[-68.9681,45.9597]},"properties":{"name":"TWA Flight 277","op":"","deaths":7,"year":1944}},{"type":"Feature","geometry":{"type":"Point","coordinates":[106.88858333,-6.25597222]},"properties":{"name":"2012 Indonesian Air Force Fokker F27 crash","op":"Indonesian Air Force","deaths":7,"year":2012}},{"type":"Feature","geometry":{"type":"Point","coordinates":[25.3333,45.5667]},"properties":{"name":"2010 Israeli Air Force CH-53 crash","op":"118 Squadron","deaths":7,"year":2010}},{"type":"Feature","geometry":{"type":"Point","coordinates":[-84.318611111,33.840277777]},"properties":{"name":"1973 DeKalb-Peachtree Airport Learjet 24 crash","op":"","deaths":7,"year":1973}},{"type":"Feature","geometry":{"type":"Point","coordinates":[-80.5738,8.6903]},"properties":{"name":"1981 Panamanian Air Force Twin Otter crash","op":"Panama Defense Forces","deaths":7,"year":1981}},{"type":"Feature","geometry":{"type":"Point","coordinates":[29.922,50.744]},"properties":{"name":"1995 Antonov An-70 prototype crash","op":"Antonov","deaths":7,"year":1995}},{"type":"Feature","geometry":{"type":"Point","coordinates":[114.194,22.3287]},"properties":{"name":"CAAC Flight 301","op":"CAAC Airlines","deaths":7,"year":1988}},{"type":"Feature","geometry":{"type":"Point","coordinates":[127.753874,35.319386]},"properties":{"name":"","op":"","deaths":7,"year":1996}},{"type":"Feature","geometry":{"type":"Point","coordinates":[-46.3269,-23.9597]},"properties":{"name":"2014 Cessna Citation 560 XLS+ crash","op":"","deaths":7,"year":2014}},{"type":"Feature","geometry":{"type":"Point","coordinates":[25.051388888,76.535833333]},"properties":{"name":"","op":"","deaths":7,"year":1978}},{"type":"Feature","geometry":{"type":"Point","coordinates":[18.18333333,49.08333333]},"properties":{"name":"2015 Červený Kameň mid-air collision","op":"","deaths":7,"year":2015}},{"type":"Feature","geometry":{"type":"Point","coordinates":[-12.48,13.53]},"properties":{"name":"2015 Senegal mid-air collision","op":"CEIBA Intercontinental","deaths":7,"year":2015}},{"type":"Feature","geometry":{"type":"Point","coordinates":[0.021,51.319]},"properties":{"name":"1980 Biggin Hill Invader crash","op":"United States Air Force","deaths":7,"year":1980}},{"type":"Feature","geometry":{"type":"Point","coordinates":[-91.30944444,15.42638889]},"properties":{"name":"","op":"MINUGUA","deaths":7,"year":1998}},{"type":"Feature","geometry":{"type":"Point","coordinates":[5.1639,61.1569]},"properties":{"name":"Havørn Accident","op":"","deaths":7,"year":1936}},{"type":"Feature","geometry":{"type":"Point","coordinates":[4.892244,52.366311]},"properties":{"name":"Carlton crash","op":"","deaths":7,"year":1943}},{"type":"Feature","geometry":{"type":"Point","coordinates":[21.014981,56.502321]},"properties":{"name":"","op":"","deaths":7,"year":1954}},{"type":"Feature","geometry":{"type":"Point","coordinates":[-75.0575,40.046388888]},"properties":{"name":"Med Jets Flight 056","op":"Jet Rescue Air Ambulance","deaths":7,"year":2025}},{"type":"Feature","geometry":{"type":"Point","coordinates":[-80.938888888,35.763611111]},"properties":{"name":"2025 North Carolina Cessna Citation II crash","op":"","deaths":7,"year":2025}},{"type":"Feature","geometry":{"type":"Point","coordinates":[15.53045278,41.75621111]},"properties":{"name":"","op":"","deaths":7,"year":2022}},{"type":"Feature","geometry":{"type":"Point","coordinates":[-77.67555556,43.12333333]},"properties":{"name":"Mohawk Airlines Flight 121","op":"Mohawk Airlines","deaths":7,"year":1963}},{"type":"Feature","geometry":{"type":"Point","coordinates":[0.19694444,51.21722222]},"properties":{"name":"Leigh air disaster","op":"Air Union","deaths":7,"year":1926}},{"type":"Feature","geometry":{"type":"Point","coordinates":[170.1,-43.513]},"properties":{"name":"2015 Fox Glacier helicopter crash","op":"","deaths":7,"year":2015}},{"type":"Feature","geometry":{"type":"Point","coordinates":[-61.8167,47.4026]},"properties":{"name":"2016 Aero Teknic MU-2 crash","op":"","deaths":7,"year":2016}},{"type":"Feature","geometry":{"type":"Point","coordinates":[28.620833333,41.026111111]},"properties":{"name":"2017 Istanbul S-76 TV tower collison","op":"","deaths":7,"year":2017}},{"type":"Feature","geometry":{"type":"Point","coordinates":[-1.65,52.466666666]},"properties":{"name":"Maxstoke air crash","op":"Royal Air Force","deaths":7,"year":1918}},{"type":"Feature","geometry":{"type":"Point","coordinates":[-52.25666667,-15.89]},"properties":{"name":"Barra do Garças air disaster","op":"","deaths":7,"year":1980}},{"type":"Feature","geometry":{"type":"Point","coordinates":[-75.2568,40.0017]},"properties":{"name":"1991 Merion mid-air collision","op":"","deaths":7,"year":1991}},{"type":"Feature","geometry":{"type":"Point","coordinates":[44.213022,40.15559]},"properties":{"name":"The disaster of the An-12 near Yerevan (1988)","op":"","deaths":7,"year":1988}},{"type":"Feature","geometry":{"type":"Point","coordinates":[28.233333333,81.233333333]},"properties":{"name":"crash of airship Italia","op":"","deaths":7,"year":1928}},{"type":"Feature","geometry":{"type":"Point","coordinates":[-21.818,64.288]},"properties":{"name":"1975 Kjalarnes helicopter crash","op":"","deaths":7,"year":1975}},{"type":"Feature","geometry":{"type":"Point","coordinates":[69.265,34.94611111]},"properties":{"name":"National Airlines Flight 102","op":"National Airlines","deaths":7,"year":2013}},{"type":"Feature","geometry":{"type":"Point","coordinates":[-63.53197222,44.86219444]},"properties":{"name":"MK Airlines Flight 1602","op":"","deaths":7,"year":2004}},{"type":"Feature","geometry":{"type":"Point","coordinates":[10.66111111,53.37777778]},"properties":{"name":"1953 Avro Lincoln shootdown incident","op":"Royal Air Force","deaths":7,"year":1953}},{"type":"Feature","geometry":{"type":"Point","coordinates":[7.640947,52.136715]},"properties":{"name":"1945 Greven Avro Lancaster Mk.III ME453 shootdown","op":"","deaths":7,"year":1945}},{"type":"Feature","geometry":{"type":"Point","coordinates":[67.106833333,24.894166666]},"properties":{"name":"Sun Way Flight 4412","op":"Sun Way","deaths":8,"year":2010}},{"type":"Feature","geometry":{"type":"Point","coordinates":[18.92,74.46]},"properties":{"name":"Bjørnøya Accident","op":"","deaths":8,"year":1954}},{"type":"Feature","geometry":{"type":"Point","coordinates":[-0.1057,51.347]},"properties":{"name":"1924 Imperial Airways de Havilland DH.34 crash","op":"Imperial Airways","deaths":8,"year":1924}},{"type":"Feature","geometry":{"type":"Point","coordinates":[20.291111111,58.391944444]},"properties":{"name":"Catalina affair","op":"Swedish Air Force","deaths":8,"year":1952}},{"type":"Feature","geometry":{"type":"Point","coordinates":[142.88,46.9]},"properties":{"name":"","op":"","deaths":8,"year":1976}},{"type":"Feature","geometry":{"type":"Point","coordinates":[28.8867,46.9272]},"properties":{"name":"2008 Chișinău Antonov An-32 crash","op":"Kata Air Transport","deaths":8,"year":2008}},{"type":"Feature","geometry":{"type":"Point","coordinates":[12.0,-1.0]},"properties":{"name":"2009 Gabonese Eurocopter AS 532 crash","op":"French Armed Forces","deaths":8,"year":2009}},{"type":"Feature","geometry":{"type":"Point","coordinates":[-70.2871,44.0461]},"properties":{"name":"Bar Harbor Airlines Flight 1808","op":"Bar Harbor Airlines","deaths":8,"year":1985}},{"type":"Feature","geometry":{"type":"Point","coordinates":[-90.370944444,38.807622222]},"properties":{"name":"Chicago and Southern Flight 4","op":"Chicago and Southern Air Lines","deaths":8,"year":1936}},{"type":"Feature","geometry":{"type":"Point","coordinates":[8.55722222,53.51861111]},"properties":{"name":"","op":"Bremerhaven Airline","deaths":8,"year":2001}},{"type":"Feature","geometry":{"type":"Point","coordinates":[7.911111111,54.186388888]},"properties":{"name":"","op":"General Air","deaths":8,"year":1972}},{"type":"Feature","geometry":{"type":"Point","coordinates":[-4.471,55.858]},"properties":{"name":"1999 Glasgow Airport Cessna 404 crash","op":"","deaths":8,"year":1999}},{"type":"Feature","geometry":{"type":"Point","coordinates":[-83.3533,42.2125]},"properties":{"name":"Wayne County Airport runway collision","op":"","deaths":8,"year":1990}},{"type":"Feature","geometry":{"type":"Point","coordinates":[-1.6,6.28]},"properties":{"name":"2025 Ghanaian Air Force Z-9 helicopter crash","op":"Ghana Air Force","deaths":8,"year":2025}},{"type":"Feature","geometry":{"type":"Point","coordinates":[110.376277777,-7.839527777]},"properties":{"name":"Dakota VT-CLA","op":"","deaths":8,"year":1947}},{"type":"Feature","geometry":{"type":"Point","coordinates":[-84.34722222,33.59694444]},"properties":{"name":"Eastern Air Lines Flight 21","op":"Eastern Air Lines","deaths":8,"year":1941}},{"type":"Feature","geometry":{"type":"Point","coordinates":[-66.0645,-11.0165]},"properties":{"name":"Aerocon Flight 25","op":"Aerocon","deaths":8,"year":2013}},{"type":"Feature","geometry":{"type":"Point","coordinates":[24.2,40.966666666]},"properties":{"name":"Meridian Flight 3032","op":"Meridian","deaths":8,"year":2022}},{"type":"Feature","geometry":{"type":"Point","coordinates":[23.427,-19.2]},"properties":{"name":"2011 Moremi Air Cessna 208 crash","op":"","deaths":8,"year":2011}},{"type":"Feature","geometry":{"type":"Point","coordinates":[121.01944444,14.50861111]},"properties":{"name":"Philippine Airlines Flight 143","op":"Philippine Airlines","deaths":8,"year":1990}},{"type":"Feature","geometry":{"type":"Point","coordinates":[42.93333333,11.31666667]},"properties":{"name":"","op":"","deaths":8,"year":1976}},{"type":"Feature","geometry":{"type":"Point","coordinates":[-96.5867,38.2358]},"properties":{"name":"TWA Flight 599","op":"Trans World Airlines","deaths":8,"year":1931}},{"type":"Feature","geometry":{"type":"Point","coordinates":[-93.2748028,44.13055]},"properties":{"name":"East Coast Jets Flight 81","op":"","deaths":8,"year":2008}},{"type":"Feature","geometry":{"type":"Point","coordinates":[77.084,28.555]},"properties":{"name":"1994 Delhi airport collision","op":"JetLite","deaths":8,"year":1994}},{"type":"Feature","geometry":{"type":"Point","coordinates":[-111.883333333,40.75]},"properties":{"name":"1934 United Airlines Utah crash","op":"United Airlines","deaths":8,"year":1934}},{"type":"Feature","geometry":{"type":"Point","coordinates":[-74.061,40.845]},"properties":{"name":"1985 Teterboro collision","op":"","deaths":8,"year":1985}},{"type":"Feature","geometry":{"type":"Point","coordinates":[148.32,-35.88]},"properties":{"name":"1931 Avro Ten Southern Cloud disappearance","op":"Australian National Airways","deaths":8,"year":1931}},{"type":"Feature","geometry":{"type":"Point","coordinates":[36.7875,46.81444444]},"properties":{"name":"Aeroflot Flight 528","op":"Aeroflot","deaths":8,"year":1987}},{"type":"Feature","geometry":{"type":"Point","coordinates":[22.685277777,61.775277777]},"properties":{"name":"2014 Jämijärvi Comp Air 8 crash","op":"","deaths":8,"year":2014}},{"type":"Feature","geometry":{"type":"Point","coordinates":[-85.16121,33.57973]},"properties":{"name":"Atlantic Southeast Airlines Flight 529","op":"Atlantic Southeast Airlines","deaths":9,"year":1995}},{"type":"Feature","geometry":{"type":"Point","coordinates":[4.714,52.3775]},"properties":{"name":"Turkish Airlines Flight 1951","op":"Turkish Airlines","deaths":9,"year":2009}},{"type":"Feature","geometry":{"type":"Point","coordinates":[24.02416667,26.71269444]},"properties":{"name":"Lady Be Good","op":"United States Army Air Forces","deaths":9,"year":1943}},{"type":"Feature","geometry":{"type":"Point","coordinates":[-158.675,20.69]},"properties":{"name":"United Airlines Flight 811","op":"United Airlines","deaths":9,"year":1989}},{"type":"Feature","geometry":{"type":"Point","coordinates":[61.5,55.4]},"properties":{"name":"2008 Chelyabinsk Antonov An-12 crash","op":"Moskovia Airlines","deaths":9,"year":2008}},{"type":"Feature","geometry":{"type":"Point","coordinates":[-119.493,37.5963]},"properties":{"name":"1938 Yosemite TWA crash","op":"Trans World Airlines","deaths":9,"year":1938}},{"type":"Feature","geometry":{"type":"Point","coordinates":[-86.255,39.7311]},"properties":{"name":"1987 Ramada Inn Corsair crash","op":"United States Air Force","deaths":9,"year":1987}},{"type":"Feature","geometry":{"type":"Point","coordinates":[97.533333333,1.1]},"properties":{"name":"2005 Nias Island Sea King crash","op":"Royal Australian Navy","deaths":9,"year":2005}},{"type":"Feature","geometry":{"type":"Point","coordinates":[-118.092,32.961]},"properties":{"name":"2009 California mid-air collision","op":"","deaths":9,"year":2009}},{"type":"Feature","geometry":{"type":"Point","coordinates":[-74.0225,40.742222222]},"properties":{"name":"2009 Hudson River mid-air collision","op":"","deaths":9,"year":2009}},{"type":"Feature","geometry":{"type":"Point","coordinates":[170.015,-43.4608]},"properties":{"name":"2010 Fox Glacier FU-24 crash","op":"","deaths":9,"year":2010}},{"type":"Feature","geometry":{"type":"Point","coordinates":[69.279722222,41.311111111]},"properties":{"name":"Aeroflot Flight 505","op":"Aeroflot","deaths":9,"year":1987}},{"type":"Feature","geometry":{"type":"Point","coordinates":[38.0,35.0]},"properties":{"name":"Buffalo 461","op":"Canadian Armed Forces","deaths":9,"year":1974}},{"type":"Feature","geometry":{"type":"Point","coordinates":[-77.0975,26.50972222]},"properties":{"name":"2001 Marsh Harbour Cessna 402 crash","op":"","deaths":9,"year":2001}},{"type":"Feature","geometry":{"type":"Point","coordinates":[-8.95611,52.7108]},"properties":{"name":"TWA Flight 6963","op":"Trans World Airlines","deaths":9,"year":1946}},{"type":"Feature","geometry":{"type":"Point","coordinates":[25.01833333,59.78361111]},"properties":{"name":"Kaleva","op":"Finnair","deaths":9,"year":1940}},{"type":"Feature","geometry":{"type":"Point","coordinates":[-118.692305555,34.136861111]},"properties":{"name":"2020 Calabasas helicopter crash","op":"","deaths":9,"year":2020}},{"type":"Feature","geometry":{"type":"Point","coordinates":[46.654722222,38.718888888]},"properties":{"name":"2024 Varzaqan helicopter crash","op":"","deaths":9,"year":2024}},{"type":"Feature","geometry":{"type":"Point","coordinates":[-69.983333333,18.5]},"properties":{"name":"2021 Punta Caucedo Gulfstream G-IVSP crash","op":"","deaths":9,"year":2021}},{"type":"Feature","geometry":{"type":"Point","coordinates":[-83.35333333,42.2125]},"properties":{"name":"Northwest Airlink Flight 2268","op":"Northwest Airlink","deaths":9,"year":1987}},{"type":"Feature","geometry":{"type":"Point","coordinates":[-87.0,44.0]},"properties":{"name":"1972 B-52C Lake Michigan crash","op":"United States Air Force","deaths":9,"year":1971}},{"type":"Feature","geometry":{"type":"Point","coordinates":[-107.683333333,37.216666666]},"properties":{"name":"Trans-Colorado Airlines Flight 2286","op":"Trans-Colorado Airlines","deaths":9,"year":1988}},{"type":"Feature","geometry":{"type":"Point","coordinates":[111.25,47.7]},"properties":{"name":"September 13 incident","op":"","deaths":9,"year":1971}},{"type":"Feature","geometry":{"type":"Point","coordinates":[82.19333333,29.27416667]},"properties":{"name":"2006 Yeti Airlines Twin Otter Crash","op":"Yeti Airlines","deaths":9,"year":2006}},{"type":"Feature","geometry":{"type":"Point","coordinates":[-46.59926,-23.43112]},"properties":{"name":"Mamonas Assassinas airplane crash","op":"","deaths":9,"year":1996}},{"type":"Feature","geometry":{"type":"Point","coordinates":[-81.423333333,41.054722222]},"properties":{"name":"Execuflight Flight 1526","op":"","deaths":9,"year":2015}},{"type":"Feature","geometry":{"type":"Point","coordinates":[16.93511,52.4]},"properties":{"name":"Pe-2 aircraft disaster in Poznań","op":"","deaths":9,"year":1952}},{"type":"Feature","geometry":{"type":"Point","coordinates":[37.616667,55.75]},"properties":{"name":"LOT Polish Airlines Flight 232","op":"LOT Polish Airlines","deaths":9,"year":1957}},{"type":"Feature","geometry":{"type":"Point","coordinates":[104.2666667,52.63333333]},"properties":{"name":"2013 Irkutsk Antonov An-12 crash","op":"","deaths":9,"year":2013}},{"type":"Feature","geometry":{"type":"Point","coordinates":[1.043,52.951]},"properties":{"name":"Royal Air Force NS11 crash","op":"","deaths":9,"year":1919}},{"type":"Feature","geometry":{"type":"Point","coordinates":[35.99305556,31.7225]},"properties":{"name":"Aeroflot Flight 512","op":"Aeroflot","deaths":9,"year":1973}},{"type":"Feature","geometry":{"type":"Point","coordinates":[44.04875,33.53158333]},"properties":{"name":"2005 Royal Air Force Hercules shootdown","op":"Royal Air Force","deaths":10,"year":2005}},{"type":"Feature","geometry":{"type":"Point","coordinates":[-110.9385,45.8359]},"properties":{"name":"Northwest Airlines Flight 2","op":"Northwest Airlines","deaths":10,"year":1938}},{"type":"Feature","geometry":{"type":"Point","coordinates":[-122.5,45.5225]},"properties":{"name":"United Airlines Flight 173","op":"United Airlines","deaths":10,"year":1978}},{"type":"Feature","geometry":{"type":"Point","coordinates":[160.319,58.95]},"properties":{"name":"Petropavlovsk-Kamchatsky Air Flight 251 (2012)","op":"Petropavlovsk-Kamchatsky Air Enterprise","deaths":10,"year":2012}},{"type":"Feature","geometry":{"type":"Point","coordinates":[3.334844444,51.078327777]},"properties":{"name":"1933 Imperial Airways Ruysselede crash","op":"Imperial Airways","deaths":10,"year":1933}},{"type":"Feature","geometry":{"type":"Point","coordinates":[149.229,-35.3184]},"properties":{"name":"1940 Canberra air disaster","op":"Royal Australian Air Force","deaths":10,"year":1940}},{"type":"Feature","geometry":{"type":"Point","coordinates":[144.5663,-37.02]},"properties":{"name":"1945 Australian National Airways Stinson crash","op":"Australian National Airways","deaths":10,"year":1945}},{"type":"Feature","geometry":{"type":"Point","coordinates":[-87.9011,41.9692]},"properties":{"name":"1972 Chicago-O'Hare runway collision","op":"","deaths":10,"year":1972}},{"type":"Feature","geometry":{"type":"Point","coordinates":[-80.1922,36.7061]},"properties":{"name":"2004 Hendrick Motorsports aircraft crash","op":"Hendrick Motorsports","deaths":10,"year":2003}},{"type":"Feature","geometry":{"type":"Point","coordinates":[-89.458,39.144]},"properties":{"name":"Air Illinois Flight 710","op":"Air Illinois","deaths":10,"year":1983}},{"type":"Feature","geometry":{"type":"Point","coordinates":[-54.95,-34.967]},"properties":{"name":"","op":"","deaths":10,"year":2015}},{"type":"Feature","geometry":{"type":"Point","coordinates":[110.7,19.2]},"properties":{"name":"1954 Cathay Pacific Douglas DC-4 shootdown","op":"Cathay Pacific","deaths":10,"year":1954}},{"type":"Feature","geometry":{"type":"Point","coordinates":[-112.0,40.655555555]},"properties":{"name":"Skywest Airlines Flight 1834","op":"SkyWest Airlines","deaths":10,"year":1987}},{"type":"Feature","geometry":{"type":"Point","coordinates":[-68.227,-29.018]},"properties":{"name":"Villa Castelli helicopter collision","op":"La Rioja Province","deaths":10,"year":2015}},{"type":"Feature","geometry":{"type":"Point","coordinates":[125.180085708,24.881160595]},"properties":{"name":"2023 Miyakojima helicopter crash","op":"8th Tactical Fighter Squadron","deaths":10,"year":2023}},{"type":"Feature","geometry":{"type":"Point","coordinates":[-50.859873888,-29.367363611]},"properties":{"name":"2024 Gramado Piper PA-42 crash","op":"","deaths":10,"year":2024}},{"type":"Feature","geometry":{"type":"Point","coordinates":[-164.266666666,64.35]},"properties":{"name":"Bering Air Flight 445","op":"Bering Air","deaths":10,"year":2025}},{"type":"Feature","geometry":{"type":"Point","coordinates":[119.715,-4.952222]},"properties":{"name":"2026 Indonesia Air Transport ATR 42 crash","op":"Indonesia Air Transport","deaths":10,"year":2026}},{"type":"Feature","geometry":{"type":"Point","coordinates":[30.0,8.0]},"properties":{"name":"2021 South Supreme Airlines Let L-410 Turbolet crash","op":"South Supreme Airlines","deaths":10,"year":2021}},{"type":"Feature","geometry":{"type":"Point","coordinates":[-122.58502,47.99032]},"properties":{"name":"2022 Mutiny Bay plane crash","op":"","deaths":10,"year":2022}},{"type":"Feature","geometry":{"type":"Point","coordinates":[-104.25,39.74666667]},"properties":{"name":"Oklahoma State University men's basketball team plane crash","op":"","deaths":10,"year":2001}},{"type":"Feature","geometry":{"type":"Point","coordinates":[113.9612,4.204]},"properties":{"name":"Royal Brunei Airlines Flight 238","op":"Royal Brunei Airlines","deaths":10,"year":1997}},{"type":"Feature","geometry":{"type":"Point","coordinates":[-82.13333333,36.43333333]},"properties":{"name":"Southeast Airlines Flight 308","op":"Southeast Airlines","deaths":10,"year":1959}},{"type":"Feature","geometry":{"type":"Point","coordinates":[120.07,-3.431388888]},"properties":{"name":"Aviastar Flight 7503","op":"Aviastar","deaths":10,"year":2015}},{"type":"Feature","geometry":{"type":"Point","coordinates":[77.112222222,28.568611111]},"properties":{"name":"2015 Indian Border Security Force Plane crash","op":"","deaths":10,"year":2015}},{"type":"Feature","geometry":{"type":"Point","coordinates":[101.97722222,54.34666667]},"properties":{"name":"2016 Russian Ministry of Emergency Situations Il-76 crash","op":"Ministry of Emergency Situations of Russia","deaths":10,"year":2016}},{"type":"Feature","geometry":{"type":"Point","coordinates":[-171.708,63.765]},"properties":{"name":"Wien Air Alaska Flight 99","op":"Wien Air Alaska","deaths":10,"year":1975}},{"type":"Feature","geometry":{"type":"Point","coordinates":[-140.240388888,-8.788472222]},"properties":{"name":"Air Tahiti Flight 805","op":"Air Tahiti","deaths":10,"year":1991}},{"type":"Feature","geometry":{"type":"Point","coordinates":[0.68528,39.89806]},"properties":{"name":"Flightline Flight 101","op":"","deaths":10,"year":2001}},{"type":"Feature","geometry":{"type":"Point","coordinates":[-4.25,55.8544]},"properties":{"name":"2013 Glasgow helicopter crash","op":"Babcock Mission Critical Services Onshore","deaths":10,"year":2013}},{"type":"Feature","geometry":{"type":"Point","coordinates":[8.47,47.4703]},"properties":{"name":"Crossair Flight 498","op":"Crossair","deaths":10,"year":2000}},{"type":"Feature","geometry":{"type":"Point","coordinates":[41.133333333,57.716666666]},"properties":{"name":"Aeroflot Flight 637","op":"Aeroflot","deaths":10,"year":1984}},{"type":"Feature","geometry":{"type":"Point","coordinates":[13.5570278,49.5177197]},"properties":{"name":"","op":"","deaths":10,"year":1944}},{"type":"Feature","geometry":{"type":"Point","coordinates":[100.605222222,4.221472222]},"properties":{"name":"2024 Lumut mid-air collision","op":"Royal Malaysian Navy","deaths":10,"year":2024}},{"type":"Feature","geometry":{"type":"Point","coordinates":[30.6075,59.99388889]},"properties":{"name":"","op":"","deaths":10,"year":1979}},{"type":"Feature","geometry":{"type":"Point","coordinates":[-92.1995,34.736333333]},"properties":{"name":"American Airlines Flight 1420","op":"American Airlines","deaths":11,"year":1999}},{"type":"Feature","geometry":{"type":"Point","coordinates":[116.061666666,5.962222222]},"properties":{"name":"1976 Sabah Air GAF Nomad crash","op":"Sabah Air","deaths":11,"year":1976}},{"type":"Feature","geometry":{"type":"Point","coordinates":[45.341944444,2.039166666]},"properties":{"name":"2007 Mogadishu TransAVIAexport Airlines Il-76 crash","op":"","deaths":11,"year":2007}},{"type":"Feature","geometry":{"type":"Point","coordinates":[-119.878,39.6603]},"properties":{"name":"2011 Reno Air Races crash","op":"favourite","deaths":11,"year":2011}},{"type":"Feature","geometry":{"type":"Point","coordinates":[-69.761111111,-33.370833333]},"properties":{"name":"BSAA Star Dust accident","op":"British South American Airways","deaths":11,"year":1947}},{"type":"Feature","geometry":{"type":"Point","coordinates":[31.25886111,58.52494444]},"properties":{"name":"","op":"","deaths":11,"year":1975}},{"type":"Feature","geometry":{"type":"Point","coordinates":[41.11816389,42.86293611]},"properties":{"name":"1982 Sukhumi Dranda Airport runway collision","op":"","deaths":11,"year":1982}},{"type":"Feature","geometry":{"type":"Point","coordinates":[32.9541,36.989058]},"properties":{"name":"1962 Turkish Airlines Taurus Mountains crash","op":"Turkish Airlines","deaths":11,"year":1962}},{"type":"Feature","geometry":{"type":"Point","coordinates":[-89.82,14.93]},"properties":{"name":"2008 Aéreo Ruta Maya crash","op":"ARM Aviación","deaths":11,"year":2008}},{"type":"Feature","geometry":{"type":"Point","coordinates":[114.012944444,62.546638888]},"properties":{"name":"2009 Ilyushin Il-76 crash","op":"Russian Armed Forces","deaths":11,"year":2009}},{"type":"Feature","geometry":{"type":"Point","coordinates":[13.44722222,2.47861111]},"properties":{"name":"2010 Aéro-Service C-212 crash","op":"","deaths":11,"year":2010}},{"type":"Feature","geometry":{"type":"Point","coordinates":[154.5366,61.9927]},"properties":{"name":"Avis-Amur Flight 9209","op":"Avis Amur","deaths":11,"year":2011}},{"type":"Feature","geometry":{"type":"Point","coordinates":[175.545,-41.0175]},"properties":{"name":"2012 Carterton hot air balloon crash","op":"","deaths":11,"year":2012}},{"type":"Feature","geometry":{"type":"Point","coordinates":[29.45,-29.383333333]},"properties":{"name":"2012 South African Air Force C-47 crash","op":"35 Squadron SAAF","deaths":11,"year":2012}},{"type":"Feature","geometry":{"type":"Point","coordinates":[-78.7286,41.86]},"properties":{"name":"Allegheny Airlines Flight 737","op":"Allegheny Airlines","deaths":11,"year":1969}},{"type":"Feature","geometry":{"type":"Point","coordinates":[-86.8013,30.4013]},"properties":{"name":"2015 Eglin Air Force Base helicopter crash","op":"United States Army","deaths":11,"year":2015}},{"type":"Feature","geometry":{"type":"Point","coordinates":[27.5871,2.82815]},"properties":{"name":"2005 Kavatshi Airlines Antonov An-26B crash","op":"Galaxie Corporation","deaths":11,"year":2005}},{"type":"Feature","geometry":{"type":"Point","coordinates":[110.32,25.1939]},"properties":{"name":"1983 Guilin Airport collision","op":"","deaths":11,"year":1983}},{"type":"Feature","geometry":{"type":"Point","coordinates":[-79.539877,8.967071]},"properties":{"name":"","op":"","deaths":11,"year":2008}},{"type":"Feature","geometry":{"type":"Point","coordinates":[42.281388888,38.502222222]},"properties":{"name":"2021 TAF AS532 crash","op":"Turkish Air Force","deaths":11,"year":2021}},{"type":"Feature","geometry":{"type":"Point","coordinates":[7.319444444,10.695]},"properties":{"name":"Nigeria Airways Flight 357","op":"Nigeria Airways","deaths":11,"year":1995}},{"type":"Feature","geometry":{"type":"Point","coordinates":[20.2811,44.8313]},"properties":{"name":"Spair Airlines Flight 3601","op":"Spair Airlines","deaths":11,"year":1996}},{"type":"Feature","geometry":{"type":"Point","coordinates":[-77.544166666,39.330555555]},"properties":{"name":"Capital Airlines Flight 300","op":"Capital Airlines","deaths":11,"year":1958}},{"type":"Feature","geometry":{"type":"Point","coordinates":[-2.5874,51.8522]},"properties":{"name":"Crash of Halifax V9977","op":"Telecommunications Research Establishment","deaths":11,"year":1942}},{"type":"Feature","geometry":{"type":"Point","coordinates":[-94.3333,34.7014]},"properties":{"name":"Texas International Airlines Flight 655","op":"Texas International Airlines","deaths":11,"year":1973}},{"type":"Feature","geometry":{"type":"Point","coordinates":[4.95049,50.5177]},"properties":{"name":"Fernelmont air crash","op":"","deaths":11,"year":2013}},{"type":"Feature","geometry":{"type":"Point","coordinates":[53.00629722,40.06527778]},"properties":{"name":"Aeroflot Flight 699","op":"Aeroflot","deaths":11,"year":1988}},{"type":"Feature","geometry":{"type":"Point","coordinates":[86.59166667,67.445]},"properties":{"name":"Katekavia Flight 9357","op":"Azur Air","deaths":12,"year":2010}},{"type":"Feature","geometry":{"type":"Point","coordinates":[-94.91805556,74.71888889]},"properties":{"name":"First Air Flight 6560","op":"First Air","deaths":12,"year":2011}},{"type":"Feature","geometry":{"type":"Point","coordinates":[2.89206111,51.20095]},"properties":{"name":"Sabena OO-AUB Ostend crash","op":"Sabena","deaths":12,"year":1937}},{"type":"Feature","geometry":{"type":"Point","coordinates":[42.82,38.92]},"properties":{"name":"1959 Air Charter Turkey crash","op":"Air Charter Limited","deaths":12,"year":1959}},{"type":"Feature","geometry":{"type":"Point","coordinates":[-1.1977,50.6027]},"properties":{"name":"1962 Channel Airways Dakota accident","op":"Channel Airways","deaths":12,"year":1962}},{"type":"Feature","geometry":{"type":"Point","coordinates":[-1.51667,53.9167]},"properties":{"name":"Knight Air Flight 816","op":"","deaths":12,"year":1995}},{"type":"Feature","geometry":{"type":"Point","coordinates":[44.666666666,43.033333333]},"properties":{"name":"2006 Vladikavkaz Mi-8 crash","op":"","deaths":12,"year":2006}},{"type":"Feature","geometry":{"type":"Point","coordinates":[-78.81,35.869]},"properties":{"name":"AVAir Flight 3378","op":"","deaths":12,"year":1988}},{"type":"Feature","geometry":{"type":"Point","coordinates":[-116.567,33.8667]},"properties":{"name":"American Airlines Flight 28","op":"American Airlines","deaths":12,"year":1942}},{"type":"Feature","geometry":{"type":"Point","coordinates":[-78.8347,40.3156]},"properties":{"name":"Commonwealth Commuter Flight 317","op":"Air East","deaths":12,"year":1974}},{"type":"Feature","geometry":{"type":"Point","coordinates":[30.173888888,-1.975555555]},"properties":{"name":"assassination of Juvénal Habyarimana and Cyprien Ntaryamira","op":"Rwanda","deaths":12,"year":1994}},{"type":"Feature","geometry":{"type":"Point","coordinates":[8.5725,66.07361111]},"properties":{"name":"Helikopter Service Flight 451","op":"CHC Helikopter Service","deaths":12,"year":1997}},{"type":"Feature","geometry":{"type":"Point","coordinates":[-86.51975,16.316611111]},"properties":{"name":"Aerolínea Lanhsa Flight 018","op":"","deaths":12,"year":null}},{"type":"Feature","geometry":{"type":"Point","coordinates":[77.071388888,43.365277777]},"properties":{"name":"Bek Air Flight 2100","op":"Bek Air","deaths":12,"year":2019}},{"type":"Feature","geometry":{"type":"Point","coordinates":[140.865973,52.326279]},"properties":{"name":"S.55 crash near Lazarevo","op":"Main directorate of civil air fleet of the Soviet Union","deaths":12,"year":1935}},{"type":"Feature","geometry":{"type":"Point","coordinates":[-158.1325,21.6139]},"properties":{"name":"2016 U.S. Marine helicopter collision","op":"","deaths":12,"year":2016}},{"type":"Feature","geometry":{"type":"Point","coordinates":[141.282,-6.125666666]},"properties":{"name":"2016 Sunbird Aviation crash","op":"","deaths":12,"year":2016}},{"type":"Feature","geometry":{"type":"Point","coordinates":[-105.253,41.179]},"properties":{"name":"United Airlines Flight 4","op":"","deaths":12,"year":1935}},{"type":"Feature","geometry":{"type":"Point","coordinates":[-118.5453639,34.3502769]},"properties":{"name":"United Airlines Trip 34","op":"","deaths":12,"year":1936}},{"type":"Feature","geometry":{"type":"Point","coordinates":[-85.370833333,9.856944444]},"properties":{"name":"Nature Air Flight 9916","op":"Nature Air","deaths":12,"year":2017}},{"type":"Feature","geometry":{"type":"Point","coordinates":[17.7828,50.6325]},"properties":{"name":"Pomnik katastrofy lotniczej 1984.09.16","op":"Polish Aero Club","deaths":12,"year":1984}},{"type":"Feature","geometry":{"type":"Point","coordinates":[87.5225,43.92]},"properties":{"name":"China Northern Airlines Flight 6901","op":"China Northern Airlines","deaths":12,"year":1993}},{"type":"Feature","geometry":{"type":"Point","coordinates":[8.796472222,48.018638888]},"properties":{"name":"1934 Swissair Tuttlingen accident","op":"Swissair","deaths":12,"year":1934}},{"type":"Feature","geometry":{"type":"Point","coordinates":[147.73333333,-8.88333333]},"properties":{"name":"Airlines PNG Flight 4684","op":"PNG Air","deaths":13,"year":2009}},{"type":"Feature","geometry":{"type":"Point","coordinates":[60.43125001,59.48941668]},"properties":{"name":"","op":"","deaths":13,"year":2012}},{"type":"Feature","geometry":{"type":"Point","coordinates":[120.0,-5.0]},"properties":{"name":"1942 Qantas Short Empire shootdown","op":"Qantas Airways","deaths":13,"year":1942}},{"type":"Feature","geometry":{"type":"Point","coordinates":[150.933,-31.511]},"properties":{"name":"1948 Australian National Airways DC-3 crash","op":"Australian National Airways","deaths":13,"year":1948}},{"type":"Feature","geometry":{"type":"Point","coordinates":[104.3930556,52.2675]},"properties":{"name":"","op":"","deaths":13,"year":1974}},{"type":"Feature","geometry":{"type":"Point","coordinates":[45.716666666,43.4]},"properties":{"name":"2001 Grozny Mi-8 crash","op":"","deaths":13,"year":2001}},{"type":"Feature","geometry":{"type":"Point","coordinates":[-61.218879,13.137335]},"properties":{"name":"LIAT Flight 319","op":"","deaths":13,"year":1986}},{"type":"Feature","geometry":{"type":"Point","coordinates":[-2.321944444,32.131666666]},"properties":{"name":"General Leclerc's aviation accident","op":"","deaths":13,"year":1947}},{"type":"Feature","geometry":{"type":"Point","coordinates":[-70.541868341,-33.478864155]},"properties":{"name":"2008 Santiago plane crash","op":"","deaths":13,"year":2008}},{"type":"Feature","geometry":{"type":"Point","coordinates":[1.76667,52.9333]},"properties":{"name":"1981 Bristow Helicopters Westland Wessex crash","op":"","deaths":13,"year":1981}},{"type":"Feature","geometry":{"type":"Point","coordinates":[134.05722222,-23.98333333]},"properties":{"name":"1989 Alice Springs hot air balloon crash","op":"","deaths":13,"year":1989}},{"type":"Feature","geometry":{"type":"Point","coordinates":[15.888,-14.873]},"properties":{"name":"1989 Jamba Hercules crash","op":"Tepper Aviation","deaths":13,"year":1989}},{"type":"Feature","geometry":{"type":"Point","coordinates":[43.616666666,43.483333333]},"properties":{"name":"Pulkovo Aviation Enterprise Flight 9045","op":"Pulkovo Aviation Enterprise","deaths":13,"year":1994}},{"type":"Feature","geometry":{"type":"Point","coordinates":[-96.345,41.3819]},"properties":{"name":"Air Wisconsin Flight 965","op":"Air Wisconsin","deaths":13,"year":1980}},{"type":"Feature","geometry":{"type":"Point","coordinates":[-88.4,44.1833]},"properties":{"name":"1972 Lake Winnebago mid-air collision","op":"","deaths":13,"year":1972}},{"type":"Feature","geometry":{"type":"Point","coordinates":[-92.543186,40.064618]},"properties":{"name":"Corporate Airlines Flight 5966","op":"RegionsAir","deaths":13,"year":2004}},{"type":"Feature","geometry":{"type":"Point","coordinates":[-86.8744,33.5028]},"properties":{"name":"L'Express Airlines Flight 508","op":"L'Express Airlines","deaths":13,"year":1991}},{"type":"Feature","geometry":{"type":"Point","coordinates":[5.716666666,49.6025]},"properties":{"name":"","op":"","deaths":13,"year":1944}},{"type":"Feature","geometry":{"type":"Point","coordinates":[76.807777777,11.3325]},"properties":{"name":"2021 Indian Air Force Mi-17 crash","op":"","deaths":13,"year":2021}},{"type":"Feature","geometry":{"type":"Point","coordinates":[-81.683333333,30.483333333]},"properties":{"name":"PBA Flight 1039","op":"","deaths":13,"year":1984}},{"type":"Feature","geometry":{"type":"Point","coordinates":[4.93027778,60.45222222]},"properties":{"name":"2016 Turøy helicopter crash","op":"CHC Helikopter Service","deaths":13,"year":2016}},{"type":"Feature","geometry":{"type":"Point","coordinates":[151.177222222,-33.946111111]},"properties":{"name":"Advance Airlines Flight 4210","op":"Advance Airlines","deaths":13,"year":1980}},{"type":"Feature","geometry":{"type":"Point","coordinates":[-87.6323,41.878125]},"properties":{"name":"Wingfoot Air Express crash","op":"Goodyear Tire and Rubber Company","deaths":13,"year":1919}},{"type":"Feature","geometry":{"type":"Point","coordinates":[-73.8255,4.4]},"properties":{"name":"1976 Taxi Aereo el Venado Douglas DC-4 accident","op":"","deaths":13,"year":1976}},{"type":"Feature","geometry":{"type":"Point","coordinates":[86.033333333,27.666666666]},"properties":{"name":"2015 Charikot Helicopter Crash","op":"","deaths":13,"year":2015}},{"type":"Feature","geometry":{"type":"Point","coordinates":[120.886666666,24.909166666]},"properties":{"name":"Formosa Airlines Flight 7623","op":"Formosa Airlines","deaths":13,"year":1998}},{"type":"Feature","geometry":{"type":"Point","coordinates":[5.11,60.21]},"properties":{"name":"Førdesveten plane crash","op":"Royal Norwegian Air Force","deaths":13,"year":1948}},{"type":"Feature","geometry":{"type":"Point","coordinates":[-75.032655555,-1.635427777]},"properties":{"name":"2013 Helicópteros del Pacífico Mil Mi-8 crash","op":"","deaths":13,"year":2013}},{"type":"Feature","geometry":{"type":"Point","coordinates":[1.51667,15.86667]},"properties":{"name":"2019 Ménaka helicopter crash","op":"French Armed Forces","deaths":13,"year":2019}},{"type":"Feature","geometry":{"type":"Point","coordinates":[-96.2321,29.3098]},"properties":{"name":"Continental Express Flight 2574","op":"Continental Airlines","deaths":14,"year":1991}},{"type":"Feature","geometry":{"type":"Point","coordinates":[24.73086667,59.54243333]},"properties":{"name":"Copterline Flight 103","op":"Copterline","deaths":14,"year":2005}},{"type":"Feature","geometry":{"type":"Point","coordinates":[37.483055555,55.988333333]},"properties":{"name":"Pulkovo Aviation Enterprise Flight 9560","op":"Pulkovo Aviation Enterprise","deaths":14,"year":2002}},{"type":"Feature","geometry":{"type":"Point","coordinates":[85.3,27.39]},"properties":{"name":"Agni Air Flight 101","op":"Agni Air","deaths":14,"year":2010}},{"type":"Feature","geometry":{"type":"Point","coordinates":[-0.27416667,51.14027778]},"properties":{"name":"1959 Turkish Airlines Gatwick crash","op":"Turkish Airlines","deaths":14,"year":1959}},{"type":"Feature","geometry":{"type":"Point","coordinates":[-66.7833,11.3333]},"properties":{"name":"2008 Los Roques archipelago Transaven Let L-410 crash","op":"Transaven Airlines","deaths":14,"year":2008}},{"type":"Feature","geometry":{"type":"Point","coordinates":[-73.9857,40.7484]},"properties":{"name":"1945 Empire State Building B-25 crash","op":"United States Army Air Forces","deaths":14,"year":1945}},{"type":"Feature","geometry":{"type":"Point","coordinates":[13.138,52.474]},"properties":{"name":"1948 Gatow air disaster","op":"","deaths":14,"year":1948}},{"type":"Feature","geometry":{"type":"Point","coordinates":[-1.511,52.468]},"properties":{"name":"1949 Exhall mid-air collision","op":"British European Airways","deaths":14,"year":1949}},{"type":"Feature","geometry":{"type":"Point","coordinates":[2.457111,49.031566]},"properties":{"name":"1973 Paris Air Show crash","op":"Tupolev","deaths":14,"year":1973}},{"type":"Feature","geometry":{"type":"Point","coordinates":[73.40333333,61.34333333]},"properties":{"name":"1971 January 22 Surgut Aeroflot Antonov An-12 crash","op":"Aeroflot","deaths":14,"year":1971}},{"type":"Feature","geometry":{"type":"Point","coordinates":[45.716666666,43.4]},"properties":{"name":"2002 Shelkovskaya Mi-8 crash","op":"","deaths":14,"year":2002}},{"type":"Feature","geometry":{"type":"Point","coordinates":[-87.2532,13.9501]},"properties":{"name":"Central American Airways Flight 731","op":"Central American Airways","deaths":14,"year":2011}},{"type":"Feature","geometry":{"type":"Point","coordinates":[121.537125,25.09079]},"properties":{"name":"China Airlines Flight 206","op":"","deaths":14,"year":1970}},{"type":"Feature","geometry":{"type":"Point","coordinates":[-78.777083333,38.226583333]},"properties":{"name":"Henson Airlines Flight 1517","op":"","deaths":14,"year":1985}},{"type":"Feature","geometry":{"type":"Point","coordinates":[26.99027778,-5.39444444]},"properties":{"name":"2007 Kongolo Antonov An-32B crash","op":"Great Lakes Business Company","deaths":14,"year":2007}},{"type":"Feature","geometry":{"type":"Point","coordinates":[-118.06666667,33.98333333]},"properties":{"name":"Golden West Airlines Flight 261","op":"","deaths":14,"year":1975}},{"type":"Feature","geometry":{"type":"Point","coordinates":[113.393,22.517]},"properties":{"name":"Kweilin Incident","op":"China National Aviation Corporation","deaths":14,"year":1938}},{"type":"Feature","geometry":{"type":"Point","coordinates":[-97.051111111,32.870277777]},"properties":{"name":"Delta Air Lines Flight 1141","op":"Delta Air Lines","deaths":14,"year":1988}},{"type":"Feature","geometry":{"type":"Point","coordinates":[10.148611111,36.876666666]},"properties":{"name":"EgyptAir Flight 843","op":"EgyptAir","deaths":14,"year":2002}},{"type":"Feature","geometry":{"type":"Point","coordinates":[-62.919444,-0.981111]},"properties":{"name":"2023 Manaus Aerotáxi Embraer Bandeirante crash","op":"","deaths":14,"year":2023}},{"type":"Feature","geometry":{"type":"Point","coordinates":[-85.734444444,38.147222222]},"properties":{"name":"UPS Airlines Flight 2976","op":"UPS Airlines","deaths":14,"year":2025}},{"type":"Feature","geometry":{"type":"Point","coordinates":[-73.6115,43.4928]},"properties":{"name":"Mohawk Airlines Flight 411","op":"","deaths":14,"year":1969}},{"type":"Feature","geometry":{"type":"Point","coordinates":[23.7408,37.8739]},"properties":{"name":"Swissair Flight 316","op":"Swissair","deaths":14,"year":1979}},{"type":"Feature","geometry":{"type":"Point","coordinates":[-91.19425,39.940944444]},"properties":{"name":"United Express Flight 5925","op":"Great Lakes Airlines","deaths":14,"year":1996}},{"type":"Feature","geometry":{"type":"Point","coordinates":[-43.16431389,-22.89405278]},"properties":{"name":"1939 Pan Am Sikorsky S-43 crash","op":"Pan Am","deaths":14,"year":1939}},{"type":"Feature","geometry":{"type":"Point","coordinates":[-43.15,-22.783333333]},"properties":{"name":"1928 Dornier J Santos Dumont crash","op":"","deaths":14,"year":1928}},{"type":"Feature","geometry":{"type":"Point","coordinates":[-97.832835,16.280282]},"properties":{"name":"","op":"Mexican Air Force","deaths":14,"year":2018}},{"type":"Feature","geometry":{"type":"Point","coordinates":[-73.078667,3.573139]},"properties":{"name":"2019 Colombia DC-3 crash","op":"","deaths":14,"year":2019}},{"type":"Feature","geometry":{"type":"Point","coordinates":[9.277548984,49.551190813]},"properties":{"name":"","op":"","deaths":14,"year":1944}},{"type":"Feature","geometry":{"type":"Point","coordinates":[-0.1225,51.3458]},"properties":{"name":"1936 KLM Croydon accident","op":"KLM","deaths":15,"year":1936}},{"type":"Feature","geometry":{"type":"Point","coordinates":[140.62333333,-4.70694444]},"properties":{"name":"Merpati Nusantara Airlines Flight 9760","op":"Merpati Nusantara Airlines","deaths":15,"year":2009}},{"type":"Feature","geometry":{"type":"Point","coordinates":[83.72166667,28.78111111]},"properties":{"name":"Agni Air Flight CHT","op":"Agni Air","deaths":15,"year":2012}},{"type":"Feature","geometry":{"type":"Point","coordinates":[-118.53277778,33.92055556]},"properties":{"name":"Scandinavian Airlines System Flight 933","op":"Scandinavian Airlines","deaths":15,"year":1969}},{"type":"Feature","geometry":{"type":"Point","coordinates":[-84.667777777,39.048888888]},"properties":{"name":"1955 Cincinnati mid-air collision","op":"","deaths":15,"year":1955}},{"type":"Feature","geometry":{"type":"Point","coordinates":[30.21797222,59.79994722]},"properties":{"name":"Aeroflot Flight 8556","op":"Aeroflot","deaths":15,"year":1991}},{"type":"Feature","geometry":{"type":"Point","coordinates":[-78.866944444,35.834722222]},"properties":{"name":"Flagship Airlines Flight 3379","op":"","deaths":15,"year":1994}},{"type":"Feature","geometry":{"type":"Point","coordinates":[51.30221389,35.69155833]},"properties":{"name":"Sterling Airways Flight 901","op":"Sterling Airlines","deaths":15,"year":1974}},{"type":"Feature","geometry":{"type":"Point","coordinates":[-2.98917,47.5044]},"properties":{"name":"Proteus Airlines Flight 706","op":"Proteus Airlines","deaths":15,"year":1998}},{"type":"Feature","geometry":{"type":"Point","coordinates":[-2.5109,51.4897]},"properties":{"name":"Downend air crash","op":"","deaths":15,"year":1957}},{"type":"Feature","geometry":{"type":"Point","coordinates":[33.572,35.295]},"properties":{"name":"Talia Airways Flight 2H79","op":"","deaths":15,"year":1988}},{"type":"Feature","geometry":{"type":"Point","coordinates":[-73.180833333,8.223611111]},"properties":{"name":"8849 SATENA flight","op":"SATENA","deaths":15,"year":2026}},{"type":"Feature","geometry":{"type":"Point","coordinates":[28.35,71.0169]},"properties":{"name":"Widerøe Flight 933","op":"Widerøe","deaths":15,"year":1982}},{"type":"Feature","geometry":{"type":"Point","coordinates":[40.386,35.028]},"properties":{"name":"Pan Am Flight 121","op":"Pan Am","deaths":15,"year":1947}},{"type":"Feature","geometry":{"type":"Point","coordinates":[139.35444444,35.73194444]},"properties":{"name":"1951 Sunagawa B-29 crash","op":"","deaths":15,"year":1951}},{"type":"Feature","geometry":{"type":"Point","coordinates":[27.82,63.01]},"properties":{"name":"1978 Finnish Air Force DC-3 crash","op":"","deaths":15,"year":1978}},{"type":"Feature","geometry":{"type":"Point","coordinates":[143.218,-12.737]},"properties":{"name":"Lockhart River air disaster","op":"Aero-Tropics Air Services","deaths":15,"year":2005}},{"type":"Feature","geometry":{"type":"Point","coordinates":[3.32363889,6.56342222]},"properties":{"name":"Associated Aviation Flight 361","op":"Associated Aviation","deaths":15,"year":2013}},{"type":"Feature","geometry":{"type":"Point","coordinates":[107.755,-2.74556]},"properties":{"name":"Merpati Nusantara Airlines Flight 106","op":"Merpati Nusantara Airlines","deaths":15,"year":1997}},{"type":"Feature","geometry":{"type":"Point","coordinates":[113.0,12.0]},"properties":{"name":"Kashmir Princess","op":"Air India","deaths":16,"year":1955}},{"type":"Feature","geometry":{"type":"Point","coordinates":[13.4583,38.4044]},"properties":{"name":"Tuninter Flight 1153","op":"Tunisair Express","deaths":16,"year":2005}},{"type":"Feature","geometry":{"type":"Point","coordinates":[59.640833,36.235]},"properties":{"name":"Aria Air Flight 1525","op":"Aria Air","deaths":16,"year":2009}},{"type":"Feature","geometry":{"type":"Point","coordinates":[68.26666667,23.9]},"properties":{"name":"Pakistan Naval Air Arm Atlantique shootdown","op":"","deaths":16,"year":1999}},{"type":"Feature","geometry":{"type":"Point","coordinates":[174.645319444,-36.776405555]},"properties":{"name":"1943 Liberator crash at Whenuapai","op":"United Airlines","deaths":16,"year":1943}},{"type":"Feature","geometry":{"type":"Point","coordinates":[-0.594378,51.797]},"properties":{"name":"1954 Aldbury Valetta accident","op":"Royal Air Force","deaths":16,"year":1954}},{"type":"Feature","geometry":{"type":"Point","coordinates":[37.27222222,55.59416667]},"properties":{"name":"Aeroflot Flight 1770","op":"Aeroflot","deaths":16,"year":1969}},{"type":"Feature","geometry":{"type":"Point","coordinates":[37.87805556,55.41972222]},"properties":{"name":"Tu-104 crash at Domodedovo airport","op":"","deaths":16,"year":1973}},{"type":"Feature","geometry":{"type":"Point","coordinates":[3.321156,6.577369]},"properties":{"name":"1995 Lagos Harka Air Services Tu-134 crash","op":"","deaths":16,"year":1995}},{"type":"Feature","geometry":{"type":"Point","coordinates":[103.5,19.416666666]},"properties":{"name":"2014 Lao People's Liberation Army Air Force An-74 crash","op":"Lao People's Liberation Army Air Force","deaths":16,"year":2014}},{"type":"Feature","geometry":{"type":"Point","coordinates":[-34.90944444,-8.1525]},"properties":{"name":"Noar Linhas Aéreas Flight 4896","op":"Noar Linhas Aéreas","deaths":16,"year":2011}},{"type":"Feature","geometry":{"type":"Point","coordinates":[-99.2036,19.4264]},"properties":{"name":"2008 Mexico City Learjet crash","op":"Secretariat of the Interior","deaths":16,"year":2008}},{"type":"Feature","geometry":{"type":"Point","coordinates":[55.548888888,-20.896944444]},"properties":{"name":"1968 Sainte-Marie Douglas DC-6 crash","op":"","deaths":16,"year":1968}},{"type":"Feature","geometry":{"type":"Point","coordinates":[0.0,57.554]},"properties":{"name":"2009 Bond Helicopters Eurocopter AS332 crash","op":"Offshore Helicopter Services","deaths":16,"year":2009}},{"type":"Feature","geometry":{"type":"Point","coordinates":[30.8,50.521111111]},"properties":{"name":"2023 Brovary helicopter crash","op":"","deaths":16,"year":2023}},{"type":"Feature","geometry":{"type":"Point","coordinates":[26.939955,38.206574]},"properties":{"name":"Condor Flugdienst Flight 3782","op":"Condor Flugdienst","deaths":16,"year":1988}},{"type":"Feature","geometry":{"type":"Point","coordinates":[-90.532216666,14.568683333]},"properties":{"name":"Cubana de Aviación Flight 1216","op":"Cubana de Aviación","deaths":16,"year":1999}},{"type":"Feature","geometry":{"type":"Point","coordinates":[53.116666666,55.733333333]},"properties":{"name":"2021 Menzelinsk parachute Let L-410UVP-E crash","op":"","deaths":16,"year":2021}},{"type":"Feature","geometry":{"type":"Point","coordinates":[-72.0,4.0]},"properties":{"name":"2015 Colombia helicopter crash","op":"","deaths":16,"year":2015}},{"type":"Feature","geometry":{"type":"Point","coordinates":[-97.76222222,29.885]},"properties":{"name":"2016 Lockhart hot air balloon crash","op":"","deaths":16,"year":2016}},{"type":"Feature","geometry":{"type":"Point","coordinates":[-106.442,35.194]},"properties":{"name":"TWA Flight 260","op":"Trans World Airlines","deaths":16,"year":1955}},{"type":"Feature","geometry":{"type":"Point","coordinates":[-90.449,33.473]},"properties":{"name":"2017 United States Marine Corps KC-130 crash","op":"United States Marine Corps","deaths":16,"year":2017}},{"type":"Feature","geometry":{"type":"Point","coordinates":[-0.66,44.87]},"properties":{"name":"Air Littoral Flight 1919","op":"Air Littoral","deaths":16,"year":1987}},{"type":"Feature","geometry":{"type":"Point","coordinates":[119.99321,26.23048]},"properties":{"name":"Formosa Airlines Flight 7601","op":"Formosa Airlines","deaths":16,"year":1997}},{"type":"Feature","geometry":{"type":"Point","coordinates":[4.51666667,51.7]},"properties":{"name":"NLM CityHopper Flight 431","op":"NLM CityHopper","deaths":17,"year":1981}},{"type":"Feature","geometry":{"type":"Point","coordinates":[-91.020833333,34.938055555]},"properties":{"name":"American Airlines Flight 1","op":"American Airlines","deaths":17,"year":1936}},{"type":"Feature","geometry":{"type":"Point","coordinates":[-10.25,46.116667]},"properties":{"name":"BOAC Flight 777","op":"British Overseas Airways Corporation","deaths":17,"year":1943}},{"type":"Feature","geometry":{"type":"Point","coordinates":[91.865277777,27.588333333]},"properties":{"name":"2011 Pawan Hans Mi-17 crash","op":"","deaths":17,"year":2011}},{"type":"Feature","geometry":{"type":"Point","coordinates":[121.283333,16.316667]},"properties":{"name":"Asian Spirit Flight 100","op":"Zest Airways","deaths":17,"year":1999}},{"type":"Feature","geometry":{"type":"Point","coordinates":[10.661539,59.969988]},"properties":{"name":"","op":"","deaths":17,"year":1945}},{"type":"Feature","geometry":{"type":"Point","coordinates":[43.98277778,40.36194444]},"properties":{"name":"1958 C-130 shootdown","op":"","deaths":17,"year":1958}},{"type":"Feature","geometry":{"type":"Point","coordinates":[-62.851944,8.243611]},"properties":{"name":"Conviasa Flight 2350","op":"Conviasa","deaths":17,"year":2010}},{"type":"Feature","geometry":{"type":"Point","coordinates":[-1.2848,59.882]},"properties":{"name":"Dan-Air Flight 0034","op":"Dan-Air","deaths":17,"year":1979}},{"type":"Feature","geometry":{"type":"Point","coordinates":[-81.276111111,36.893333333]},"properties":{"name":"American Airlines Flight 009","op":"","deaths":17,"year":1945}},{"type":"Feature","geometry":{"type":"Point","coordinates":[-73.8003,42.6744]},"properties":{"name":"Mohawk Airlines Flight 405","op":"Mohawk Airlines","deaths":17,"year":1972}},{"type":"Feature","geometry":{"type":"Point","coordinates":[-71.39333,46.79194]},"properties":{"name":"Quebecair Flight 255","op":"Quebecair","deaths":17,"year":1979}},{"type":"Feature","geometry":{"type":"Point","coordinates":[-69.06,44.02]},"properties":{"name":"Downeast Flight 46","op":"Downeast Airlines","deaths":17,"year":1979}},{"type":"Feature","geometry":{"type":"Point","coordinates":[-76.9014,39.2411]},"properties":{"name":"United Airlines Flight 297","op":"United Airlines","deaths":17,"year":1962}},{"type":"Feature","geometry":{"type":"Point","coordinates":[-104.891972222,39.760722222]},"properties":{"name":"United Airlines Flight 859","op":"United Airlines","deaths":17,"year":1961}},{"type":"Feature","geometry":{"type":"Point","coordinates":[-51.94944444,47.43472222]},"properties":{"name":"Cougar Helicopters Flight 91","op":"Cougar Helicopters","deaths":17,"year":2009}},{"type":"Feature","geometry":{"type":"Point","coordinates":[28.16722222,-26.21777778]},"properties":{"name":"Comair Flight 206","op":"","deaths":17,"year":1988}},{"type":"Feature","geometry":{"type":"Point","coordinates":[31.55,4.84861111]},"properties":{"name":"2020 South West Aviation Antonov An-26 crash","op":"","deaths":17,"year":2020}},{"type":"Feature","geometry":{"type":"Point","coordinates":[16.40527778,68.96111111]},"properties":{"name":"","op":"Royal Norwegian Air Force","deaths":17,"year":1972}},{"type":"Feature","geometry":{"type":"Point","coordinates":[35.601722222,32.708583333]},"properties":{"name":"Ma’agan Disaster (1954)","op":"","deaths":17,"year":1954}},{"type":"Feature","geometry":{"type":"Point","coordinates":[86.7297,27.6869]},"properties":{"name":"Yeti Airlines Flight 101","op":"Yeti Airlines","deaths":18,"year":2008}},{"type":"Feature","geometry":{"type":"Point","coordinates":[98.016666666,3.4]},"properties":{"name":"Nusantara Buana Air Flight 823","op":"Nusantara Buana Air","deaths":18,"year":2011}},{"type":"Feature","geometry":{"type":"Point","coordinates":[115.971,-31.9216]},"properties":{"name":"1949 MacRobertson Miller Aviation DC-3 crash","op":"MacRobertson Miller Airlines","deaths":18,"year":1949}},{"type":"Feature","geometry":{"type":"Point","coordinates":[127.824722222,26.433611111]},"properties":{"name":"1959 Okinawa F-100 crash","op":"United States Air Force","deaths":18,"year":1959}},{"type":"Feature","geometry":{"type":"Point","coordinates":[101.7411111,56.35972222]},"properties":{"name":"Aeroflot Flight 608","op":"Aeroflot","deaths":18,"year":1972}},{"type":"Feature","geometry":{"type":"Point","coordinates":[-106.877,39.2358]},"properties":{"name":"2001 Avjet Gulfstream III crash","op":"Avjet Corporation","deaths":18,"year":2001}},{"type":"Feature","geometry":{"type":"Point","coordinates":[-131.391,55.064]},"properties":{"name":"Pan Am Flight 923","op":"Pan Am","deaths":18,"year":1947}},{"type":"Feature","geometry":{"type":"Point","coordinates":[-42.031815,-22.53654]},"properties":{"name":"1984 TAM – Transportes Aéreos Regionais Bandeirante accident","op":"LATAM Brasil","deaths":18,"year":1984}},{"type":"Feature","geometry":{"type":"Point","coordinates":[-92.89972222,47.4225]},"properties":{"name":"Northwest Airlink Flight 5719","op":"Endeavor Air","deaths":18,"year":1993}},{"type":"Feature","geometry":{"type":"Point","coordinates":[-72.2333,7.76667]},"properties":{"name":"Táchira helicopter crash","op":"Bolivarian Army","deaths":18,"year":2009}},{"type":"Feature","geometry":{"type":"Point","coordinates":[-121.995,45.2596]},"properties":{"name":"West Coast Airlines Flight 956","op":"West Coast Airlines","deaths":18,"year":1966}},{"type":"Feature","geometry":{"type":"Point","coordinates":[19.5067,51.5803]},"properties":{"name":"1951 LOT Li-2 Tuszyn air disaster","op":"LOT Polish Airlines","deaths":18,"year":1951}},{"type":"Feature","geometry":{"type":"Point","coordinates":[83.988888888,28.208333333]},"properties":{"name":"2002 Shangri-La Air Twin Otter Crash","op":"Shangri-La Air","deaths":18,"year":2002}},{"type":"Feature","geometry":{"type":"Point","coordinates":[-100.954056,17.653247]},"properties":{"name":"Aeroméxico Flight 110","op":"Aeroméxico","deaths":18,"year":1981}},{"type":"Feature","geometry":{"type":"Point","coordinates":[-151.497027777,59.639305555]},"properties":{"name":"Vuelo 103 de Ryan Air Service","op":"","deaths":18,"year":1987}},{"type":"Feature","geometry":{"type":"Point","coordinates":[14.9019,53.5847]},"properties":{"name":"1973 Szeczecin Antonov An-24 crash","op":"36th Special Aviation Regiment","deaths":18,"year":1973}},{"type":"Feature","geometry":{"type":"Point","coordinates":[2.8,61.01666667]},"properties":{"name":"Helikopter Service Flight 165","op":"CHC Helikopter Service","deaths":18,"year":1978}},{"type":"Feature","geometry":{"type":"Point","coordinates":[83.22,28.05]},"properties":{"name":"Nepal Airlines Flight 183","op":"Nepal Airlines","deaths":18,"year":2014}},{"type":"Feature","geometry":{"type":"Point","coordinates":[9.28444444,39.33805556]},"properties":{"name":"","op":"","deaths":19,"year":1953}},{"type":"Feature","geometry":{"type":"Point","coordinates":[60.796756,56.744779]},"properties":{"name":"1950 Sverdlovsk air disaster","op":"Soviet Air Forces","deaths":19,"year":1950}},{"type":"Feature","geometry":{"type":"Point","coordinates":[10.7925,63.4181]},"properties":{"name":"Bukken Bruse disaster","op":"Norwegian Air Lines","deaths":19,"year":1948}},{"type":"Feature","geometry":{"type":"Point","coordinates":[36.11666667,49.91666667]},"properties":{"name":"","op":"","deaths":19,"year":1975}},{"type":"Feature","geometry":{"type":"Point","coordinates":[85.374444444,27.625277777]},"properties":{"name":"Buddha Air Flight 103","op":"Buddha Air","deaths":19,"year":2011}},{"type":"Feature","geometry":{"type":"Point","coordinates":[85.35611111,27.68055556]},"properties":{"name":"Sita Air Flight 601","op":"Sita Air","deaths":19,"year":2012}},{"type":"Feature","geometry":{"type":"Point","coordinates":[-54.036,3.658]},"properties":{"name":"Blue Wing Airlines 2008 plane crash","op":"Blue Wing Airlines","deaths":19,"year":2008}},{"type":"Feature","geometry":{"type":"Point","coordinates":[-92.4833,17.4]},"properties":{"name":"Aerocaribe Flight 7831","op":"MexicanaClick","deaths":19,"year":2000}},{"type":"Feature","geometry":{"type":"Point","coordinates":[32.578333333,25.694722222]},"properties":{"name":"2013 Luxor hot air balloon crash","op":"","deaths":19,"year":2013}},{"type":"Feature","geometry":{"type":"Point","coordinates":[31.825833333,-1.335277777]},"properties":{"name":"Precision Air Flight 494","op":"Precision Air","deaths":19,"year":2022}},{"type":"Feature","geometry":{"type":"Point","coordinates":[-123.28333333,39.06666667]},"properties":{"name":"Pan Am Flight 1104","op":"Pan Am","deaths":19,"year":1943}},{"type":"Feature","geometry":{"type":"Point","coordinates":[-65.825,18.2875]},"properties":{"name":"Prinair Flight 277","op":"Prinair","deaths":19,"year":1969}},{"type":"Feature","geometry":{"type":"Point","coordinates":[74.666666666,67.25]},"properties":{"name":"2016 Skol Airlines Mil Mi-8 crash","op":"","deaths":19,"year":2016}},{"type":"Feature","geometry":{"type":"Point","coordinates":[9.393,0.45]},"properties":{"name":"Gabon Express Flight 221","op":"Gabon Express","deaths":19,"year":2004}},{"type":"Feature","geometry":{"type":"Point","coordinates":[-42.326111,-20.512778]},"properties":{"name":"TEAM Linhas Aéreas Flight 6865","op":"TEAM Linhas Aéreas","deaths":19,"year":2006}},{"type":"Feature","geometry":{"type":"Point","coordinates":[-111.21838889,32.40955556]},"properties":{"name":"2000 Marana V-22 Crash","op":"","deaths":19,"year":2000}},{"type":"Feature","geometry":{"type":"Point","coordinates":[120.977222222,14.595833333]},"properties":{"name":"Laoag International Airlines Flight 585","op":"Laoag International Airlines","deaths":19,"year":2002}},{"type":"Feature","geometry":{"type":"Point","coordinates":[-149.76222222,-17.48833333]},"properties":{"name":"Air Moorea Flight 1121","op":"Air Moorea","deaths":20,"year":2007}},{"type":"Feature","geometry":{"type":"Point","coordinates":[16.11083333,53.38]},"properties":{"name":"Mirosławiec air disaster","op":"Polish Air Force","deaths":20,"year":2008}},{"type":"Feature","geometry":{"type":"Point","coordinates":[6.273888888,49.655833333]},"properties":{"name":"Luxair Flight 9642","op":"Luxair","deaths":20,"year":2002}},{"type":"Feature","geometry":{"type":"Point","coordinates":[31.40555556,30.12194444]},"properties":{"name":"KLM Flight 823","op":"KLM","deaths":20,"year":1961}},{"type":"Feature","geometry":{"type":"Point","coordinates":[11.506667,46.255556]},"properties":{"name":"Cavalese cable car disaster","op":"","deaths":20,"year":1998}},{"type":"Feature","geometry":{"type":"Point","coordinates":[17.3733,-3.31111]},"properties":{"name":"2010 Filair Let L-410 crash","op":"Filair","deaths":20,"year":2010}},{"type":"Feature","geometry":{"type":"Point","coordinates":[73.38933333,61.34486111]},"properties":{"name":"Aeroflot Flight 7867","op":"Aeroflot","deaths":20,"year":1988}},{"type":"Feature","geometry":{"type":"Point","coordinates":[-80.12388889,25.76055556]},"properties":{"name":"Chalk's Ocean Airways Flight 101","op":"Chalk's International Airlines","deaths":20,"year":2005}},{"type":"Feature","geometry":{"type":"Point","coordinates":[-6.24833,49.9233]},"properties":{"name":"1983 British Airways Sikorsky S-61 crash","op":"British Airways Helicopters","deaths":20,"year":1983}},{"type":"Feature","geometry":{"type":"Point","coordinates":[45.716666666,43.4]},"properties":{"name":"2007 Shatoy Mi-8 crash","op":"","deaths":20,"year":2007}},{"type":"Feature","geometry":{"type":"Point","coordinates":[-78.6017,41.7678]},"properties":{"name":"Allegheny Airlines Flight 736","op":"Allegheny Airlines","deaths":20,"year":1968}},{"type":"Feature","geometry":{"type":"Point","coordinates":[-86.37129167,36.78561667]},"properties":{"name":"American Airlines Flight 63 (Flagship Ohio)","op":"American Airlines","deaths":20,"year":1943}},{"type":"Feature","geometry":{"type":"Point","coordinates":[-67.62639,-54.93111]},"properties":{"name":"LAN Chile Flight 1069","op":"LATAM Airlines","deaths":20,"year":1991}},{"type":"Feature","geometry":{"type":"Point","coordinates":[-156.743277,21.16668]},"properties":{"name":"Aloha IslandAir Flight 1712","op":"","deaths":20,"year":1989}},{"type":"Feature","geometry":{"type":"Point","coordinates":[34.046631,30.639094]},"properties":{"name":"","op":"","deaths":20,"year":1975}},{"type":"Feature","geometry":{"type":"Point","coordinates":[-73.8902,40.791]},"properties":{"name":"Northeast Airlines Flight 823","op":"Northeast Airlines","deaths":20,"year":1957}},{"type":"Feature","geometry":{"type":"Point","coordinates":[-62.851944444,17.90625]},"properties":{"name":"Air Caraïbes Flight 1501","op":"Air Caraïbes","deaths":20,"year":2001}},{"type":"Feature","geometry":{"type":"Point","coordinates":[-86.166666666,12.133333333]},"properties":{"name":"1982 IAI Arava 201 crash","op":"","deaths":20,"year":1982}},{"type":"Feature","geometry":{"type":"Point","coordinates":[51.313611111,35.689166666]},"properties":{"name":"1951 Misrair SNCASE Languedoc crash","op":"EgyptAir","deaths":20,"year":1951}},{"type":"Feature","geometry":{"type":"Point","coordinates":[77.086944444,43.378055555]},"properties":{"name":"SCAT Airlines Flight 760","op":"SCAT Airlines","deaths":21,"year":2013}},{"type":"Feature","geometry":{"type":"Point","coordinates":[67.01,24.86]},"properties":{"name":"JS Air Flight 201","op":"Jahangir Siddiqui Air","deaths":21,"year":2010}},{"type":"Feature","geometry":{"type":"Point","coordinates":[13.52,52.388333]},"properties":{"name":"Interflug Flight 102","op":"Interflug","deaths":21,"year":1989}},{"type":"Feature","geometry":{"type":"Point","coordinates":[110.43166667,-7.78805556]},"properties":{"name":"Garuda Indonesia Flight 200","op":"Garuda Indonesia","deaths":21,"year":2007}},{"type":"Feature","geometry":{"type":"Point","coordinates":[4.333333333,52.666666666]},"properties":{"name":"KLM Flight 608","op":"KLM","deaths":21,"year":1954}},{"type":"Feature","geometry":{"type":"Point","coordinates":[-80.9464,35.2069]},"properties":{"name":"Air Midwest Flight 5481","op":"Air Midwest","deaths":21,"year":2003}},{"type":"Feature","geometry":{"type":"Point","coordinates":[153.5113,-28.1638]},"properties":{"name":"1949 Queensland Airlines Lockheed Lodestar crash","op":"Queensland Airlines","deaths":21,"year":1949}},{"type":"Feature","geometry":{"type":"Point","coordinates":[37.3879,55.9699]},"properties":{"name":"Aeroflot Flight 65","op":"Aeroflot","deaths":21,"year":1966}},{"type":"Feature","geometry":{"type":"Point","coordinates":[-4.119658,40.794358]},"properties":{"name":"1958 Aviaco SNCASE Languedoc crash","op":"Aviaco","deaths":21,"year":1958}},{"type":"Feature","geometry":{"type":"Point","coordinates":[14.5,39.9167]},"properties":{"name":"South African Airways Flight 201","op":"South African Airways","deaths":21,"year":1954}},{"type":"Feature","geometry":{"type":"Point","coordinates":[18.125237,-14.711403]},"properties":{"name":"1985 Aeroflot Antonov An-12 shoot-down","op":"Soviet Air Forces","deaths":21,"year":1985}},{"type":"Feature","geometry":{"type":"Point","coordinates":[-78.9175,-33.6825]},"properties":{"name":"2011 Chilean Air Force CASA 212 crash","op":"Chilean Air Force","deaths":21,"year":2011}},{"type":"Feature","geometry":{"type":"Point","coordinates":[79.865833,7.180861]},"properties":{"name":"Air Lanka Flight 512","op":"SriLankan Airlines","deaths":21,"year":1986}},{"type":"Feature","geometry":{"type":"Point","coordinates":[-73.75,4.343]},"properties":{"name":"Aeropesca Colombia Flight 217","op":"Intercontinental de Aviación","deaths":21,"year":1982}},{"type":"Feature","geometry":{"type":"Point","coordinates":[6.914844,51.374335]},"properties":{"name":"Nürnberger Flugdienst Flight 108","op":"Nürnberger Flugdienst","deaths":21,"year":1988}},{"type":"Feature","geometry":{"type":"Point","coordinates":[12.46115303,48.41583252]},"properties":{"name":"","op":"Lufthansa","deaths":21,"year":1945}},{"type":"Feature","geometry":{"type":"Point","coordinates":[-118.2,33.9]},"properties":{"name":"Los Angeles Airways Flight 417","op":"","deaths":21,"year":1968}},{"type":"Feature","geometry":{"type":"Point","coordinates":[-72.206388888,19.735]},"properties":{"name":"Tropical Airways Flight 1301","op":"Tropical Airways","deaths":21,"year":2003}},{"type":"Feature","geometry":{"type":"Point","coordinates":[19.469313888,30.396027777]},"properties":{"name":"2000 Marsa Brega Short 360 crash","op":"","deaths":21,"year":2000}},{"type":"Feature","geometry":{"type":"Point","coordinates":[-0.403889,51.5564]},"properties":{"name":"1942 Ruislip Wellington accident","op":"No. 311 Squadron RAF","deaths":21,"year":1942}},{"type":"Feature","geometry":{"type":"Point","coordinates":[-67.9425,-41.1019]},"properties":{"name":"Sol Líneas Aéreas Flight 5428","op":"","deaths":22,"year":2011}},{"type":"Feature","geometry":{"type":"Point","coordinates":[103.9525,10.953888888]},"properties":{"name":"PMTair Flight 241","op":"PMTair","deaths":22,"year":2007}},{"type":"Feature","geometry":{"type":"Point","coordinates":[9.91305556,53.69916667]},"properties":{"name":"Paninternational Flight 112","op":"Paninternational","deaths":22,"year":1971}},{"type":"Feature","geometry":{"type":"Point","coordinates":[12.6562,55.6181]},"properties":{"name":"1947 KLM Douglas DC-3 crash","op":"KLM","deaths":22,"year":1947}},{"type":"Feature","geometry":{"type":"Point","coordinates":[-115.491388888,35.951]},"properties":{"name":"TWA Flight 3","op":"Trans World Airlines","deaths":22,"year":1942}},{"type":"Feature","geometry":{"type":"Point","coordinates":[49.833333333,40.383333333]},"properties":{"name":"1991 Azerbaijani Mil Mi-8 shootdown","op":"Aeroflot","deaths":22,"year":1991}},{"type":"Feature","geometry":{"type":"Point","coordinates":[-13.195488888,8.616444444]},"properties":{"name":"2007 Paramount Airlines Mil Mi-8 crash","op":"","deaths":22,"year":2007}},{"type":"Feature","geometry":{"type":"Point","coordinates":[86.42111111,27.33944444]},"properties":{"name":"2010 Okhaldhunga Twin Otter crash","op":"Tara Air","deaths":22,"year":2010}},{"type":"Feature","geometry":{"type":"Point","coordinates":[-64.0,-34.0]},"properties":{"name":"Austral Líneas Aéreas Flight 046","op":"","deaths":22,"year":1988}},{"type":"Feature","geometry":{"type":"Point","coordinates":[-83.8118,41.5885]},"properties":{"name":"Cal Poly football team plane crash","op":"","deaths":22,"year":1960}},{"type":"Feature","geometry":{"type":"Point","coordinates":[-121.499166666,38.521111111]},"properties":{"name":"1972 Sacramento Canadair Sabre accident","op":"","deaths":22,"year":1972}},{"type":"Feature","geometry":{"type":"Point","coordinates":[19.89638889,60.12194444]},"properties":{"name":"Aero Flight 217","op":"Finnair","deaths":22,"year":1963}},{"type":"Feature","geometry":{"type":"Point","coordinates":[-68.14666667,10.19166667]},"properties":{"name":"Cubana de Aviación Flight 310","op":"Cubana de Aviación","deaths":22,"year":1999}},{"type":"Feature","geometry":{"type":"Point","coordinates":[124.93,1.56]},"properties":{"name":"Garuda Indonesia Flight 708","op":"Garuda Indonesia","deaths":22,"year":1967}},{"type":"Feature","geometry":{"type":"Point","coordinates":[158.015277777,53.075]},"properties":{"name":"2024 Kamchatka Mil Mi-8 crash","op":"","deaths":22,"year":2024}},{"type":"Feature","geometry":{"type":"Point","coordinates":[-68.216666666,-16.512777777]},"properties":{"name":"2026 Bolivian Air Force Hercules C-130 crash","op":"","deaths":22,"year":2026}},{"type":"Feature","geometry":{"type":"Point","coordinates":[83.5922,28.711899833]},"properties":{"name":"Tara Air Flight 197","op":"Tara Air","deaths":22,"year":2022}},{"type":"Feature","geometry":{"type":"Point","coordinates":[17.8536,59.3819]},"properties":{"name":"Linjeflyg Flight 618","op":"","deaths":22,"year":1977}},{"type":"Feature","geometry":{"type":"Point","coordinates":[-77.983333,-1.433333]},"properties":{"name":"2016 Ecuadorian Army Arava crash","op":"Ecuadorian Army","deaths":22,"year":2016}},{"type":"Feature","geometry":{"type":"Point","coordinates":[-80.208,40.487]},"properties":{"name":"TWA Flight 400","op":"Trans World Airlines","deaths":22,"year":1956}},{"type":"Feature","geometry":{"type":"Point","coordinates":[5.184444444,44.918888888]},"properties":{"name":"EAS Flight 602","op":"Uni-Air","deaths":22,"year":1989}},{"type":"Feature","geometry":{"type":"Point","coordinates":[-3.546903888,41.164216111]},"properties":{"name":"","op":"Aviaco","deaths":22,"year":1953}},{"type":"Feature","geometry":{"type":"Point","coordinates":[104.213,52.3506]},"properties":{"name":"1997 Irkutsk Antonov An-124 crash","op":"Ukrainian Cargo Airways","deaths":23,"year":1997}},{"type":"Feature","geometry":{"type":"Point","coordinates":[11.871944444,-4.7775]},"properties":{"name":"2011 Pointe-Noire Trans Air Congo An-12 crash","op":"","deaths":23,"year":2011}},{"type":"Feature","geometry":{"type":"Point","coordinates":[-84.6678,39.0489]},"properties":{"name":"Air Canada Flight 797","op":"Air Canada","deaths":23,"year":1983}},{"type":"Feature","geometry":{"type":"Point","coordinates":[11.677772,48.126136]},"properties":{"name":"Munich air disaster","op":"British European Airways","deaths":23,"year":1958}},{"type":"Feature","geometry":{"type":"Point","coordinates":[67.116036,24.791435]},"properties":{"name":"1947 Korangi Creek crash","op":"Air India","deaths":23,"year":1947}},{"type":"Feature","geometry":{"type":"Point","coordinates":[-63.93555556,10.98694444]},"properties":{"name":"1962 Avensa Fairchild F-27 accident","op":"Avensa","deaths":23,"year":1962}},{"type":"Feature","geometry":{"type":"Point","coordinates":[-69.35833333,10.04277778]},"properties":{"name":"1983 Avensa Douglas DC-9 crash","op":"Avensa","deaths":23,"year":1983}},{"type":"Feature","geometry":{"type":"Point","coordinates":[-64.0,18.0]},"properties":{"name":"ALM Flight 980","op":"Overseas National Airways","deaths":23,"year":1970}},{"type":"Feature","geometry":{"type":"Point","coordinates":[-81.5095,31.259666666]},"properties":{"name":"Atlantic Southeast Airlines Flight 2311","op":"Atlantic Southeast Airlines","deaths":23,"year":1991}},{"type":"Feature","geometry":{"type":"Point","coordinates":[50.00555556,40.55611111]},"properties":{"name":"Azerbaijan Airlines Flight 217","op":"Azerbaijan Airlines","deaths":23,"year":2005}},{"type":"Feature","geometry":{"type":"Point","coordinates":[-12.3,11.31999]},"properties":{"name":"1983 Chosonminhang Ilyushin Il-62 crash","op":"","deaths":23,"year":1983}},{"type":"Feature","geometry":{"type":"Point","coordinates":[-118.1671,33.8888]},"properties":{"name":"Los Angeles Airways Flight 841","op":"","deaths":23,"year":1968}},{"type":"Feature","geometry":{"type":"Point","coordinates":[175.88611111,-37.695]},"properties":{"name":"New Zealand National Airways Corporation Flight 441","op":"","deaths":23,"year":1963}},{"type":"Feature","geometry":{"type":"Point","coordinates":[49.3,61.333333333]},"properties":{"name":"Aeroflot Flight 613","op":"Aeroflot","deaths":23,"year":1960}},{"type":"Feature","geometry":{"type":"Point","coordinates":[2.8423,48.449]},"properties":{"name":"TAT Flight 230","op":"TAT European Airlines","deaths":23,"year":1988}},{"type":"Feature","geometry":{"type":"Point","coordinates":[53.02333333,40.01166667]},"properties":{"name":"Aeroflot Flight A-53","op":"Aeroflot","deaths":23,"year":1975}},{"type":"Feature","geometry":{"type":"Point","coordinates":[107.6,-6.91667]},"properties":{"name":"2009 Indonesian Air Force Fokker F27-400M crash","op":"Indonesian Air Force","deaths":24,"year":2009}},{"type":"Feature","geometry":{"type":"Point","coordinates":[139.78244,35.53729]},"properties":{"name":"Japan Air Lines Flight 350","op":"Japan Airlines","deaths":24,"year":1982}},{"type":"Feature","geometry":{"type":"Point","coordinates":[8.62333333,47.45388889]},"properties":{"name":"Crossair Flight 3597","op":"Crossair","deaths":24,"year":2001}},{"type":"Feature","geometry":{"type":"Point","coordinates":[104.4102778,52.26166667]},"properties":{"name":"Aeroflot Flight 3739 (1976)","op":"Aeroflot","deaths":24,"year":1976}},{"type":"Feature","geometry":{"type":"Point","coordinates":[-1.97888333,53.52066667]},"properties":{"name":"1949 Manchester BEA Douglas DC-3 accident","op":"British European Airways","deaths":24,"year":1949}},{"type":"Feature","geometry":{"type":"Point","coordinates":[-92.766924,49.838896]},"properties":{"name":"Air Ontario Flight 1363","op":"Air Ontario","deaths":24,"year":1989}},{"type":"Feature","geometry":{"type":"Point","coordinates":[-60.6719,-3.25917]},"properties":{"name":"2009 Manaus Aerotáxi crash","op":"","deaths":24,"year":2009}},{"type":"Feature","geometry":{"type":"Point","coordinates":[-90.26380556,34.89688889]},"properties":{"name":"American Airlines Flight 2","op":"American Airlines","deaths":24,"year":1944}},{"type":"Feature","geometry":{"type":"Point","coordinates":[142.8531,-22.3917]},"properties":{"name":"Ansett-ANA Flight 149","op":"Ansett Australia","deaths":24,"year":1966}},{"type":"Feature","geometry":{"type":"Point","coordinates":[35.70027778,34.01916667]},"properties":{"name":"Ariana Afghan Airlines Flight 202","op":"","deaths":24,"year":1959}},{"type":"Feature","geometry":{"type":"Point","coordinates":[21.05,42.966666666]},"properties":{"name":"Si Fly Flight 325","op":"","deaths":24,"year":1999}},{"type":"Feature","geometry":{"type":"Point","coordinates":[-79.025,35.168]},"properties":{"name":"Green Ramp disaster","op":"","deaths":24,"year":1994}},{"type":"Feature","geometry":{"type":"Point","coordinates":[22.166666666,37.15]},"properties":{"name":"Czechoslovak Airlines flight 584","op":"Czechoslovak Airlines","deaths":24,"year":1948}},{"type":"Feature","geometry":{"type":"Point","coordinates":[114.217,22.302]},"properties":{"name":"Thai Airways International Flight 601","op":"Thai Airways","deaths":24,"year":1967}},{"type":"Feature","geometry":{"type":"Point","coordinates":[139.438333333,69.707777777]},"properties":{"name":"2013 Polar Airlines Mil Mi-8 crash","op":"Polar Airlines","deaths":24,"year":2013}},{"type":"Feature","geometry":{"type":"Point","coordinates":[-149.76070278,61.26583056]},"properties":{"name":"1995 Alaska Boeing E-3 Sentry accident","op":"United States Air Force","deaths":24,"year":1995}},{"type":"Feature","geometry":{"type":"Point","coordinates":[113.744,22.182]},"properties":{"name":"Miss Macao","op":"Macau Air Transport Company","deaths":25,"year":1948}},{"type":"Feature","geometry":{"type":"Point","coordinates":[27.63833333,-33.22416667]},"properties":{"name":"South African Airways Flight 406","op":"South African Airways","deaths":25,"year":1967}},{"type":"Feature","geometry":{"type":"Point","coordinates":[21.83277778,63.14027778]},"properties":{"name":"Aero Flight 311","op":"Finnair","deaths":25,"year":1961}},{"type":"Feature","geometry":{"type":"Point","coordinates":[-104.711777777,38.735944444]},"properties":{"name":"United Airlines Flight 585","op":"United Airlines","deaths":25,"year":1991}},{"type":"Feature","geometry":{"type":"Point","coordinates":[147.52,-42.86]},"properties":{"name":"1946 Australian National Airways DC-3 crash","op":"Australian National Airways","deaths":25,"year":1946}},{"type":"Feature","geometry":{"type":"Point","coordinates":[133.6975,-3.63111111]},"properties":{"name":"Merpati Nusantara Airlines Flight 8968","op":"Merpati Nusantara Airlines","deaths":25,"year":2011}},{"type":"Feature","geometry":{"type":"Point","coordinates":[-112.24639,36.13667]},"properties":{"name":"Grand Canyon Airlines Flight 6","op":"Grand Canyon Airlines","deaths":25,"year":1986}},{"type":"Feature","geometry":{"type":"Point","coordinates":[-70.0544,41.2632]},"properties":{"name":"Northeast Airlines Flight 258","op":"Northeast Airlines","deaths":25,"year":1958}},{"type":"Feature","geometry":{"type":"Point","coordinates":[44.295555555,48.728611111]},"properties":{"name":"Aeroflot Flight 205","op":"Aeroflot","deaths":25,"year":1959}},{"type":"Feature","geometry":{"type":"Point","coordinates":[-73.807,40.641]},"properties":{"name":"Eastern Air Lines Flight 512","op":"Eastern Air Lines","deaths":25,"year":1962}},{"type":"Feature","geometry":{"type":"Point","coordinates":[104.7568507,-2.9888243]},"properties":{"name":"Garuda Indonesia Flight 150","op":"Garuda Indonesia","deaths":25,"year":1975}},{"type":"Feature","geometry":{"type":"Point","coordinates":[9.08,42.033055555]},"properties":{"name":"1962 Air Nautic Boeing 307 crash","op":"Air Nautic","deaths":25,"year":1962}},{"type":"Feature","geometry":{"type":"Point","coordinates":[-77.6847,39.2733]},"properties":{"name":"Lovettsville air disaster","op":"Pennsylvania Central Airlines","deaths":25,"year":1940}},{"type":"Feature","geometry":{"type":"Point","coordinates":[80.7,29.04]},"properties":{"name":"2000 Royal Nepal Airlines DHC-6 crash","op":"Royal Nepal Airlines","deaths":25,"year":2000}},{"type":"Feature","geometry":{"type":"Point","coordinates":[113.268,23.1834]},"properties":{"name":"CAAC Flight 2311","op":"CAAC Airlines","deaths":25,"year":1982}},{"type":"Feature","geometry":{"type":"Point","coordinates":[41.26666667,56.13333333]},"properties":{"name":"Aeroflot Flight 773","op":"Aeroflot","deaths":25,"year":1971}},{"type":"Feature","geometry":{"type":"Point","coordinates":[4.764167,52.308056]},"properties":{"name":"1946 KLM Douglas DC-3 Amsterdam accident","op":"KLM","deaths":26,"year":1946}},{"type":"Feature","geometry":{"type":"Point","coordinates":[35.16666667,45.43333333]},"properties":{"name":"Aeroflot Flight 6515","op":"Aeroflot","deaths":26,"year":1978}},{"type":"Feature","geometry":{"type":"Point","coordinates":[-2.21833333,49.20583333]},"properties":{"name":"British United Airways Flight 1030X","op":"","deaths":26,"year":1965}},{"type":"Feature","geometry":{"type":"Point","coordinates":[-83.8333,40.1667]},"properties":{"name":"TWA Flight 553","op":"Trans World Airlines","deaths":26,"year":1967}},{"type":"Feature","geometry":{"type":"Point","coordinates":[-78.817,42.175]},"properties":{"name":"Continental Charters Flight 44-2","op":"","deaths":26,"year":1951}},{"type":"Feature","geometry":{"type":"Point","coordinates":[118.5915,-20.845]},"properties":{"name":"MacRobertson Miller Airlines Flight 1750","op":"MacRobertson Miller Airlines","deaths":26,"year":1968}},{"type":"Feature","geometry":{"type":"Point","coordinates":[-78.7314,38.1042]},"properties":{"name":"Piedmont Airlines Flight 349","op":"Piedmont Airlines","deaths":26,"year":1959}},{"type":"Feature","geometry":{"type":"Point","coordinates":[29.239444444,-1.681388888]},"properties":{"name":"2019 Busy Bee crash","op":"","deaths":26,"year":2019}},{"type":"Feature","geometry":{"type":"Point","coordinates":[33.0677,8.61616]},"properties":{"name":"1998 Sudan Air Force crash","op":"Sudanese Air Force","deaths":26,"year":1998}},{"type":"Feature","geometry":{"type":"Point","coordinates":[16.3592,41.0055]},"properties":{"name":"Aero Trasporti Italiani Flight 327","op":"Aero Trasporti Italiani","deaths":27,"year":1972}},{"type":"Feature","geometry":{"type":"Point","coordinates":[-73.854722222,40.771111111]},"properties":{"name":"USAir Flight 405","op":"US Airways","deaths":27,"year":1992}},{"type":"Feature","geometry":{"type":"Point","coordinates":[14.336968412,50.81130191]},"properties":{"name":"JAT Flight 367","op":"Jat Airways","deaths":27,"year":1972}},{"type":"Feature","geometry":{"type":"Point","coordinates":[69.8333,42.5]},"properties":{"name":"2012 Kazakhstan Antonov An-72 crash","op":"Armed Forces of the Republic of Kazakhstan","deaths":27,"year":2012}},{"type":"Feature","geometry":{"type":"Point","coordinates":[35.31667,29.8]},"properties":{"name":"1957 Aqaba Valetta accident","op":"Royal Air Force","deaths":27,"year":1957}},{"type":"Feature","geometry":{"type":"Point","coordinates":[60.020833333,56.8575]},"properties":{"name":"Aeroflot Flight 6246","op":"Aeroflot","deaths":27,"year":1990}},{"type":"Feature","geometry":{"type":"Point","coordinates":[-105.014398,20.494986]},"properties":{"name":"Aeroméxico Flight 229","op":"Aeroméxico","deaths":27,"year":1973}},{"type":"Feature","geometry":{"type":"Point","coordinates":[-157.9147,21.3202]},"properties":{"name":"Canadian Pacific Air Lines Flight 301","op":"Canadian Pacific Air Lines","deaths":27,"year":1962}},{"type":"Feature","geometry":{"type":"Point","coordinates":[-116.526666666,32.828055555]},"properties":{"name":"American Airlines Flight 6-103","op":"","deaths":27,"year":1946}},{"type":"Feature","geometry":{"type":"Point","coordinates":[-54.92222222,48.69166667]},"properties":{"name":"1946 Sabena Douglas DC-4 crash","op":"Sabena","deaths":27,"year":1946}},{"type":"Feature","geometry":{"type":"Point","coordinates":[56.1169,50.4295]},"properties":{"name":"Aeroflot Flight 164","op":"Aeroflot","deaths":27,"year":1958}},{"type":"Feature","geometry":{"type":"Point","coordinates":[145.897305555,-5.508]},"properties":{"name":"Airlines PNG Flight 1600","op":"PNG Air","deaths":28,"year":2011}},{"type":"Feature","geometry":{"type":"Point","coordinates":[59.641666666,36.233333333]},"properties":{"name":"Iran Air Tours Flight 945","op":"","deaths":28,"year":2006}},{"type":"Feature","geometry":{"type":"Point","coordinates":[-24.5,54.2]},"properties":{"name":"Flying Tiger Line Flight 923","op":"Flying Tiger Line","deaths":28,"year":1962}},{"type":"Feature","geometry":{"type":"Point","coordinates":[-0.466667,51.4758]},"properties":{"name":"1950 Heathrow BEA Viking accident","op":"British European Airways","deaths":28,"year":1950}},{"type":"Feature","geometry":{"type":"Point","coordinates":[94.2955,18.4492]},"properties":{"name":"1972 Thandwe crash","op":"Myanma Airways","deaths":28,"year":1972}},{"type":"Feature","geometry":{"type":"Point","coordinates":[-96.85111111,32.84805556]},"properties":{"name":"American Airlines Flight 157","op":"American Airlines","deaths":28,"year":1949}},{"type":"Feature","geometry":{"type":"Point","coordinates":[-73.86383,42.745]},"properties":{"name":"American Airlines Flight 723","op":"American Airlines","deaths":28,"year":1953}},{"type":"Feature","geometry":{"type":"Point","coordinates":[18.531996,4.363607]},"properties":{"name":"2002 Prestige Airlines Boeing 707 crash","op":"","deaths":28,"year":2002}},{"type":"Feature","geometry":{"type":"Point","coordinates":[8.70779991,49.44562531]},"properties":{"name":"","op":"","deaths":28,"year":1991}},{"type":"Feature","geometry":{"type":"Point","coordinates":[102.08222222,60.69277778]},"properties":{"name":"1994 Vanavara air disaster","op":"","deaths":28,"year":1994}},{"type":"Feature","geometry":{"type":"Point","coordinates":[159.846666666,59.108055555]},"properties":{"name":"Petropavlovsk-Kamchatsky Air Flight 251 (2021)","op":"Petropavlovsk-Kamchatsky Air Enterprise","deaths":28,"year":2021}},{"type":"Feature","geometry":{"type":"Point","coordinates":[-87.922222222,41.991111111]},"properties":{"name":"North Central Airlines Flight 458","op":"North Central Airlines","deaths":28,"year":1968}},{"type":"Feature","geometry":{"type":"Point","coordinates":[70.4189,38.7258]},"properties":{"name":"Tajik National Guard helicopter crash","op":"Presidential National Guard","deaths":28,"year":2010}},{"type":"Feature","geometry":{"type":"Point","coordinates":[13.517777777,52.436666666]},"properties":{"name":"Johannisthal air disaster","op":"","deaths":28,"year":1913}},{"type":"Feature","geometry":{"type":"Point","coordinates":[-4.57333,55.5019]},"properties":{"name":"1954 Prestwick air disaster","op":"British Overseas Airways Corporation","deaths":28,"year":1954}},{"type":"Feature","geometry":{"type":"Point","coordinates":[37.2675,55.57944444]},"properties":{"name":"Aeroflot Flight 200","op":"Aeroflot","deaths":28,"year":1959}},{"type":"Feature","geometry":{"type":"Point","coordinates":[-67.78916667,-16.63611111]},"properties":{"name":"Eastern Air Lines Flight 980","op":"Eastern Air Lines","deaths":29,"year":1985}},{"type":"Feature","geometry":{"type":"Point","coordinates":[116.581,-31.821]},"properties":{"name":"1950 Australian National Airways Douglas DC-4 crash","op":"Australian National Airways","deaths":29,"year":1950}},{"type":"Feature","geometry":{"type":"Point","coordinates":[68.505,38.85055556]},"properties":{"name":"Aeroflot Flight Sh-88","op":"","deaths":29,"year":1980}},{"type":"Feature","geometry":{"type":"Point","coordinates":[-5.7949568,55.3135624]},"properties":{"name":"1994 Mull of Kintyre Chinook crash","op":"Royal Air Force","deaths":29,"year":1994}},{"type":"Feature","geometry":{"type":"Point","coordinates":[-83.5523,41.9634]},"properties":{"name":"Comair Flight 3272","op":"Comair","deaths":29,"year":1997}},{"type":"Feature","geometry":{"type":"Point","coordinates":[33.862666666,44.629833333]},"properties":{"name":"2026 Crimea Antonov An-26 crash","op":"Russian Air Force","deaths":29,"year":2026}},{"type":"Feature","geometry":{"type":"Point","coordinates":[-87.5188,38.0366]},"properties":{"name":"University of Evansville men's basketball team plane crash","op":"","deaths":29,"year":1977}},{"type":"Feature","geometry":{"type":"Point","coordinates":[14.04,51.281]},"properties":{"name":"1940 Deutsche Lufthansa Ju 90 crash","op":"Deutsche Luft Hansa","deaths":29,"year":1940}},{"type":"Feature","geometry":{"type":"Point","coordinates":[50.155,53.50166667]},"properties":{"name":"Aeroflot Flight 513","op":"Aeroflot","deaths":30,"year":1965}},{"type":"Feature","geometry":{"type":"Point","coordinates":[-72.8875,41.245833333]},"properties":{"name":"Allegheny Airlines Flight 485","op":"Allegheny Airlines","deaths":30,"year":1971}},{"type":"Feature","geometry":{"type":"Point","coordinates":[32.553055555,15.605]},"properties":{"name":"Sudan Airways Flight 109","op":"Sudan Airways","deaths":30,"year":2008}},{"type":"Feature","geometry":{"type":"Point","coordinates":[-74.2144,40.6579]},"properties":{"name":"American Airlines Flight 6780","op":"American Airlines","deaths":30,"year":1952}},{"type":"Feature","geometry":{"type":"Point","coordinates":[108.99,12.06]},"properties":{"name":"Vietnam Airlines Flight 474","op":"Vietnam Airlines","deaths":30,"year":1992}},{"type":"Feature","geometry":{"type":"Point","coordinates":[45.0169,12.7656]},"properties":{"name":"EgyptAir Flight 763","op":"","deaths":30,"year":1972}},{"type":"Feature","geometry":{"type":"Point","coordinates":[-16.33472222,28.48333333]},"properties":{"name":"Iberia Airlines Flight 401","op":"","deaths":30,"year":1965}},{"type":"Feature","geometry":{"type":"Point","coordinates":[23.39496,42.69783]},"properties":{"name":"","op":"Balkan Bulgarian Airlines","deaths":30,"year":1971}},{"type":"Feature","geometry":{"type":"Point","coordinates":[-144.127,62.213]},"properties":{"name":"Northwest Airlines Flight 4422","op":"Northwest Airlines","deaths":30,"year":1948}},{"type":"Feature","geometry":{"type":"Point","coordinates":[-8.89869444,52.71607222]},"properties":{"name":"Pan Am Flight 1-10","op":"Pan Am","deaths":30,"year":1948}},{"type":"Feature","geometry":{"type":"Point","coordinates":[-62.1772,16.7111]},"properties":{"name":"Pan Am Flight 292","op":"Pan Am","deaths":30,"year":1965}},{"type":"Feature","geometry":{"type":"Point","coordinates":[-87.4656,42.2506]},"properties":{"name":"United Air Lines Flight 389","op":"","deaths":30,"year":1965}},{"type":"Feature","geometry":{"type":"Point","coordinates":[-97.3131,37.7202]},"properties":{"name":"1965 USAF KC-135 Wichita crash","op":"United States Air Force","deaths":30,"year":1965}},{"type":"Feature","geometry":{"type":"Point","coordinates":[-16.751111111,12.869611111]},"properties":{"name":"1992 Cap Skirring air crash","op":"","deaths":30,"year":1992}},{"type":"Feature","geometry":{"type":"Point","coordinates":[9.31272,0.618135]},"properties":{"name":"1993 Zambia national football team plane crash","op":"Zambian Air Force","deaths":30,"year":1993}},{"type":"Feature","geometry":{"type":"Point","coordinates":[-70.286388888,-34.765]},"properties":{"name":"1972 Andes flight disaster","op":"Uruguayan Air Force","deaths":31,"year":1972}},{"type":"Feature","geometry":{"type":"Point","coordinates":[7.768888888,45.081111111]},"properties":{"name":"Superga air disaster","op":"Alitalia","deaths":31,"year":1949}},{"type":"Feature","geometry":{"type":"Point","coordinates":[37.096024,56.002605]},"properties":{"name":"Austrian Airlines flight 901","op":"Austrian Airlines","deaths":31,"year":1960}},{"type":"Feature","geometry":{"type":"Point","coordinates":[-0.776388888,51.275833333]},"properties":{"name":"1952 Farnborough Airshow DH.110 crash","op":"","deaths":31,"year":1952}},{"type":"Feature","geometry":{"type":"Point","coordinates":[-58.27251,-34.630948]},"properties":{"name":"Austral Líneas Aéreas Flight 901","op":"","deaths":31,"year":1981}},{"type":"Feature","geometry":{"type":"Point","coordinates":[12.632,41.465]},"properties":{"name":"British European Airways Flight 142","op":"British European Airways","deaths":31,"year":1958}},{"type":"Feature","geometry":{"type":"Point","coordinates":[-4.39416667,54.28861111]},"properties":{"name":"USAAF Boeing B-17 crash on North Barrule","op":"534th Bombardment Squadron","deaths":31,"year":1945}},{"type":"Feature","geometry":{"type":"Point","coordinates":[43.307,42.866]},"properties":{"name":"Aeroflot Flight 207","op":"Aeroflot","deaths":31,"year":1960}},{"type":"Feature","geometry":{"type":"Point","coordinates":[-87.9017,42.9273]},"properties":{"name":"Midwest Express Airlines Flight 105","op":"Midwest Airlines","deaths":31,"year":1985}},{"type":"Feature","geometry":{"type":"Point","coordinates":[13.31486111,37.63405556]},"properties":{"name":"","op":"","deaths":31,"year":1952}},{"type":"Feature","geometry":{"type":"Point","coordinates":[4.98707,52.9954]},"properties":{"name":"Dakota disaster","op":"","deaths":32,"year":1996}},{"type":"Feature","geometry":{"type":"Point","coordinates":[46.751944444,39.815277777]},"properties":{"name":"1994 Iranian Air Force C-130 shootdown","op":"","deaths":32,"year":1994}},{"type":"Feature","geometry":{"type":"Point","coordinates":[8.51809,12.0469]},"properties":{"name":"1956 BOAC Argonaut accident","op":"British Overseas Airways Corporation","deaths":32,"year":1956}},{"type":"Feature","geometry":{"type":"Point","coordinates":[2.403055555,41.793333333]},"properties":{"name":"1959 Transair Douglas Dakota accident","op":"Transair","deaths":32,"year":1959}},{"type":"Feature","geometry":{"type":"Point","coordinates":[43.005277777,44.216388888]},"properties":{"name":"1961 Mineralnye Vody Il-18 crash","op":"","deaths":32,"year":1961}},{"type":"Feature","geometry":{"type":"Point","coordinates":[32.45670278,69.11658889]},"properties":{"name":"Aeroflot Flight 99","op":"Aeroflot","deaths":32,"year":1965}},{"type":"Feature","geometry":{"type":"Point","coordinates":[80.2225,50.333055555]},"properties":{"name":"Aeroflot Flight X-167","op":"Aeroflot","deaths":32,"year":1973}},{"type":"Feature","geometry":{"type":"Point","coordinates":[30.3797,10.6364]},"properties":{"name":"2012 Sudan Antonov An-26 crash","op":"","deaths":32,"year":2012}},{"type":"Feature","geometry":{"type":"Point","coordinates":[15.4525,-4.381944444]},"properties":{"name":"Georgian Airways Flight 834","op":"Georgian Airways","deaths":32,"year":2011}},{"type":"Feature","geometry":{"type":"Point","coordinates":[-105.964245,28.698867]},"properties":{"name":"Aeroméxico Flight 230","op":"Aeroméxico","deaths":32,"year":1981}},{"type":"Feature","geometry":{"type":"Point","coordinates":[-120.5849,36.2366]},"properties":{"name":"1948 Los Gatos DC-3 crash","op":"","deaths":32,"year":1948}},{"type":"Feature","geometry":{"type":"Point","coordinates":[42.4,42.46666667]},"properties":{"name":"Aeroflot Flight 663","op":"Aeroflot","deaths":32,"year":1963}},{"type":"Feature","geometry":{"type":"Point","coordinates":[-72.14666667,43.72166667]},"properties":{"name":"Northeast Airlines Flight 946","op":"","deaths":32,"year":1968}},{"type":"Feature","geometry":{"type":"Point","coordinates":[104.4372222,52.25333333]},"properties":{"name":"Aeroflot Flight 12","op":"Aeroflot","deaths":33,"year":1963}},{"type":"Feature","geometry":{"type":"Point","coordinates":[139.279167,34.520278]},"properties":{"name":"All Nippon Airways Flight 25 (1958)","op":"All Nippon Airways","deaths":33,"year":1958}},{"type":"Feature","geometry":{"type":"Point","coordinates":[11.3,-18.8]},"properties":{"name":"1997 Namibia mid-air collision","op":"United States Air Force","deaths":33,"year":1997}},{"type":"Feature","geometry":{"type":"Point","coordinates":[21.8692,-18.1933]},"properties":{"name":"LAM Mozambique Airlines Flight 470","op":"LAM Mozambique Airlines","deaths":33,"year":2013}},{"type":"Feature","geometry":{"type":"Point","coordinates":[-60.203333333,-2.913055555]},"properties":{"name":"Rico Linhas Aéreas Flight 4815","op":"","deaths":33,"year":2004}},{"type":"Feature","geometry":{"type":"Point","coordinates":[12.2508,41.8044]},"properties":{"name":"Uganda Airlines Flight 775","op":"","deaths":33,"year":1988}},{"type":"Feature","geometry":{"type":"Point","coordinates":[20.98472222,52.145]},"properties":{"name":"1962 LOT Vickers Viscount Warsaw crash","op":"LOT Polish Airlines","deaths":33,"year":1962}},{"type":"Feature","geometry":{"type":"Point","coordinates":[65.2481,57.1544]},"properties":{"name":"UTair Flight 120","op":"UTair Aviation","deaths":33,"year":2012}},{"type":"Feature","geometry":{"type":"Point","coordinates":[26.621,37.727]},"properties":{"name":"Olympic Aviation Flight 545","op":"Olympic Aviation","deaths":34,"year":1989}},{"type":"Feature","geometry":{"type":"Point","coordinates":[12.2389,41.8003]},"properties":{"name":"1973 Rome airport attack and hijacking","op":"Pan Am","deaths":34,"year":1973}},{"type":"Feature","geometry":{"type":"Point","coordinates":[31.9572,-25.9114]},"properties":{"name":"1986 Mozambican Tupolev Tu-134 crash","op":"People's Republic of Mozambique","deaths":34,"year":1986}},{"type":"Feature","geometry":{"type":"Point","coordinates":[10.575199,59.615295]},"properties":{"name":"Hurum air disaster","op":"","deaths":34,"year":1949}},{"type":"Feature","geometry":{"type":"Point","coordinates":[-0.87,51.319]},"properties":{"name":"1957 Blackbushe Viking accident","op":"British Eagle","deaths":34,"year":1957}},{"type":"Feature","geometry":{"type":"Point","coordinates":[2.4567,42.5189]},"properties":{"name":"1961 Derby Aviation crash","op":"British Midland Airways Limited","deaths":34,"year":1961}},{"type":"Feature","geometry":{"type":"Point","coordinates":[5.37444,51.45]},"properties":{"name":"1996 Belgian Air Force Hercules accident","op":"Belgian Air Force","deaths":34,"year":1996}},{"type":"Feature","geometry":{"type":"Point","coordinates":[44.14555556,34.01472222]},"properties":{"name":"2007 Balad aircraft crash","op":"AerianTur-M","deaths":34,"year":2007}},{"type":"Feature","geometry":{"type":"Point","coordinates":[-79.457222222,26.295833333]},"properties":{"name":"Florida Commuter Airlines crash","op":"","deaths":34,"year":1980}},{"type":"Feature","geometry":{"type":"Point","coordinates":[101.548055555,3.131111111]},"properties":{"name":"Japan Airlines Flight 715","op":"","deaths":34,"year":1977}},{"type":"Feature","geometry":{"type":"Point","coordinates":[90.3684002,23.8779245]},"properties":{"name":"2025 Dhaka fighter jet crash","op":"Bangladesh Air Force","deaths":34,"year":2025}},{"type":"Feature","geometry":{"type":"Point","coordinates":[-77.0514,41.6825]},"properties":{"name":"Mohawk Airlines Flight 40","op":"Mohawk Airlines","deaths":34,"year":1967}},{"type":"Feature","geometry":{"type":"Point","coordinates":[-78.1805,34.0798]},"properties":{"name":"National Airlines Flight 2511","op":"National Airlines","deaths":34,"year":1960}},{"type":"Feature","geometry":{"type":"Point","coordinates":[-70.716388888,19.763888888]},"properties":{"name":"1992 Puerto Plata Il-18 crash","op":"Aerocaribbean","deaths":34,"year":1992}},{"type":"Feature","geometry":{"type":"Point","coordinates":[-80.71611,-0.95]},"properties":{"name":"Millon Air Flight 406","op":"","deaths":34,"year":1996}},{"type":"Feature","geometry":{"type":"Point","coordinates":[2.37944444,48.72333333]},"properties":{"name":"LAI Linee Aeree Italiane Flight 451","op":"","deaths":34,"year":1956}},{"type":"Feature","geometry":{"type":"Point","coordinates":[118.1,4.3]},"properties":{"name":"Malaysia Airlines Flight 2133","op":"Malaysia Airlines","deaths":34,"year":1995}},{"type":"Feature","geometry":{"type":"Point","coordinates":[37.31972222,11.60472222]},"properties":{"name":"Ethiopian Airlines Flight 604","op":"Ethiopian Airlines","deaths":35,"year":1988}},{"type":"Feature","geometry":{"type":"Point","coordinates":[10.42722222,42.67833333]},"properties":{"name":"BOAC Flight 781","op":"British Overseas Airways Corporation","deaths":35,"year":1954}},{"type":"Feature","geometry":{"type":"Point","coordinates":[18.252222222,42.598333333]},"properties":{"name":"1996 Croatia USAF CT-43 crash","op":"United States Air Force","deaths":35,"year":1996}},{"type":"Feature","geometry":{"type":"Point","coordinates":[20.1625,54.94386111]},"properties":{"name":"1972 Svetlogorsk An-24 crash","op":"","deaths":35,"year":1972}},{"type":"Feature","geometry":{"type":"Point","coordinates":[-74.325745,40.030392]},"properties":{"name":"Hindenburg disaster","op":"","deaths":35,"year":1937}},{"type":"Feature","geometry":{"type":"Point","coordinates":[-118.6375,34.258333333]},"properties":{"name":"Standard Air Lines Flight 897R","op":"","deaths":35,"year":1949}},{"type":"Feature","geometry":{"type":"Point","coordinates":[-118.409475,33.94938889]},"properties":{"name":"USAir Flight 1493","op":"US Airways","deaths":35,"year":1991}},{"type":"Feature","geometry":{"type":"Point","coordinates":[-118.264444444,36.595833333]},"properties":{"name":"Hawthorne Nevada Airlines Flight 708","op":"","deaths":35,"year":1969}},{"type":"Feature","geometry":{"type":"Point","coordinates":[15.99527778,68.43305556]},"properties":{"name":"Kvitbjørn disaster","op":"","deaths":35,"year":1947}},{"type":"Feature","geometry":{"type":"Point","coordinates":[-54.933333333,5.933333333]},"properties":{"name":"airplane crash at the Warappa Creek","op":"","deaths":35,"year":1943}},{"type":"Feature","geometry":{"type":"Point","coordinates":[-2.513,53.629]},"properties":{"name":"Winter Hill air disaster","op":"","deaths":35,"year":1958}},{"type":"Feature","geometry":{"type":"Point","coordinates":[113.811,22.6402]},"properties":{"name":"China Southern Airlines Flight 3456","op":"China Southern Airlines","deaths":35,"year":1997}},{"type":"Feature","geometry":{"type":"Point","coordinates":[43.853611,40.739167]},"properties":{"name":"Kuban Airlines Flight 5719","op":"Kuban Airlines","deaths":35,"year":1993}},{"type":"Feature","geometry":{"type":"Point","coordinates":[20.2694,32.0969]},"properties":{"name":"1958 Central African Airways plane crash","op":"Central African Airways","deaths":36,"year":1958}},{"type":"Feature","geometry":{"type":"Point","coordinates":[-131.813888888,53.254166666]},"properties":{"name":"Northwest Orient Airlines Flight 324","op":"Northwest Airlines","deaths":36,"year":1952}},{"type":"Feature","geometry":{"type":"Point","coordinates":[-0.461389,51.4775]},"properties":{"name":"British European Airways Flight 706 (1965)","op":"","deaths":36,"year":1965}},{"type":"Feature","geometry":{"type":"Point","coordinates":[12.086666666,65.393333333]},"properties":{"name":"Widerøe Flight 710","op":"Widerøe","deaths":36,"year":1988}},{"type":"Feature","geometry":{"type":"Point","coordinates":[99.898333333,20.520833333]},"properties":{"name":"Myanma Airways Flight 635","op":"Myanma Airways","deaths":36,"year":1998}},{"type":"Feature","geometry":{"type":"Point","coordinates":[120.96777778,15.49083333]},"properties":{"name":"Philippine Airlines Flight 215","op":"Philippine Airlines","deaths":36,"year":1970}},{"type":"Feature","geometry":{"type":"Point","coordinates":[-16.77444444,32.69777778]},"properties":{"name":"SA de Transport Aérien Flight 730","op":"S.A. de Transport Aérien","deaths":36,"year":1977}},{"type":"Feature","geometry":{"type":"Point","coordinates":[42.24861111,11.83611111]},"properties":{"name":"","op":"French Air Force","deaths":36,"year":1982}},{"type":"Feature","geometry":{"type":"Point","coordinates":[9.28339444,45.90943611]},"properties":{"name":"Aero Trasporti Italiani Flight 460","op":"Aero Trasporti Italiani","deaths":37,"year":1987}},{"type":"Feature","geometry":{"type":"Point","coordinates":[-64.6136,32.3811]},"properties":{"name":"1952 Bermuda air crash","op":"Cubana de Aviación","deaths":37,"year":1952}},{"type":"Feature","geometry":{"type":"Point","coordinates":[34.035,48.72]},"properties":{"name":"Aeroflot Flight 3630","op":"Aeroflot","deaths":37,"year":1970}},{"type":"Feature","geometry":{"type":"Point","coordinates":[-0.690556,51.0517]},"properties":{"name":"Iberia Airlines Flight 062","op":"","deaths":37,"year":1967}},{"type":"Feature","geometry":{"type":"Point","coordinates":[33.216944444,35.327222222]},"properties":{"name":"EgyptAir Flight 741","op":"","deaths":37,"year":1973}},{"type":"Feature","geometry":{"type":"Point","coordinates":[-58.8,-26.765]},"properties":{"name":"Aerolíneas Argentinas Flight 707","op":"","deaths":37,"year":1970}},{"type":"Feature","geometry":{"type":"Point","coordinates":[-64.95861053,18.33777809]},"properties":{"name":"American Airlines Flight 625","op":"American Airlines","deaths":37,"year":1976}},{"type":"Feature","geometry":{"type":"Point","coordinates":[-77.9122,18.5028]},"properties":{"name":"Avianca Flight 671","op":"Avianca","deaths":37,"year":1960}},{"type":"Feature","geometry":{"type":"Point","coordinates":[130.467,50.0194]},"properties":{"name":"Aeroflot Flight 811","op":"Aeroflot","deaths":37,"year":1981}},{"type":"Feature","geometry":{"type":"Point","coordinates":[-87.919,41.9606]},"properties":{"name":"Northwest Orient Airlines Flight 706","op":"","deaths":37,"year":1961}},{"type":"Feature","geometry":{"type":"Point","coordinates":[-54.5373,48.9429]},"properties":{"name":"ČSA Flight 523","op":"Czech Airlines","deaths":37,"year":1967}},{"type":"Feature","geometry":{"type":"Point","coordinates":[-80.9593,35.2177]},"properties":{"name":"USAir Flight 1016","op":"US Airways","deaths":37,"year":1994}},{"type":"Feature","geometry":{"type":"Point","coordinates":[139.411389,34.722222]},"properties":{"name":"Japan Air Lines Flight 301","op":"Japan Airlines","deaths":37,"year":1952}},{"type":"Feature","geometry":{"type":"Point","coordinates":[69.3092,41.2617]},"properties":{"name":"Uzbekistan Airways Flight 1154","op":"Uzbekistan Airways","deaths":37,"year":2004}},{"type":"Feature","geometry":{"type":"Point","coordinates":[-91.665277777,44.091666666]},"properties":{"name":"Northwest Airlines Flight 421","op":"Northwest Airlines","deaths":37,"year":1948}},{"type":"Feature","geometry":{"type":"Point","coordinates":[7.64738611,45.16996611]},"properties":{"name":"","op":"Itavia","deaths":38,"year":1974}},{"type":"Feature","geometry":{"type":"Point","coordinates":[68.785505555,34.022788888]},"properties":{"name":"2011 Chinook shootdown in Afghanistan","op":"United States Army","deaths":38,"year":2011}},{"type":"Feature","geometry":{"type":"Point","coordinates":[7.20778,43.6667]},"properties":{"name":"1952 Air France SNCASE Languedoc crash","op":"Air France","deaths":38,"year":1952}},{"type":"Feature","geometry":{"type":"Point","coordinates":[-90.30833333,38.71861111]},"properties":{"name":"Ozark Air Lines Flight 809","op":"","deaths":38,"year":1973}},{"type":"Feature","geometry":{"type":"Point","coordinates":[-2.974722222,35.414722222]},"properties":{"name":"PauknAir Flight 4101","op":"PauknAir","deaths":38,"year":1998}},{"type":"Feature","geometry":{"type":"Point","coordinates":[-118.658,33.9489]},"properties":{"name":"United Airlines Flight 266","op":"United Airlines","deaths":38,"year":1969}},{"type":"Feature","geometry":{"type":"Point","coordinates":[-65.9,-58.583333333]},"properties":{"name":"2019 Chilean Air Force C-130 accident","op":"Chilean Air Force","deaths":38,"year":2019}},{"type":"Feature","geometry":{"type":"Point","coordinates":[-83.43083333,40.69361111]},"properties":{"name":"Lake Central Flight 527","op":"Lake Central Airlines","deaths":38,"year":1967}},{"type":"Feature","geometry":{"type":"Point","coordinates":[100.0363139,9.51694722]},"properties":{"name":"Bangkok Airways Flight 125","op":"Bangkok Airways","deaths":38,"year":1990}},{"type":"Feature","geometry":{"type":"Point","coordinates":[54.47,57.61]},"properties":{"name":"Aeroflot Flight 6263","op":"Aeroflot","deaths":39,"year":1973}},{"type":"Feature","geometry":{"type":"Point","coordinates":[-58.46382222,48.60274444]},"properties":{"name":"1946 American Overseas Airlines Douglas DC-4 crash","op":"American Overseas Airlines","deaths":39,"year":1946}},{"type":"Feature","geometry":{"type":"Point","coordinates":[51.2665,35.7046]},"properties":{"name":"Sepahan Airlines Flight 5915","op":"Sepahan Airlines","deaths":39,"year":2014}},{"type":"Feature","geometry":{"type":"Point","coordinates":[6.06138889,59.08527778]},"properties":{"name":"1961 Holtaheia Vickers Viking crash","op":"","deaths":39,"year":1961}},{"type":"Feature","geometry":{"type":"Point","coordinates":[-83.0614,36.0268]},"properties":{"name":"United Airlines Flight 823","op":"United Airlines","deaths":39,"year":1964}},{"type":"Feature","geometry":{"type":"Point","coordinates":[-154.141,59.7714]},"properties":{"name":"Wien Consolidated Airlines Flight 55","op":"Wien Air Alaska","deaths":39,"year":1968}},{"type":"Feature","geometry":{"type":"Point","coordinates":[-4.5044,55.5084]},"properties":{"name":"1948 KLM Constellation air disaster","op":"KLM","deaths":40,"year":1948}},{"type":"Feature","geometry":{"type":"Point","coordinates":[-74.5167,-8.38333]},"properties":{"name":"TANS Perú Flight 204","op":"TANS Peru","deaths":40,"year":2005}},{"type":"Feature","geometry":{"type":"Point","coordinates":[149.147,-21.22]},"properties":{"name":"Bakers Creek air crash","op":"","deaths":40,"year":1943}},{"type":"Feature","geometry":{"type":"Point","coordinates":[10.33916667,59.86583333]},"properties":{"name":"Braathens SAFE Flight 239","op":"Braathens","deaths":40,"year":1972}},{"type":"Feature","geometry":{"type":"Point","coordinates":[-10.0258,6.9775]},"properties":{"name":"Pan Am Flight 151","op":"Pan Am","deaths":40,"year":1951}},{"type":"Feature","geometry":{"type":"Point","coordinates":[-54.107158333,-31.385686111]},"properties":{"name":"Varig C-46 crash","op":"","deaths":40,"year":1957}},{"type":"Feature","geometry":{"type":"Point","coordinates":[-1.18103,51.6774]},"properties":{"name":"1965 Little Baldon Hastings accident","op":"Royal Air Force","deaths":41,"year":1965}},{"type":"Feature","geometry":{"type":"Point","coordinates":[25.95,2.95]},"properties":{"name":"1998 Lignes Aériennes Congolaises crash","op":"Lignes Aériennes Congolaises","deaths":41,"year":1998}},{"type":"Feature","geometry":{"type":"Point","coordinates":[71.1458,34.0931]},"properties":{"name":"2009 Pakistan Army Mil Mi-17 crash","op":"Pakistan Army","deaths":41,"year":2009}},{"type":"Feature","geometry":{"type":"Point","coordinates":[19.380555555,42.862222222]},"properties":{"name":"JAT Airways Flight 769","op":"Jat Airways","deaths":41,"year":1973}},{"type":"Feature","geometry":{"type":"Point","coordinates":[131.130774,-0.914307]},"properties":{"name":"Merpati Nusantara Airlines Flight 724","op":"Merpati Nusantara Airlines","deaths":41,"year":1993}},{"type":"Feature","geometry":{"type":"Point","coordinates":[37.403055555,55.969166666]},"properties":{"name":"Aeroflot Flight 1492","op":"Aeroflot","deaths":41,"year":2019}},{"type":"Feature","geometry":{"type":"Point","coordinates":[6.69972,44.2903]},"properties":{"name":"Air France Flight 178","op":"Air France","deaths":42,"year":1953}},{"type":"Feature","geometry":{"type":"Point","coordinates":[114.283,30.5833]},"properties":{"name":"Wuhan Airlines Flight 343","op":"Wuhan Airlines","deaths":42,"year":2000}},{"type":"Feature","geometry":{"type":"Point","coordinates":[21.314722222,48.444166666]},"properties":{"name":"2006 Slovak Air Force Antonov An-24 crash","op":"Slovak Air Force","deaths":42,"year":2006}},{"type":"Feature","geometry":{"type":"Point","coordinates":[-95.53897222,40.17494444]},"properties":{"name":"Braniff Flight 250","op":"Braniff International Airways","deaths":42,"year":1966}},{"type":"Feature","geometry":{"type":"Point","coordinates":[-86.33,28.57]},"properties":{"name":"National Airlines Flight 967","op":"National Airlines","deaths":42,"year":1959}},{"type":"Feature","geometry":{"type":"Point","coordinates":[-115.78225,49.6114]},"properties":{"name":"Pacific Western Airlines Flight 314","op":"Pacific Western Airlines","deaths":42,"year":1978}},{"type":"Feature","geometry":{"type":"Point","coordinates":[28.6661,40.7473]},"properties":{"name":"Turkish Airlines flight 345","op":"Turkish Airlines","deaths":42,"year":1975}},{"type":"Feature","geometry":{"type":"Point","coordinates":[24.0167,35.5167]},"properties":{"name":"","op":"","deaths":42,"year":1975}},{"type":"Feature","geometry":{"type":"Point","coordinates":[4.974722,52.318611]},"properties":{"name":"El Al Flight 1862","op":"EL AL Israel Airlines Ltd.","deaths":43,"year":1992}},{"type":"Feature","geometry":{"type":"Point","coordinates":[-120.856944444,35.522222222]},"properties":{"name":"Pacific Southwest Airlines Flight 1771","op":"Pacific Southwest Airlines","deaths":43,"year":1987}},{"type":"Feature","geometry":{"type":"Point","coordinates":[-77.16,-11.967]},"properties":{"name":"1987 Alianza Lima air disaster","op":"Peruvian Navy","deaths":43,"year":1987}},{"type":"Feature","geometry":{"type":"Point","coordinates":[40.12111111,57.55194444]},"properties":{"name":"2011 Lokomotiv Yaroslavl air disaster","op":"Yak-Service","deaths":43,"year":2011}},{"type":"Feature","geometry":{"type":"Point","coordinates":[67.160833333,24.906666666]},"properties":{"name":"Pan Am Flight 73","op":"Pan Am","deaths":43,"year":1986}},{"type":"Feature","geometry":{"type":"Point","coordinates":[-81.7943,24.5352]},"properties":{"name":"Cubana de Aviación Flight 493","op":"","deaths":43,"year":1951}},{"type":"Feature","geometry":{"type":"Point","coordinates":[55.68333333,25.61666667]},"properties":{"name":"Kish Air Flight 7170","op":"","deaths":43,"year":2004}},{"type":"Feature","geometry":{"type":"Point","coordinates":[-80.88340833,25.56481944]},"properties":{"name":"Northwest Airlines Flight 705","op":"Northwest Airlines","deaths":43,"year":1963}},{"type":"Feature","geometry":{"type":"Point","coordinates":[-87.0399,30.7505]},"properties":{"name":"USMC R4Q NROTC crash","op":"United States Marine Corps","deaths":43,"year":1953}},{"type":"Feature","geometry":{"type":"Point","coordinates":[-111.995,40.7725]},"properties":{"name":"United Airlines Flight 227","op":"United Airlines","deaths":43,"year":1965}},{"type":"Feature","geometry":{"type":"Point","coordinates":[-73.8847,40.7683]},"properties":{"name":"United Airlines Flight 521","op":"United Airlines","deaths":43,"year":1947}},{"type":"Feature","geometry":{"type":"Point","coordinates":[-76.361,40.8204]},"properties":{"name":"United Airlines Flight 624","op":"United Airlines","deaths":43,"year":1948}},{"type":"Feature","geometry":{"type":"Point","coordinates":[88.082081,22.788577]},"properties":{"name":"BOAC Flight 783","op":"","deaths":43,"year":1953}},{"type":"Feature","geometry":{"type":"Point","coordinates":[21.2044,56.8733]},"properties":{"name":"Aeroflot Flight 51","op":"Aeroflot","deaths":43,"year":1967}},{"type":"Feature","geometry":{"type":"Point","coordinates":[10.555,43.75]},"properties":{"name":"","op":"","deaths":44,"year":1977}},{"type":"Feature","geometry":{"type":"Point","coordinates":[69.05416667,35.30361111]},"properties":{"name":"Pamir Airways Flight 112","op":"Pamir Airways","deaths":44,"year":2010}},{"type":"Feature","geometry":{"type":"Point","coordinates":[129.0158,47.7554]},"properties":{"name":"Henan Airlines Flight 8387","op":"Henan Airlines","deaths":44,"year":2010}},{"type":"Feature","geometry":{"type":"Point","coordinates":[46.748333333,39.758333333]},"properties":{"name":"1992 Azerbaijani Mil Mi-8 shootdown","op":"Azerbaijani Air Force","deaths":44,"year":1992}},{"type":"Feature","geometry":{"type":"Point","coordinates":[45.72277778,64.89583333]},"properties":{"name":"Aeroflot Flight 601","op":"Aeroflot","deaths":44,"year":1983}},{"type":"Feature","geometry":{"type":"Point","coordinates":[-79.174955,-4.537825]},"properties":{"name":"1982 Aerocondor DHC-4 Caribou accident","op":"Aerocondor","deaths":44,"year":1982}},{"type":"Feature","geometry":{"type":"Point","coordinates":[-104.956,40.2001]},"properties":{"name":"United Airlines Flight 629","op":"United Airlines","deaths":44,"year":1955}},{"type":"Feature","geometry":{"type":"Point","coordinates":[52.246944444,33.206944444]},"properties":{"name":"Aeromist-Kharkiv Flight 2137","op":"Aeromist-Kharkiv","deaths":44,"year":2002}},{"type":"Feature","geometry":{"type":"Point","coordinates":[-9.6,30.4333]},"properties":{"name":"Royal Air Maroc Flight 630","op":"Royal Air Maroc","deaths":44,"year":1994}},{"type":"Feature","geometry":{"type":"Point","coordinates":[-143.567,29.433]},"properties":{"name":"Pan Am Flight 7","op":"Pan Am","deaths":44,"year":1957}},{"type":"Feature","geometry":{"type":"Point","coordinates":[-69.9397,-4.2497]},"properties":{"name":"1982 TABA Fairchild FH-227 accident","op":"TABA – Transportes Aéreos da Bacia Amazônica","deaths":44,"year":1982}},{"type":"Feature","geometry":{"type":"Point","coordinates":[8.531112,50.061667]},"properties":{"name":"1953 Sabena Convair Crash","op":"Sabena","deaths":44,"year":1953}},{"type":"Feature","geometry":{"type":"Point","coordinates":[-121.874,37.7592]},"properties":{"name":"Pacific Air Lines Flight 773","op":"Pacific Air Lines","deaths":44,"year":1964}},{"type":"Feature","geometry":{"type":"Point","coordinates":[14.42611111,40.82166667]},"properties":{"name":"Alitalia Flight 45","op":"Alitalia","deaths":45,"year":1964}},{"type":"Feature","geometry":{"type":"Point","coordinates":[84.383333333,55.233333333]},"properties":{"name":"Aeroflot Flight 1661","op":"Aeroflot","deaths":45,"year":1970}},{"type":"Feature","geometry":{"type":"Point","coordinates":[69.213611111,34.426666666]},"properties":{"name":"1998 Ariana Afghan Airlines crash","op":"Ariana Afghan Airlines","deaths":45,"year":1998}},{"type":"Feature","geometry":{"type":"Point","coordinates":[-71.727777777,10.558333333]},"properties":{"name":"Aeropostal Alas de Venezuela Flight 108","op":"Aeropostal Alas de Venezuela","deaths":45,"year":1991}},{"type":"Feature","geometry":{"type":"Point","coordinates":[-87.715,41.764166666]},"properties":{"name":"United Air Lines Flight 553","op":"United Airlines","deaths":45,"year":1972}},{"type":"Feature","geometry":{"type":"Point","coordinates":[8.677526,50.07247]},"properties":{"name":"KLM Flight 592","op":"KLM","deaths":45,"year":1952}},{"type":"Feature","geometry":{"type":"Point","coordinates":[-93.05784722,40.54706389]},"properties":{"name":"Continental Airlines Flight 11","op":"Continental Airlines","deaths":45,"year":1962}},{"type":"Feature","geometry":{"type":"Point","coordinates":[71.41666667,30.28333333]},"properties":{"name":"PIA Flight 688","op":"Pakistan International Airlines","deaths":45,"year":2006}},{"type":"Feature","geometry":{"type":"Point","coordinates":[106.74472222,-6.71]},"properties":{"name":"2012 Mount Salak Sukhoi Superjet crash","op":"Sukhoi","deaths":45,"year":2012}},{"type":"Feature","geometry":{"type":"Point","coordinates":[8.76009444,53.05039722]},"properties":{"name":"Lufthansa Flight 005","op":"Lufthansa","deaths":46,"year":1966}},{"type":"Feature","geometry":{"type":"Point","coordinates":[8.4475,47.54722222]},"properties":{"name":"Alitalia Flight 404","op":"Alitalia","deaths":46,"year":1990}},{"type":"Feature","geometry":{"type":"Point","coordinates":[8.516116,49.468175]},"properties":{"name":"1982 Mannheim helicopter crash","op":"United States Army","deaths":46,"year":1982}},{"type":"Feature","geometry":{"type":"Point","coordinates":[-71.225030555,8.654977777]},"properties":{"name":"Santa Bárbara Airlines Flight 518","op":"SBA Airlines","deaths":46,"year":2008}},{"type":"Feature","geometry":{"type":"Point","coordinates":[8.7,3.5]},"properties":{"name":"Aeroflot Flight 418","op":"Aeroflot","deaths":46,"year":1976}},{"type":"Feature","geometry":{"type":"Point","coordinates":[-87.952777777,30.173611111]},"properties":{"name":"National Airlines Flight 470","op":"National Airlines","deaths":46,"year":1953}},{"type":"Feature","geometry":{"type":"Point","coordinates":[-103.441944444,20.501944444]},"properties":{"name":"Aeroméxico Flight 111","op":"Aeroméxico","deaths":46,"year":1958}},{"type":"Feature","geometry":{"type":"Point","coordinates":[144.81666667,13.49166667]},"properties":{"name":"Air Manila Flight 702","op":"Air Manila","deaths":46,"year":1976}},{"type":"Feature","geometry":{"type":"Point","coordinates":[-71.215194444,-29.905638888]},"properties":{"name":"Aeronor Flight 304","op":"","deaths":46,"year":1982}},{"type":"Feature","geometry":{"type":"Point","coordinates":[-78.047222222,-6.023611111]},"properties":{"name":"TANS Perú Flight 222","op":"TANS Peru","deaths":46,"year":2003}},{"type":"Feature","geometry":{"type":"Point","coordinates":[34.14805556,61.86944444]},"properties":{"name":"RusAir Flight 9605","op":"RusAir","deaths":47,"year":2011}},{"type":"Feature","geometry":{"type":"Point","coordinates":[-1.299305555,52.831944444]},"properties":{"name":"Kegworth air disaster","op":"British Midland Airways Limited","deaths":47,"year":1989}},{"type":"Feature","geometry":{"type":"Point","coordinates":[73.177933333,34.005916666]},"properties":{"name":"PIA Flight 661","op":"Pakistan International Airlines","deaths":47,"year":2016}},{"type":"Feature","geometry":{"type":"Point","coordinates":[-66.92,10.652]},"properties":{"name":"1978 LAV HS 748 accident","op":"Aeropostal Alas de Venezuela","deaths":47,"year":1978}},{"type":"Feature","geometry":{"type":"Point","coordinates":[-77.93337778,7.98308056]},"properties":{"name":"Copa Airlines Flight 201","op":"Copa Airlines","deaths":47,"year":1992}},{"type":"Feature","geometry":{"type":"Point","coordinates":[-149.936833333,61.167888888]},"properties":{"name":"Capitol International Airways Flight 3/26","op":"Capitol Air","deaths":47,"year":1970}},{"type":"Feature","geometry":{"type":"Point","coordinates":[32.98,40.113]},"properties":{"name":"Turkish Airlines flight 158","op":"Turkish Airlines","deaths":47,"year":1983}},{"type":"Feature","geometry":{"type":"Point","coordinates":[8.23962885,47.53641148]},"properties":{"name":"Swissair Flight 330","op":"Swissair","deaths":47,"year":1970}},{"type":"Feature","geometry":{"type":"Point","coordinates":[-25.20761389,37.80910556]},"properties":{"name":"1949 Air France Lockheed Constellation crash","op":"Air France","deaths":48,"year":1949}},{"type":"Feature","geometry":{"type":"Point","coordinates":[6.85972222,45.83305556]},"properties":{"name":"Air India Flight 245","op":"Air India","deaths":48,"year":1950}},{"type":"Feature","geometry":{"type":"Point","coordinates":[30.42166667,50.40055556]},"properties":{"name":"Aeroflot Flight 36 (1976)","op":"Aeroflot","deaths":48,"year":1976}},{"type":"Feature","geometry":{"type":"Point","coordinates":[108.7333333,53.61666667]},"properties":{"name":"Aeroflot Flight 498","op":"Aeroflot","deaths":48,"year":1981}},{"type":"Feature","geometry":{"type":"Point","coordinates":[29.08333333,-16.78333333]},"properties":{"name":"Air Rhodesia Flight 825","op":"Air Rhodesia","deaths":48,"year":1978}},{"type":"Feature","geometry":{"type":"Point","coordinates":[-84.6154,38.0379]},"properties":{"name":"Comair Flight 5191","op":"Comair","deaths":49,"year":2006}},{"type":"Feature","geometry":{"type":"Point","coordinates":[-115.2056,35.9998]},"properties":{"name":"United Airlines Flight 736","op":"United Airlines","deaths":49,"year":1958}},{"type":"Feature","geometry":{"type":"Point","coordinates":[39.479722222,48.398333333]},"properties":{"name":"2014 Ukrainian Air Force Il-76 shootdown","op":"Ukrainian Air Force","deaths":49,"year":2014}},{"type":"Feature","geometry":{"type":"Point","coordinates":[90.3825,23.86]},"properties":{"name":"1984 Biman Bangladesh Airlines Fokker F27 crash","op":"","deaths":49,"year":1984}},{"type":"Feature","geometry":{"type":"Point","coordinates":[-76.15833333,-12.41666667]},"properties":{"name":"LANSA Flight 501","op":"LANSA","deaths":49,"year":1966}},{"type":"Feature","geometry":{"type":"Point","coordinates":[105.73305556,15.15166667]},"properties":{"name":"Lao Airlines Flight 301","op":"Lao Airlines","deaths":49,"year":2013}},{"type":"Feature","geometry":{"type":"Point","coordinates":[10.85689444,45.37626667]},"properties":{"name":"Banat Air Flight 166","op":"Romavia","deaths":49,"year":1995}},{"type":"Feature","geometry":{"type":"Point","coordinates":[12.2375,41.8028]},"properties":{"name":"TWA Flight 800","op":"Trans World Airlines","deaths":50,"year":1964}},{"type":"Feature","geometry":{"type":"Point","coordinates":[30.324,59.675]},"properties":{"name":"1981 Pushkin Tu-104 crash","op":"Soviet Navy","deaths":50,"year":1981}},{"type":"Feature","geometry":{"type":"Point","coordinates":[-104.985,39.7392]},"properties":{"name":"United Airlines Flight 610","op":"United Airlines","deaths":50,"year":1951}},{"type":"Feature","geometry":{"type":"Point","coordinates":[-78.6391,43.0116]},"properties":{"name":"Colgan Air Flight 3407","op":"Colgan Air","deaths":50,"year":2009}},{"type":"Feature","geometry":{"type":"Point","coordinates":[-4.49778,36.6756]},"properties":{"name":"Spantax Flight 995","op":"Spantax","deaths":50,"year":1982}},{"type":"Feature","geometry":{"type":"Point","coordinates":[14.467777777,35.822777777]},"properties":{"name":"1956 Scottish Airlines Malta air disaster","op":"","deaths":50,"year":1956}},{"type":"Feature","geometry":{"type":"Point","coordinates":[-75.47,2.03]},"properties":{"name":"Aeropesca Colombia Flight 221","op":"Intercontinental de Aviación","deaths":50,"year":1981}},{"type":"Feature","geometry":{"type":"Point","coordinates":[23.4731,42.6925]},"properties":{"name":"1984 Balkan Bulgarian Tupolev Tu-134 crash","op":"Balkan Bulgarian Airlines","deaths":50,"year":1984}},{"type":"Feature","geometry":{"type":"Point","coordinates":[132.6829,33.8349]},"properties":{"name":"All Nippon Airways Flight 533","op":"All Nippon Airways","deaths":50,"year":1966}},{"type":"Feature","geometry":{"type":"Point","coordinates":[-118.0,34.175]},"properties":{"name":"Hughes Airwest Flight 706","op":"Hughes Airwest","deaths":50,"year":1971}},{"type":"Feature","geometry":{"type":"Point","coordinates":[-121.9925,37.614444444]},"properties":{"name":"United Airlines Flight 615","op":"United Airlines","deaths":50,"year":1951}},{"type":"Feature","geometry":{"type":"Point","coordinates":[-50.7842,-9.75198]},"properties":{"name":"Pan Am Flight 202","op":"Pan Am","deaths":50,"year":1952}},{"type":"Feature","geometry":{"type":"Point","coordinates":[45.393,2.355]},"properties":{"name":"Somali Airlines Flight 40","op":"Somali Airlines","deaths":50,"year":1981}},{"type":"Feature","geometry":{"type":"Point","coordinates":[42.05,44.2167]},"properties":{"name":"Stavropolskaya Aktsionernaya Avia Flight 1023","op":"Stavropolskaya Aktsionernaya Avia","deaths":50,"year":1997}},{"type":"Feature","geometry":{"type":"Point","coordinates":[-59.345,-2.8497]},"properties":{"name":"1962 Paraná da Eva Panair do Brasil Lockheed Constellation crash","op":"Panair do Brasil","deaths":50,"year":1962}},{"type":"Feature","geometry":{"type":"Point","coordinates":[-77.82823333,39.15496111]},"properties":{"name":"Pennsylvania Central Airlines Flight 410","op":"Capital Airlines","deaths":50,"year":1947}},{"type":"Feature","geometry":{"type":"Point","coordinates":[49.281666666,55.606666666]},"properties":{"name":"Tatarstan Airlines Flight 363","op":"Tatarstan Airlines","deaths":50,"year":2013}},{"type":"Feature","geometry":{"type":"Point","coordinates":[120.80166667,16.31916667]},"properties":{"name":"Philippine Airlines Flight 206","op":"Philippine Airlines","deaths":50,"year":1987}},{"type":"Feature","geometry":{"type":"Point","coordinates":[-66.95,10.6]},"properties":{"name":"Pan Am Flight 217","op":"Pan Am","deaths":51,"year":1968}},{"type":"Feature","geometry":{"type":"Point","coordinates":[35.7875,55.74055556]},"properties":{"name":"Aeroflot Flight 2022","op":"Aeroflot","deaths":51,"year":1973}},{"type":"Feature","geometry":{"type":"Point","coordinates":[47.41666667,42.88333333]},"properties":{"name":"Aeroflot-Yugavia Flight 519","op":"","deaths":51,"year":1991}},{"type":"Feature","geometry":{"type":"Point","coordinates":[-75.35,9.983333333]},"properties":{"name":"Intercontinental de Aviación Flight 256","op":"Intercontinental de Aviación","deaths":51,"year":1995}},{"type":"Feature","geometry":{"type":"Point","coordinates":[10.2186,43.5478]},"properties":{"name":"1971 RAF Hercules crash","op":"No. 24 Squadron RAF","deaths":52,"year":1971}},{"type":"Feature","geometry":{"type":"Point","coordinates":[15.41,-4.4]},"properties":{"name":"2007 Africa One Antonov An-26 crash","op":"Malift Air","deaths":52,"year":2007}},{"type":"Feature","geometry":{"type":"Point","coordinates":[-112.137,37.685]},"properties":{"name":"United Air Lines Flight 608","op":"United Airlines","deaths":52,"year":1947}},{"type":"Feature","geometry":{"type":"Point","coordinates":[-47.10670833,-23.02455556]},"properties":{"name":"Aerolíneas Argentinas Flight 322","op":"","deaths":52,"year":1961}},{"type":"Feature","geometry":{"type":"Point","coordinates":[11.549722,48.138889]},"properties":{"name":"1960 Munich Convair 340 crash","op":"Third Air Force","deaths":52,"year":1960}},{"type":"Feature","geometry":{"type":"Point","coordinates":[11.25,49.6333]},"properties":{"name":"ČSA Flight 511 (March 1961)","op":"Czech Airlines","deaths":52,"year":1961}},{"type":"Feature","geometry":{"type":"Point","coordinates":[45.45888889,39.18944444]},"properties":{"name":"Azerbaijan Airlines Flight 56","op":"Azerbaijan Airlines","deaths":52,"year":1995}},{"type":"Feature","geometry":{"type":"Point","coordinates":[-121.763611111,51.596111111]},"properties":{"name":"Canadian Pacific Air Lines Flight 21","op":"Canadian Pacific Air Lines","deaths":52,"year":1965}},{"type":"Feature","geometry":{"type":"Point","coordinates":[100.619,13.956]},"properties":{"name":"EgyptAir Flight 864","op":"EgyptAir","deaths":52,"year":1976}},{"type":"Feature","geometry":{"type":"Point","coordinates":[-66.25138855,18.53499985]},"properties":{"name":"Pan Am Flight 526A","op":"Pan Am","deaths":52,"year":1952}},{"type":"Feature","geometry":{"type":"Point","coordinates":[31.41666667,51.28333333]},"properties":{"name":"Aeroflot Flight 1802","op":"Aeroflot","deaths":52,"year":1976}},{"type":"Feature","geometry":{"type":"Point","coordinates":[-74.052194,4.6333386]},"properties":{"name":"Air France Flight 422","op":"TAME","deaths":53,"year":1998}},{"type":"Feature","geometry":{"type":"Point","coordinates":[109.841944444,40.650833333]},"properties":{"name":"China Eastern Airlines Flight 5210","op":"China Eastern Airlines","deaths":53,"year":2004}},{"type":"Feature","geometry":{"type":"Point","coordinates":[-66.204,18.469]},"properties":{"name":"1949 Strato-Freight Curtiss C-46A crash","op":"Strato-Freight","deaths":53,"year":1949}},{"type":"Feature","geometry":{"type":"Point","coordinates":[126.537026944,33.391868055]},"properties":{"name":"Jeju Island military aircraft crash","op":"Republic of Korea Air Force","deaths":53,"year":1982}},{"type":"Feature","geometry":{"type":"Point","coordinates":[69.916666666,33.333333333]},"properties":{"name":"Bakhtar Afghan Airlines shootdown in Khost","op":"","deaths":53,"year":1987}},{"type":"Feature","geometry":{"type":"Point","coordinates":[-76.071,39.609]},"properties":{"name":"Eastern Air Lines Flight 605","op":"Eastern Air Lines","deaths":53,"year":1947}},{"type":"Feature","geometry":{"type":"Point","coordinates":[7.561111111,6.473888888]},"properties":{"name":"Nigeria Airways Flight 250","op":"Nigeria Airways","deaths":53,"year":1983}},{"type":"Feature","geometry":{"type":"Point","coordinates":[-76.330555,4.9092]},"properties":{"name":"1947 Avianca Douglas DC-4 crash","op":"Avianca","deaths":53,"year":1947}},{"type":"Feature","geometry":{"type":"Point","coordinates":[19.6333,49.6333]},"properties":{"name":"LOT Polish Airlines Flight 165 (1969)","op":"LOT Polish Airlines","deaths":53,"year":1969}},{"type":"Feature","geometry":{"type":"Point","coordinates":[-24.05,50.75]},"properties":{"name":"1951 Atlantic C-124 disappearance","op":"United States Air Force","deaths":53,"year":1951}},{"type":"Feature","geometry":{"type":"Point","coordinates":[-0.7156,44.8283]},"properties":{"name":"TAI Flight 307","op":"Transports Aériens Intercontinentaux","deaths":54,"year":1959}},{"type":"Feature","geometry":{"type":"Point","coordinates":[49.81666667,61.2]},"properties":{"name":"Aeroflot Flight 2306","op":"Aeroflot","deaths":54,"year":1986}},{"type":"Feature","geometry":{"type":"Point","coordinates":[35.436487,31.932133]},"properties":{"name":"1977 Israeli Air Force Sikorsky CH-53 Sea Stallion crash","op":"","deaths":54,"year":1977}},{"type":"Feature","geometry":{"type":"Point","coordinates":[121.490593,24.069585]},"properties":{"name":"China Airlines Flight 204","op":"China Airlines","deaths":54,"year":1989}},{"type":"Feature","geometry":{"type":"Point","coordinates":[140.49921667,-4.82145556]},"properties":{"name":"Trigana Air Service Flight 267","op":"Trigana Air Service","deaths":54,"year":2015}},{"type":"Feature","geometry":{"type":"Point","coordinates":[74.5901,35.2369]},"properties":{"name":"Pakistan International Airlines Flight 404","op":"Pakistan International Airlines","deaths":54,"year":1989}},{"type":"Feature","geometry":{"type":"Point","coordinates":[31.2333,30.05]},"properties":{"name":"TWA Flight 903","op":"Trans World Airlines","deaths":55,"year":1950}},{"type":"Feature","geometry":{"type":"Point","coordinates":[-77.045,38.835]},"properties":{"name":"Eastern Air Lines Flight 537","op":"Eastern Air Lines","deaths":55,"year":1949}},{"type":"Feature","geometry":{"type":"Point","coordinates":[-2.293333333,53.345833333]},"properties":{"name":"British Airtours Flight 28M","op":"British Airtours","deaths":55,"year":1985}},{"type":"Feature","geometry":{"type":"Point","coordinates":[9.95,57.58333333]},"properties":{"name":"Partnair Flight 394","op":"Partnair","deaths":55,"year":1989}},{"type":"Feature","geometry":{"type":"Point","coordinates":[75.33329722,19.88329722]},"properties":{"name":"Indian Airlines Flight 491","op":"Indian Airlines","deaths":55,"year":1993}},{"type":"Feature","geometry":{"type":"Point","coordinates":[-48.445789,-27.493353]},"properties":{"name":"Transbrasil Flight 303","op":"Transbrasil","deaths":55,"year":1980}},{"type":"Feature","geometry":{"type":"Point","coordinates":[85.14277778,25.61083333]},"properties":{"name":"Alliance Air Flight 7412","op":"Alliance Air","deaths":55,"year":2000}},{"type":"Feature","geometry":{"type":"Point","coordinates":[50.56905556,40.33016667]},"properties":{"name":"Aeroflot Flight 13","op":"Aeroflot","deaths":56,"year":1973}},{"type":"Feature","geometry":{"type":"Point","coordinates":[-7.964722222,37.012777777]},"properties":{"name":"Martinair Flight 495","op":"Martinair","deaths":56,"year":1992}},{"type":"Feature","geometry":{"type":"Point","coordinates":[30.201944,37.873333]},"properties":{"name":"Atlasjet Flight 4203","op":"Atlasglobal","deaths":57,"year":2007}},{"type":"Feature","geometry":{"type":"Point","coordinates":[43.23,38.4]},"properties":{"name":"Turkish Airlines Flight 278","op":"Turkish Airlines","deaths":57,"year":1994}},{"type":"Feature","geometry":{"type":"Point","coordinates":[13.215277777,-8.893888888]},"properties":{"name":"2000 ASA Pesada Antonov An-24 crash","op":"","deaths":57,"year":2000}},{"type":"Feature","geometry":{"type":"Point","coordinates":[46.04666667,51.565]},"properties":{"name":"Aeroflot Flight 2174","op":"Aeroflot","deaths":57,"year":1971}},{"type":"Feature","geometry":{"type":"Point","coordinates":[-86.6167,42.3667]},"properties":{"name":"Northwest Orient Airlines Flight 2501","op":"Northwest Airlines","deaths":58,"year":1950}},{"type":"Feature","geometry":{"type":"Point","coordinates":[37.2675,55.5961]},"properties":{"name":"Aeroflot Flight 1691","op":"Aeroflot","deaths":58,"year":1979}},{"type":"Feature","geometry":{"type":"Point","coordinates":[5.839444444,44.775277777]},"properties":{"name":"1950 Tête de l'Obiou C-54 crash","op":"Curtiss Reid Flying Services","deaths":58,"year":1950}},{"type":"Feature","geometry":{"type":"Point","coordinates":[136.14611111,-1.20333333]},"properties":{"name":"KLM Flight 844","op":"KLM","deaths":58,"year":1957}},{"type":"Feature","geometry":{"type":"Point","coordinates":[23.21666667,41.4]},"properties":{"name":"El Al Flight 402","op":"EL AL Israel Airlines Ltd.","deaths":58,"year":1955}},{"type":"Feature","geometry":{"type":"Point","coordinates":[-84.6834,39.0877]},"properties":{"name":"American Airlines Flight 383","op":"American Airlines","deaths":58,"year":1965}},{"type":"Feature","geometry":{"type":"Point","coordinates":[172.6,19.86666667]},"properties":{"name":"Transocean Air Lines Flight 512","op":"Transocean Airlines","deaths":58,"year":1953}},{"type":"Feature","geometry":{"type":"Point","coordinates":[-90.313,30.179]},"properties":{"name":"Eastern Air Lines Flight 304","op":"Eastern Air Lines","deaths":58,"year":1964}},{"type":"Feature","geometry":{"type":"Point","coordinates":[28.19506944,53.87911389]},"properties":{"name":"Aeroflot Flight 7841","op":"Aeroflot","deaths":58,"year":1985}},{"type":"Feature","geometry":{"type":"Point","coordinates":[-74.21888889,40.66666667]},"properties":{"name":"1951 Miami Airlines C-46 crash","op":"Miami Airlines","deaths":58,"year":1951}},{"type":"Feature","geometry":{"type":"Point","coordinates":[36.908054,-1.333735]},"properties":{"name":"Lufthansa Flight 540","op":"Lufthansa","deaths":59,"year":1974}},{"type":"Feature","geometry":{"type":"Point","coordinates":[40.13472222,48.645]},"properties":{"name":"Aeroflot Flight 245","op":"Aeroflot","deaths":59,"year":1961}},{"type":"Feature","geometry":{"type":"Point","coordinates":[20.370432,32.10456]},"properties":{"name":"1977 Benghazi Libyan Arab Airlines Tu-154 crash","op":"Libyan Airlines","deaths":59,"year":1977}},{"type":"Feature","geometry":{"type":"Point","coordinates":[29.43333333,-16.41666667]},"properties":{"name":"Air Rhodesia Flight 827","op":"Air Rhodesia","deaths":59,"year":1979}},{"type":"Feature","geometry":{"type":"Point","coordinates":[116.11472778,39.86313333]},"properties":{"name":"1945 Beijing C-46 crash","op":"United States Army Air Forces","deaths":59,"year":1945}},{"type":"Feature","geometry":{"type":"Point","coordinates":[26.105638888,44.592583333]},"properties":{"name":"TAROM Flight 371","op":"","deaths":60,"year":1995}},{"type":"Feature","geometry":{"type":"Point","coordinates":[31.68960833,9.57498333]},"properties":{"name":"1986 Sudan Airways Fokker F-27 shootdown","op":"Sudan Airways","deaths":60,"year":1986}},{"type":"Feature","geometry":{"type":"Point","coordinates":[3.725833333,45.836383333]},"properties":{"name":"Air Inter Flight 696","op":"Air Inter","deaths":60,"year":1972}},{"type":"Feature","geometry":{"type":"Point","coordinates":[-6.181183,52.189089]},"properties":{"name":"Aer Lingus Flight 712","op":"Aer Lingus","deaths":61,"year":1968}},{"type":"Feature","geometry":{"type":"Point","coordinates":[98.5,3.25]},"properties":{"name":"1979 Garuda Fokker F28 crash","op":"Garuda Indonesia","deaths":61,"year":1979}},{"type":"Feature","geometry":{"type":"Point","coordinates":[-2.868,53.753]},"properties":{"name":"Freckleton Air Disaster","op":"United States Army Air Forces","deaths":61,"year":1944}},{"type":"Feature","geometry":{"type":"Point","coordinates":[120.65611111,27.91583333]},"properties":{"name":"China Southwest Airlines Flight 4509","op":"China Southwest Airlines","deaths":61,"year":1999}},{"type":"Feature","geometry":{"type":"Point","coordinates":[-66.95,10.6]},"properties":{"name":"Air France Flight 212 (1969)","op":"Air France","deaths":62,"year":1969}},{"type":"Feature","geometry":{"type":"Point","coordinates":[-70.98833333,42.36583333]},"properties":{"name":"Eastern Air Lines Flight 375","op":"","deaths":62,"year":1960}},{"type":"Feature","geometry":{"type":"Point","coordinates":[-47.019722222,-23.049722222]},"properties":{"name":"Voepass Linhas Aéreas Flight 2283","op":"Voepass Linhas Aéreas","deaths":62,"year":2024}},{"type":"Feature","geometry":{"type":"Point","coordinates":[39.828833333,47.265194444]},"properties":{"name":"Flydubai Flight 981","op":"flydubai","deaths":62,"year":2016}},{"type":"Feature","geometry":{"type":"Point","coordinates":[-121.5864,49.0261]},"properties":{"name":"Trans-Canada Air Lines Flight 810","op":"Trans-Canada Air Lines","deaths":62,"year":1956}},{"type":"Feature","geometry":{"type":"Point","coordinates":[106.575,-5.96]},"properties":{"name":"Sriwijaya Air Flight 182","op":"Sriwijaya Air","deaths":62,"year":2021}},{"type":"Feature","geometry":{"type":"Point","coordinates":[37.15833333,55.58694444]},"properties":{"name":"Aeroflot Flight 2003","op":"Aeroflot","deaths":62,"year":1976}},{"type":"Feature","geometry":{"type":"Point","coordinates":[-58.402219444,-34.566836111]},"properties":{"name":"LAPA Flight 3142","op":"","deaths":63,"year":1999}},{"type":"Feature","geometry":{"type":"Point","coordinates":[3.438807,50.990774]},"properties":{"name":"British European Airways Flight 706","op":"British European Airways","deaths":63,"year":1971}},{"type":"Feature","geometry":{"type":"Point","coordinates":[-84.78694444,33.9625]},"properties":{"name":"Southern Airways Flight 242","op":"Southern Airways","deaths":63,"year":1977}},{"type":"Feature","geometry":{"type":"Point","coordinates":[42.6,52.525]},"properties":{"name":"Aeroflot Flight 5484","op":"Aeroflot","deaths":63,"year":1979}},{"type":"Feature","geometry":{"type":"Point","coordinates":[-61.7,16.0]},"properties":{"name":"Air France Flight 212 (1968)","op":"Air France","deaths":63,"year":1968}},{"type":"Feature","geometry":{"type":"Point","coordinates":[-86.63300833,37.91100556]},"properties":{"name":"Northwest Orient Airlines Flight 710","op":"Northwest Airlines","deaths":63,"year":1960}},{"type":"Feature","geometry":{"type":"Point","coordinates":[80.2667,50.4333]},"properties":{"name":"Aeroflot Flight 6551","op":"Aeroflot","deaths":63,"year":1973}},{"type":"Feature","geometry":{"type":"Point","coordinates":[104.844,11.5464]},"properties":{"name":"Vietnam Airlines Flight 815","op":"Vietnam Airlines","deaths":64,"year":1997}},{"type":"Feature","geometry":{"type":"Point","coordinates":[132.95,49.8]},"properties":{"name":"Aeroflot Flight 4","op":"Aeroflot","deaths":64,"year":1958}},{"type":"Feature","geometry":{"type":"Point","coordinates":[139.8065,35.5377]},"properties":{"name":"Canadian Pacific Air Lines Flight 402","op":"Canadian Pacific Air Lines","deaths":64,"year":1966}},{"type":"Feature","geometry":{"type":"Point","coordinates":[77.05505278,43.366625]},"properties":{"name":"Aeroflot Flight 20/101","op":"Aeroflot","deaths":64,"year":1965}},{"type":"Feature","geometry":{"type":"Point","coordinates":[74.478611,43.057778]},"properties":{"name":"Iran Aseman Airlines Flight 6895","op":"Itek Air","deaths":65,"year":2008}},{"type":"Feature","geometry":{"type":"Point","coordinates":[-73.862,40.794]},"properties":{"name":"American Airlines Flight 320","op":"American Airlines","deaths":65,"year":1959}},{"type":"Feature","geometry":{"type":"Point","coordinates":[-88.84931944,13.59955278]},"properties":{"name":"Aviateca Flight 901","op":"","deaths":65,"year":1995}},{"type":"Feature","geometry":{"type":"Point","coordinates":[-74.013138888,40.710777777]},"properties":{"name":"United Airlines Flight 175","op":"United Airlines","deaths":65,"year":2001}},{"type":"Feature","geometry":{"type":"Point","coordinates":[-158.098,21.4392]},"properties":{"name":"1955 Hawaii R6D-1 crash","op":"","deaths":66,"year":1955}},{"type":"Feature","geometry":{"type":"Point","coordinates":[27.155,38.2892]},"properties":{"name":"Turkish Airlines Flight 301","op":"Turkish Airlines","deaths":66,"year":1974}},{"type":"Feature","geometry":{"type":"Point","coordinates":[14.27888889,50.11777778]},"properties":{"name":"Aeroflot Flight 141","op":"Aeroflot","deaths":66,"year":1973}},{"type":"Feature","geometry":{"type":"Point","coordinates":[8.54265881,48.53767395]},"properties":{"name":"1955 Altensteig mid-air collision","op":"United States Air Force","deaths":66,"year":1955}},{"type":"Feature","geometry":{"type":"Point","coordinates":[51.91638889,33.51333333]},"properties":{"name":"Iran Aseman Airlines Flight 746","op":"","deaths":66,"year":1994}},{"type":"Feature","geometry":{"type":"Point","coordinates":[28.7924,33.6757]},"properties":{"name":"EgyptAir Flight 804","op":"EgyptAir","deaths":66,"year":2016}},{"type":"Feature","geometry":{"type":"Point","coordinates":[-106.329,41.345]},"properties":{"name":"United Airlines Flight 409","op":"United Airlines","deaths":66,"year":1955}},{"type":"Feature","geometry":{"type":"Point","coordinates":[50.39722222,55.47]},"properties":{"name":"Aeroflot Flight 25","op":"Aeroflot","deaths":67,"year":1963}},{"type":"Feature","geometry":{"type":"Point","coordinates":[-77.024187,38.845339]},"properties":{"name":"2025 Potomac River mid-air collision","op":"PSA Airlines","deaths":67,"year":2025}},{"type":"Feature","geometry":{"type":"Point","coordinates":[8.89278,45.6275]},"properties":{"name":"TWA Flight 891","op":"Trans World Airlines","deaths":68,"year":1959}},{"type":"Feature","geometry":{"type":"Point","coordinates":[-87.32222222,41.09444444]},"properties":{"name":"American Eagle Flight 4184","op":"American Eagle","deaths":68,"year":1994}},{"type":"Feature","geometry":{"type":"Point","coordinates":[-79.470978,21.744194]},"properties":{"name":"Aero Caribbean Flight 883","op":"Aerocaribbean","deaths":68,"year":2010}},{"type":"Feature","geometry":{"type":"Point","coordinates":[126.310833333,34.708611111]},"properties":{"name":"Asiana Airlines Flight 733","op":"Asiana Airlines","deaths":68,"year":1993}},{"type":"Feature","geometry":{"type":"Point","coordinates":[-82.40916667,22.98916667]},"properties":{"name":"Aeroflot Flight 331","op":"Aeroflot","deaths":68,"year":1977}},{"type":"Feature","geometry":{"type":"Point","coordinates":[-1.43426,47.0161]},"properties":{"name":"1973 Nantes Mid-Air Collision","op":"Iberia","deaths":68,"year":1973}},{"type":"Feature","geometry":{"type":"Point","coordinates":[140.783,41.9331]},"properties":{"name":"Toa Domestic Airlines Flight 63","op":"Toa Domestic Airlines","deaths":68,"year":1971}},{"type":"Feature","geometry":{"type":"Point","coordinates":[93.95,24.82]},"properties":{"name":"Indian Airlines Flight 257","op":"Indian Airlines","deaths":69,"year":1991}},{"type":"Feature","geometry":{"type":"Point","coordinates":[50.159933,53.50563]},"properties":{"name":"Aeroflot Flight 6502","op":"Aeroflot","deaths":70,"year":1986}},{"type":"Feature","geometry":{"type":"Point","coordinates":[7.603611111,49.438333333]},"properties":{"name":"Ramstein air show disaster","op":"Frecce Tricolori","deaths":70,"year":1988}},{"type":"Feature","geometry":{"type":"Point","coordinates":[-77.5,-12.033333333]},"properties":{"name":"Aeroperú Flight 603","op":"Aeroperu","deaths":70,"year":1996}},{"type":"Feature","geometry":{"type":"Point","coordinates":[22.241433,40.227271]},"properties":{"name":"Aerosvit Flight 241","op":"Aerosvit Airlines","deaths":70,"year":1997}},{"type":"Feature","geometry":{"type":"Point","coordinates":[-119.782223,39.465281]},"properties":{"name":"Galaxy Airlines Flight 203","op":"Galaxy Airlines","deaths":70,"year":1985}},{"type":"Feature","geometry":{"type":"Point","coordinates":[-78.5833,-0.25]},"properties":{"name":"Cubana de Aviación Flight 389","op":"Cubana de Aviación","deaths":70,"year":1998}},{"type":"Feature","geometry":{"type":"Point","coordinates":[-74.793888888,-0.178888888]},"properties":{"name":"2026 Colombian Air Force Lockheed C-130 crash","op":"Colombian Air Force","deaths":70,"year":2026}},{"type":"Feature","geometry":{"type":"Point","coordinates":[-84.67,39.0844]},"properties":{"name":"TWA Flight 128","op":"Trans World Airlines","deaths":70,"year":1967}},{"type":"Feature","geometry":{"type":"Point","coordinates":[37.3,44.55]},"properties":{"name":"1976 Anapa mid-air collision","op":"Aeroflot","deaths":70,"year":1976}},{"type":"Feature","geometry":{"type":"Point","coordinates":[9.173888888,47.778333333]},"properties":{"name":"Überlingen mid-air collision","op":"DHL International Aviation ME","deaths":71,"year":2002}},{"type":"Feature","geometry":{"type":"Point","coordinates":[3.4,6.45]},"properties":{"name":"EAS Airlines Flight 4226","op":"EAS Airlines","deaths":71,"year":2002}},{"type":"Feature","geometry":{"type":"Point","coordinates":[9.708833333,3.995388888]},"properties":{"name":"Cameroon Airlines Flight 3701","op":"Cameroon Airlines","deaths":71,"year":1995}},{"type":"Feature","geometry":{"type":"Point","coordinates":[-75.41885,5.978766666]},"properties":{"name":"LaMia Flight 2933","op":"LaMia","deaths":71,"year":2016}},{"type":"Feature","geometry":{"type":"Point","coordinates":[-99.0722,19.4364]},"properties":{"name":"Flight 2605 by Western Airlines","op":"Western Airlines","deaths":72,"year":1979}},{"type":"Feature","geometry":{"type":"Point","coordinates":[-2.15354,53.4073]},"properties":{"name":"Stockport air disaster","op":"British Midland Airways Limited","deaths":72,"year":1967}},{"type":"Feature","geometry":{"type":"Point","coordinates":[4.526777777,50.920888888]},"properties":{"name":"Sabena Flight 548","op":"Sabena","deaths":72,"year":1961}},{"type":"Feature","geometry":{"type":"Point","coordinates":[-7.715834,33.4403]},"properties":{"name":"ČSA Flight 511","op":"Czech Airlines","deaths":72,"year":1961}},{"type":"Feature","geometry":{"type":"Point","coordinates":[-80.9261,35.1539]},"properties":{"name":"Eastern Air Lines Flight 212","op":"Eastern Air Lines","deaths":72,"year":1974}},{"type":"Feature","geometry":{"type":"Point","coordinates":[13.5675,52.38638889]},"properties":{"name":"Aeroflot Flight 892","op":"Aeroflot","deaths":72,"year":1986}},{"type":"Feature","geometry":{"type":"Point","coordinates":[-73.495277777,40.88]},"properties":{"name":"Avianca Flight 052","op":"Avianca","deaths":73,"year":1990}},{"type":"Feature","geometry":{"type":"Point","coordinates":[-59.725,13.13]},"properties":{"name":"Cubana Flight 455","op":"Cubana de Aviación","deaths":73,"year":1976}},{"type":"Feature","geometry":{"type":"Point","coordinates":[35.6411,33.2222]},"properties":{"name":"1997 Israeli helicopter disaster","op":"","deaths":73,"year":1997}},{"type":"Feature","geometry":{"type":"Point","coordinates":[24.0831,43.2794]},"properties":{"name":"1978 Balkan Bulgarian Tupolev Tu-134 crash","op":"Balkan Bulgarian Airlines","deaths":73,"year":1978}},{"type":"Feature","geometry":{"type":"Point","coordinates":[37.29166667,56.01972222]},"properties":{"name":"Aeroflot Flight 2415","op":"Aeroflot","deaths":73,"year":1976}},{"type":"Feature","geometry":{"type":"Point","coordinates":[25.37,0.46944444]},"properties":{"name":"Hewa Bora Airways Flight 952","op":"","deaths":74,"year":2011}},{"type":"Feature","geometry":{"type":"Point","coordinates":[-57.821666666,-33.021666666]},"properties":{"name":"Austral Líneas Aéreas Flight 2553","op":"","deaths":74,"year":1997}},{"type":"Feature","geometry":{"type":"Point","coordinates":[-73.712,40.225]},"properties":{"name":"Linea Aeropostal Venezolana Flight 253 (June 1956)","op":"Aeropostal Alas de Venezuela","deaths":74,"year":1956}},{"type":"Feature","geometry":{"type":"Point","coordinates":[40.2008,37.8939]},"properties":{"name":"Turkish Airlines flight 634","op":"Turkish Airlines","deaths":75,"year":2003}},{"type":"Feature","geometry":{"type":"Point","coordinates":[88.149722222,53.300833333]},"properties":{"name":"Aeroflot Flight 593","op":"Aeroflot","deaths":75,"year":1994}},{"type":"Feature","geometry":{"type":"Point","coordinates":[39.656,40.807]},"properties":{"name":"UM Airlines Flight 4230","op":"UM Airlines","deaths":75,"year":2003}},{"type":"Feature","geometry":{"type":"Point","coordinates":[-82.57833333,38.37416667]},"properties":{"name":"Southern Airways Flight 932","op":"Southern Airways","deaths":75,"year":1970}},{"type":"Feature","geometry":{"type":"Point","coordinates":[108.95,11.63333333]},"properties":{"name":"Air Vietnam Flight 706 hijacking","op":"Air Vietnam","deaths":75,"year":1974}},{"type":"Feature","geometry":{"type":"Point","coordinates":[-63.15416667,9.74861111]},"properties":{"name":"Avensa Flight 358","op":"Avensa","deaths":75,"year":1974}},{"type":"Feature","geometry":{"type":"Point","coordinates":[-76.502,-2.778]},"properties":{"name":"1998 Occidental Petroleum Boeing 737 crash","op":"Occidental Petroleum","deaths":75,"year":1998}},{"type":"Feature","geometry":{"type":"Point","coordinates":[17.19,48.1819]},"properties":{"name":"ČSA Flight 001","op":"Czech Airlines","deaths":76,"year":1976}},{"type":"Feature","geometry":{"type":"Point","coordinates":[100.643324,13.963653]},"properties":{"name":"Vietnam Airlines Flight 831","op":"Vietnam Airlines","deaths":76,"year":1988}},{"type":"Feature","geometry":{"type":"Point","coordinates":[6.68623057,36.01183612]},"properties":{"name":"2014 Algerian Air Force C-130 crash","op":"Algerian Air Force","deaths":76,"year":2014}},{"type":"Feature","geometry":{"type":"Point","coordinates":[45.163333,37.620833]},"properties":{"name":"Iran Air Flight 277","op":"","deaths":77,"year":2011}},{"type":"Feature","geometry":{"type":"Point","coordinates":[43.13333333,44.21666667]},"properties":{"name":"Aeroflot Flight 5003 (1977)","op":"Aeroflot","deaths":77,"year":1977}},{"type":"Feature","geometry":{"type":"Point","coordinates":[23.95,49.816666666]},"properties":{"name":"Sknyliv air show disaster","op":"Ukrainian Air Force","deaths":77,"year":2002}},{"type":"Feature","geometry":{"type":"Point","coordinates":[-77.042777777,38.873888888]},"properties":{"name":"Air Florida Flight 90","op":"Air Florida","deaths":78,"year":1982}},{"type":"Feature","geometry":{"type":"Point","coordinates":[37.61666667,42.18333333]},"properties":{"name":"Siberia Airlines Flight 1812","op":"","deaths":78,"year":2001}},{"type":"Feature","geometry":{"type":"Point","coordinates":[14.562848,45.224339]},"properties":{"name":"Aviogenex Flight 130","op":"Aviogenex","deaths":78,"year":1971}},{"type":"Feature","geometry":{"type":"Point","coordinates":[-149.5861,-17.51556]},"properties":{"name":"Pan Am Flight 816","op":"Pan Am","deaths":78,"year":1973}},{"type":"Feature","geometry":{"type":"Point","coordinates":[-87.9581,41.7796]},"properties":{"name":"TWA Flight 529","op":"Trans World Airlines","deaths":78,"year":1961}},{"type":"Feature","geometry":{"type":"Point","coordinates":[13.191388888,32.887222222]},"properties":{"name":"Korean Air Flight 803","op":"","deaths":79,"year":1989}},{"type":"Feature","geometry":{"type":"Point","coordinates":[14.387,50.136]},"properties":{"name":"Inex-Adria Aviopromet Flight 450","op":"Adria Airways","deaths":79,"year":1975}},{"type":"Feature","geometry":{"type":"Point","coordinates":[-71.625277777,46.578055555]},"properties":{"name":"Maritime Central Airways Flight 315","op":"Maritime Central Airways","deaths":79,"year":1957}},{"type":"Feature","geometry":{"type":"Point","coordinates":[69.38055556,40.45333333]},"properties":{"name":"Aeroflot Flight 630","op":"Aeroflot","deaths":79,"year":1973}},{"type":"Feature","geometry":{"type":"Point","coordinates":[47.12277778,58.47527778]},"properties":{"name":"1958 Aeroflot Tu-104 crash in Chuvash","op":"Aeroflot","deaths":80,"year":1958}},{"type":"Feature","geometry":{"type":"Point","coordinates":[8.15919,47.3249]},"properties":{"name":"Swissair Flight 306","op":"Swissair","deaths":80,"year":1963}},{"type":"Feature","geometry":{"type":"Point","coordinates":[-10.1161,28.9169]},"properties":{"name":"2011 Royal Moroccan Air Force Lockheed C-130 Hercules crash","op":"Royal Moroccan Air Force","deaths":80,"year":2011}},{"type":"Feature","geometry":{"type":"Point","coordinates":[144.8269,13.489]},"properties":{"name":"World Airways Flight 830","op":"World Airways","deaths":80,"year":1960}},{"type":"Feature","geometry":{"type":"Point","coordinates":[-3.47739,51.43445]},"properties":{"name":"Llandow air disaster","op":"","deaths":80,"year":1950}},{"type":"Feature","geometry":{"type":"Point","coordinates":[12.916666666,39.716666666]},"properties":{"name":"Itavia Flight 870","op":"Itavia","deaths":81,"year":1980}},{"type":"Feature","geometry":{"type":"Point","coordinates":[108.0,13.983333333]},"properties":{"name":"Cathay Pacific Flight 700Z bombing","op":"Cathay Pacific","deaths":81,"year":1972}},{"type":"Feature","geometry":{"type":"Point","coordinates":[-75.78888889,39.60777778]},"properties":{"name":"Pan Am Flight 214","op":"Pan Am","deaths":81,"year":1963}},{"type":"Feature","geometry":{"type":"Point","coordinates":[113.305,51.02666667]},"properties":{"name":"Aeroflot Flight 109","op":"Aeroflot","deaths":81,"year":1973}},{"type":"Feature","geometry":{"type":"Point","coordinates":[45.7833,28.6333]},"properties":{"name":"Middle East Airlines Flight 438","op":"Middle East Airlines - Air Liban","deaths":81,"year":1976}},{"type":"Feature","geometry":{"type":"Point","coordinates":[-118.045555555,33.868055555]},"properties":{"name":"Aeroméxico Flight 498","op":"Aeroméxico","deaths":82,"year":1986}},{"type":"Feature","geometry":{"type":"Point","coordinates":[71.50797222,37.5125]},"properties":{"name":"1993 Tajik Air Yakovlev Yak-40 incident","op":"Tajik Air","deaths":82,"year":1993}},{"type":"Feature","geometry":{"type":"Point","coordinates":[-82.4378,35.3372]},"properties":{"name":"Piedmont Airlines Flight 22","op":"Piedmont Airlines","deaths":82,"year":1967}},{"type":"Feature","geometry":{"type":"Point","coordinates":[11.5281,47.2086]},"properties":{"name":"British Eagle International Airlines Flight 802","op":"British Eagle","deaths":83,"year":1964}},{"type":"Feature","geometry":{"type":"Point","coordinates":[121.23,25.0815]},"properties":{"name":"Singapore Airlines Flight 006","op":"Singapore Airlines","deaths":83,"year":2000}},{"type":"Feature","geometry":{"type":"Point","coordinates":[-85.92055556,39.61722222]},"properties":{"name":"Allegheny Airlines Flight 853","op":"Allegheny Airlines","deaths":83,"year":1969}},{"type":"Feature","geometry":{"type":"Point","coordinates":[-96.981944444,34.329444444]},"properties":{"name":"American Flyers Airline Flight 280","op":"American Flyers Airline","deaths":83,"year":1966}},{"type":"Feature","geometry":{"type":"Point","coordinates":[98.4711,8.12778]},"properties":{"name":"Thai Airways Flight 365","op":"Thai Airways","deaths":83,"year":1987}},{"type":"Feature","geometry":{"type":"Point","coordinates":[21.61638889,41.97583333]},"properties":{"name":"Palair Macedonian Airlines Flight 301","op":"Palair","deaths":83,"year":1993}},{"type":"Feature","geometry":{"type":"Point","coordinates":[-8.943,52.67972]},"properties":{"name":"1961 President Airlines Douglas DC-6 crash","op":"","deaths":83,"year":1961}},{"type":"Feature","geometry":{"type":"Point","coordinates":[-73.5625,40.43611111]},"properties":{"name":"Eastern Air Lines Flight 663","op":"Eastern Air Lines","deaths":84,"year":1965}},{"type":"Feature","geometry":{"type":"Point","coordinates":[-71.631916666,10.683972222]},"properties":{"name":"Viasa Flight 742","op":"VIASA","deaths":84,"year":1969}},{"type":"Feature","geometry":{"type":"Point","coordinates":[93.0675,56.0294]},"properties":{"name":"Aeroflot Flight 902","op":"Aeroflot","deaths":84,"year":1962}},{"type":"Feature","geometry":{"type":"Point","coordinates":[40.988888888,56.924722222]},"properties":{"name":"Aeroflot Flight 2808","op":"Aeroflot","deaths":84,"year":1992}},{"type":"Feature","geometry":{"type":"Point","coordinates":[-8.358527777,43.330277777]},"properties":{"name":"Aviaco Flight 118","op":"Aviaco","deaths":85,"year":1973}},{"type":"Feature","geometry":{"type":"Point","coordinates":[-96.697222222,31.898611111]},"properties":{"name":"Braniff Flight 352","op":"Braniff International Airways","deaths":85,"year":1968}},{"type":"Feature","geometry":{"type":"Point","coordinates":[-119.8888,39.0163]},"properties":{"name":"Paradise Airlines Flight 901A","op":"","deaths":85,"year":1964}},{"type":"Feature","geometry":{"type":"Point","coordinates":[55.674444444,25.253333333]},"properties":{"name":"Tajikistan Airlines Flight 3183","op":"Tajik Air","deaths":85,"year":1997}},{"type":"Feature","geometry":{"type":"Point","coordinates":[20.949758,52.18476]},"properties":{"name":"LOT Polish Airlines Flight 007","op":"LOT Polish Airlines","deaths":87,"year":1980}},{"type":"Feature","geometry":{"type":"Point","coordinates":[7.405,48.425277777]},"properties":{"name":"Air Inter Flight 148","op":"Air Inter","deaths":87,"year":1992}},{"type":"Feature","geometry":{"type":"Point","coordinates":[-119.3237417,47.20678056]},"properties":{"name":"1952 Moses Lake C-124 crash","op":"United States Air Force","deaths":87,"year":1952}},{"type":"Feature","geometry":{"type":"Point","coordinates":[-119.346666666,34.058333333]},"properties":{"name":"Alaska Airlines Flight 261","op":"Alaska Airlines","deaths":88,"year":2000}},{"type":"Feature","geometry":{"type":"Point","coordinates":[56.215,57.97138889]},"properties":{"name":"Aeroflot Flight 821","op":"Aeroflot","deaths":88,"year":2008}},{"type":"Feature","geometry":{"type":"Point","coordinates":[-70.04361111,-33.87111111]},"properties":{"name":"LAN Chile Flight 107","op":"LATAM Airlines","deaths":88,"year":1965}},{"type":"Feature","geometry":{"type":"Point","coordinates":[2.39916667,42.52838889]},"properties":{"name":"1967 Air Ferry DC-4 accident","op":"Air Ferry Limited","deaths":88,"year":1967}},{"type":"Feature","geometry":{"type":"Point","coordinates":[19.3667,38.4167]},"properties":{"name":"TWA 841 (1974)","op":"Trans World Airlines","deaths":89,"year":1974}},{"type":"Feature","geometry":{"type":"Point","coordinates":[-71.012519,42.349833]},"properties":{"name":"Delta Air Lines Flight 723","op":"","deaths":89,"year":1973}},{"type":"Feature","geometry":{"type":"Point","coordinates":[76.69805556,43.16888889]},"properties":{"name":"Aeroflot Flight 5463","op":"Aeroflot","deaths":90,"year":1983}},{"type":"Feature","geometry":{"type":"Point","coordinates":[37.25833333,56.0275]},"properties":{"name":"Aeroflot Flight 411","op":"Aeroflot","deaths":90,"year":1982}},{"type":"Feature","geometry":{"type":"Point","coordinates":[23.96666667,37.8]},"properties":{"name":"Olympic Airways Flight 954","op":"Olympic Airlines","deaths":90,"year":1969}},{"type":"Feature","geometry":{"type":"Point","coordinates":[98.320555555,8.114166666]},"properties":{"name":"One-Two-GO Airlines Flight 269","op":"One-Two-GO Airlines","deaths":90,"year":2007}},{"type":"Feature","geometry":{"type":"Point","coordinates":[77.10277778,43.37638889]},"properties":{"name":"Aeroflot Flight 3843","op":"Aeroflot","deaths":90,"year":1977}},{"type":"Feature","geometry":{"type":"Point","coordinates":[-74.013027777,40.712361111]},"properties":{"name":"American Airlines Flight 11","op":"American Airlines","deaths":92,"year":2001}},{"type":"Feature","geometry":{"type":"Point","coordinates":[77.647777777,12.948055555]},"properties":{"name":"Indian Airlines Flight 605","op":"Indian Airlines","deaths":92,"year":1990}},{"type":"Feature","geometry":{"type":"Point","coordinates":[-77.881666666,39.076666666]},"properties":{"name":"TWA Flight 514","op":"Trans World Airlines","deaths":92,"year":1974}},{"type":"Feature","geometry":{"type":"Point","coordinates":[39.837,43.425]},"properties":{"name":"2016 Russian Defence Ministry Tupolev Tu-154 crash","op":"Russian Air Force","deaths":92,"year":2016}},{"type":"Feature","geometry":{"type":"Point","coordinates":[-3.56277778,40.46972222]},"properties":{"name":"Madrid Runway Disaster","op":"Iberia","deaths":93,"year":1983}},{"type":"Feature","geometry":{"type":"Point","coordinates":[-89.78236,16.88317]},"properties":{"name":"1986 Aerovias Guatemala air crash","op":"","deaths":93,"year":1986}},{"type":"Feature","geometry":{"type":"Point","coordinates":[73.88,19.2]},"properties":{"name":"Alitalia Flight 771","op":"Alitalia","deaths":94,"year":1962}},{"type":"Feature","geometry":{"type":"Point","coordinates":[51.416667,35.7]},"properties":{"name":"2005 Iranian Air Force C-130 crash","op":"Islamic Republic of Iran Air Force","deaths":94,"year":2005}},{"type":"Feature","geometry":{"type":"Point","coordinates":[24.8645514,49.8407942]},"properties":{"name":"Aeroflot Flight 8381","op":"Aeroflot","deaths":94,"year":1985}},{"type":"Feature","geometry":{"type":"Point","coordinates":[-77.888,0.949]},"properties":{"name":"TAME Flight 120","op":"TAME","deaths":94,"year":2002}},{"type":"Feature","geometry":{"type":"Point","coordinates":[-73.83694444,40.61777778]},"properties":{"name":"American Airlines Flight 1","op":"American Airlines","deaths":95,"year":1962}},{"type":"Feature","geometry":{"type":"Point","coordinates":[7.22361111,43.28527778]},"properties":{"name":"Air France Flight 1611","op":"Air France","deaths":95,"year":1968}},{"type":"Feature","geometry":{"type":"Point","coordinates":[72.842666666,19.088583333]},"properties":{"name":"Indian Airlines Flight 171","op":"Indian Airlines","deaths":95,"year":1976}},{"type":"Feature","geometry":{"type":"Point","coordinates":[32.051388888,54.823888888]},"properties":{"name":"Smolensk air disaster","op":"36th Special Aviation Regiment","deaths":96,"year":2010}},{"type":"Feature","geometry":{"type":"Point","coordinates":[7.18333333,9.2]},"properties":{"name":"ADC Airlines Flight 53","op":"ADC Airlines","deaths":96,"year":2006}},{"type":"Feature","geometry":{"type":"Point","coordinates":[104.3819444,52.26944444]},"properties":{"name":"Aeroflot Flight 1912","op":"Aeroflot","deaths":97,"year":1971}},{"type":"Feature","geometry":{"type":"Point","coordinates":[-76.940163,-12.122329]},"properties":{"name":"Varig Flight 810","op":"Varig","deaths":97,"year":1962}},{"type":"Feature","geometry":{"type":"Point","coordinates":[-170.73194444,-14.34861111]},"properties":{"name":"Pan Am Flight 806","op":"Pan Am","deaths":97,"year":1974}},{"type":"Feature","geometry":{"type":"Point","coordinates":[14.502847,46.208041]},"properties":{"name":"Britannia Airways Flight 105","op":"Bristol Britannia","deaths":98,"year":1966}},{"type":"Feature","geometry":{"type":"Point","coordinates":[138.8497222,48.13638889]},"properties":{"name":"Khabarovsk United Air Group Flight 3949","op":"Dalavia","deaths":98,"year":1995}},{"type":"Feature","geometry":{"type":"Point","coordinates":[-11.8833,53.2083]},"properties":{"name":"KLM Flight 607-E","op":"KLM","deaths":99,"year":1958}},{"type":"Feature","geometry":{"type":"Point","coordinates":[-43.1964,-22.9083]},"properties":{"name":"TAM Transportes Aéreos Regionais Flight 402","op":"LATAM Brasil","deaths":99,"year":1996}},{"type":"Feature","geometry":{"type":"Point","coordinates":[87.30069444,69.29380556]},"properties":{"name":"Aeroflot Flight 3603","op":"Aeroflot","deaths":99,"year":1981}},{"type":"Feature","geometry":{"type":"Point","coordinates":[-71.96603611,-13.53787778]},"properties":{"name":"LANSA Flight 502","op":"LANSA","deaths":99,"year":1970}},{"type":"Feature","geometry":{"type":"Point","coordinates":[98.66666667,3.58333333]},"properties":{"name":"Mandala Airlines Flight 091","op":"Mandala Airlines","deaths":100,"year":2005}},{"type":"Feature","geometry":{"type":"Point","coordinates":[103.531444,1.388745]},"properties":{"name":"Malaysian Airline System Flight 653","op":"Malaysia Airlines","deaths":100,"year":1977}},{"type":"Feature","geometry":{"type":"Point","coordinates":[32.82,23.958]},"properties":{"name":"1969 Aswan Ilyushin Il-18 crash","op":"EgyptAir","deaths":100,"year":1969}},{"type":"Feature","geometry":{"type":"Point","coordinates":[-80.595277777,25.864722222]},"properties":{"name":"Eastern Air Lines Flight 401","op":"Eastern Air Lines","deaths":101,"year":1972}},{"type":"Feature","geometry":{"type":"Point","coordinates":[99.1406,9.1275]},"properties":{"name":"Thai Airways International Flight 261","op":"Thai Airways","deaths":101,"year":1998}},{"type":"Feature","geometry":{"type":"Point","coordinates":[111.4028,-7.5653]},"properties":{"name":"2009 Indonesian Air Force C-130H Hercules crash","op":"Indonesian Air Force","deaths":101,"year":2009}},{"type":"Feature","geometry":{"type":"Point","coordinates":[-133.857,54.2138]},"properties":{"name":"Northwest Orient Airlines Flight 293","op":"Northwest Airlines","deaths":101,"year":1963}},{"type":"Feature","geometry":{"type":"Point","coordinates":[118.151111111,-3.678888888]},"properties":{"name":"Adam Air Flight 574","op":"Adam Air","deaths":102,"year":2007}},{"type":"Feature","geometry":{"type":"Point","coordinates":[-69.678913,18.388086]},"properties":{"name":"Dominicana DC-9 air disaster","op":"","deaths":102,"year":1970}},{"type":"Feature","geometry":{"type":"Point","coordinates":[77.533333333,34.133333333]},"properties":{"name":"1968 Indian Air Force An-12 crash","op":"Indian Air Force","deaths":102,"year":1968}},{"type":"Feature","geometry":{"type":"Point","coordinates":[58.815,53.59972222]},"properties":{"name":"Aeroflot Flight 558","op":"Aeroflot","deaths":102,"year":1972}},{"type":"Feature","geometry":{"type":"Point","coordinates":[13.119586,32.661895]},"properties":{"name":"Afriqiyah Airways Flight 771","op":"Afriqiyah Airways","deaths":103,"year":2010}},{"type":"Feature","geometry":{"type":"Point","coordinates":[125.03322222,8.64894444]},"properties":{"name":"Cebu Pacific Flight 387","op":"Cebu Pacific","deaths":104,"year":1998}},{"type":"Feature","geometry":{"type":"Point","coordinates":[104.936666666,-2.458333333]},"properties":{"name":"SilkAir Flight 185","op":"SilkAir","deaths":104,"year":1997}},{"type":"Feature","geometry":{"type":"Point","coordinates":[1.25111111,38.90361111]},"properties":{"name":"Iberia Airlines Flight 602","op":"Iberia","deaths":104,"year":1972}},{"type":"Feature","geometry":{"type":"Point","coordinates":[-5.43,35.67]},"properties":{"name":"Accidente de un Sud Aviation Caravelle de Royal Air Maroc en 1973","op":"Royal Air Maroc","deaths":106,"year":1973}},{"type":"Feature","geometry":{"type":"Point","coordinates":[7.0,4.78333333]},"properties":{"name":"Sosoliso Airlines Flight 1145","op":"Sosoliso Airlines","deaths":107,"year":2005}},{"type":"Feature","geometry":{"type":"Point","coordinates":[-74.2625,4.558333333]},"properties":{"name":"Avianca Flight 203","op":"Avianca","deaths":107,"year":1989}},{"type":"Feature","geometry":{"type":"Point","coordinates":[135.0,14.0]},"properties":{"name":"Flying Tiger Line Flight 739","op":"Flying Tiger Line","deaths":107,"year":1962}},{"type":"Feature","geometry":{"type":"Point","coordinates":[114.75,-8.25]},"properties":{"name":"Pan Am Flight 812","op":"Pan Am","deaths":107,"year":1974}},{"type":"Feature","geometry":{"type":"Point","coordinates":[60.87055556,56.74]},"properties":{"name":"Aeroflot Flight 2230","op":"Aeroflot","deaths":107,"year":1967}},{"type":"Feature","geometry":{"type":"Point","coordinates":[13.10888889,38.20777778]},"properties":{"name":"Alitalia Flight 4128","op":"Alitalia","deaths":108,"year":1978}},{"type":"Feature","geometry":{"type":"Point","coordinates":[32.6761,30.3444]},"properties":{"name":"Libyan Arab Airlines Flight 114","op":"Libyan Airlines","deaths":108,"year":1973}},{"type":"Feature","geometry":{"type":"Point","coordinates":[7.6232,47.4542]},"properties":{"name":"Invicta International Airlines Flight 435","op":"Invicta International Airlines","deaths":108,"year":1973}},{"type":"Feature","geometry":{"type":"Point","coordinates":[106.56666667,29.55833333]},"properties":{"name":"China Southwest Airlines Flight 4146","op":"China Southwest Airlines","deaths":108,"year":1988}},{"type":"Feature","geometry":{"type":"Point","coordinates":[60.64472222,56.71138889]},"properties":{"name":"Aeroflot Flight 3932","op":"Aeroflot","deaths":108,"year":1973}},{"type":"Feature","geometry":{"type":"Point","coordinates":[118.813888888,31.998333333]},"properties":{"name":"China General Aviation Flight 7552","op":"China General Aviation","deaths":108,"year":1992}},{"type":"Feature","geometry":{"type":"Point","coordinates":[30.34091667,59.79822222]},"properties":{"name":"1974 Leningrad Aeroflot Il-18 crash","op":"Aeroflot","deaths":109,"year":1974}},{"type":"Feature","geometry":{"type":"Point","coordinates":[-79.691198,43.779801]},"properties":{"name":"Air Canada Flight 621","op":"Air Canada","deaths":109,"year":1970}},{"type":"Feature","geometry":{"type":"Point","coordinates":[39.89833333,43.38694444]},"properties":{"name":"Aeroflot Flight 1036","op":"Aeroflot","deaths":109,"year":1972}},{"type":"Feature","geometry":{"type":"Point","coordinates":[-80.578055555,25.913055555]},"properties":{"name":"ValuJet Flight 592","op":"ValuJet Airlines","deaths":110,"year":1996}},{"type":"Feature","geometry":{"type":"Point","coordinates":[92.4933,56.1717]},"properties":{"name":"Aeroflot Flight 3519","op":"Aeroflot","deaths":110,"year":1984}},{"type":"Feature","geometry":{"type":"Point","coordinates":[-96.383888888,42.408055555]},"properties":{"name":"United Airlines Flight 232","op":"United Airlines","deaths":111,"year":1989}},{"type":"Feature","geometry":{"type":"Point","coordinates":[-135.17,58.361666]},"properties":{"name":"Alaska Airlines Flight 1866","op":"Alaska Airlines","deaths":111,"year":1971}},{"type":"Feature","geometry":{"type":"Point","coordinates":[121.801251,38.953803]},"properties":{"name":"China Northern Airlines Flight 6136","op":"China Northern Airlines","deaths":112,"year":2002}},{"type":"Feature","geometry":{"type":"Point","coordinates":[56.3553,25.0742]},"properties":{"name":"Sterling Airways Flight 296","op":"Sterling Airlines","deaths":112,"year":1972}},{"type":"Feature","geometry":{"type":"Point","coordinates":[55.4,24.783333]},"properties":{"name":"Gulf Air Flight 771","op":"Gulf Air","deaths":112,"year":1983}},{"type":"Feature","geometry":{"type":"Point","coordinates":[2.458055555,41.799444444]},"properties":{"name":"Dan-Air Flight 1903","op":"Dan-Air","deaths":112,"year":1970}},{"type":"Feature","geometry":{"type":"Point","coordinates":[-61.768,16.311]},"properties":{"name":"Air France Flight 117","op":"Air France","deaths":113,"year":1962}},{"type":"Feature","geometry":{"type":"Point","coordinates":[2.472222222,48.985555555]},"properties":{"name":"Air France Flight 4590","op":"Air France","deaths":113,"year":2000}},{"type":"Feature","geometry":{"type":"Point","coordinates":[39.95666667,43.45]},"properties":{"name":"Armavia Flight 967","op":"Armavia","deaths":113,"year":2006}},{"type":"Feature","geometry":{"type":"Point","coordinates":[-73.752083333,40.649666666]},"properties":{"name":"Eastern Air Lines Flight 66","op":"Eastern Air Lines","deaths":113,"year":1975}},{"type":"Feature","geometry":{"type":"Point","coordinates":[85.4508,28.0525]},"properties":{"name":"Thai Airways International Flight 311","op":"Thai Airways","deaths":113,"year":1992}},{"type":"Feature","geometry":{"type":"Point","coordinates":[9.734,3.951]},"properties":{"name":"Kenya Airways Flight 507","op":"Kenya Airways","deaths":114,"year":2007}},{"type":"Feature","geometry":{"type":"Point","coordinates":[13.14805556,38.12305556]},"properties":{"name":"Alitalia Flight 112","op":"Alitalia","deaths":115,"year":1972}},{"type":"Feature","geometry":{"type":"Point","coordinates":[97.3833,14.55]},"properties":{"name":"Korean Air Flight 858","op":"","deaths":115,"year":1987}},{"type":"Feature","geometry":{"type":"Point","coordinates":[20.776111111,41.185]},"properties":{"name":"Avioimpex Flight 110","op":"Avioimpex","deaths":116,"year":1993}},{"type":"Feature","geometry":{"type":"Point","coordinates":[-1.080277777,15.135555555]},"properties":{"name":"Air Algérie Flight 5017","op":"Swiftair","deaths":116,"year":2014}},{"type":"Feature","geometry":{"type":"Point","coordinates":[6.86666667,45.87777778]},"properties":{"name":"Air India Flight 101","op":"Air India","deaths":117,"year":1966}},{"type":"Feature","geometry":{"type":"Point","coordinates":[37.2167,19.62]},"properties":{"name":"Sudan Airways Flight 139","op":"Sudan Airways","deaths":117,"year":2003}},{"type":"Feature","geometry":{"type":"Point","coordinates":[3.4,6.45]},"properties":{"name":"Bellview Airlines Flight 210","op":"Bellview Airlines","deaths":117,"year":2005}},{"type":"Feature","geometry":{"type":"Point","coordinates":[9.276666666,45.448333333]},"properties":{"name":"2001 Linate Airport runway collision","op":"Scandinavian Airlines","deaths":118,"year":2001}},{"type":"Feature","geometry":{"type":"Point","coordinates":[-73.8984,45.6813]},"properties":{"name":"Trans-Canada Air Lines Flight 831","op":"Air Canada","deaths":118,"year":1963}},{"type":"Feature","geometry":{"type":"Point","coordinates":[-0.508888888,51.439166666]},"properties":{"name":"British European Airways Flight 548","op":"British European Airways","deaths":118,"year":1972}},{"type":"Feature","geometry":{"type":"Point","coordinates":[-78.949861111,-2.865361111]},"properties":{"name":"1983 TAME 737-200 crash","op":"TAME","deaths":119,"year":1983}},{"type":"Feature","geometry":{"type":"Point","coordinates":[48.35,33.4667]},"properties":{"name":"Iran Air Tours Flight 956","op":"","deaths":119,"year":2002}},{"type":"Feature","geometry":{"type":"Point","coordinates":[23.971111111,38.231111111]},"properties":{"name":"Helios Airways Flight 522","op":"Helios Airways","deaths":121,"year":2005}},{"type":"Feature","geometry":{"type":"Point","coordinates":[31.40555556,30.12194444]},"properties":{"name":"Pakistan International Airlines Flight 705","op":"Pakistan International Airlines","deaths":121,"year":1965}},{"type":"Feature","geometry":{"type":"Point","coordinates":[36.348055555,50.153055555]},"properties":{"name":"Aeroflot Flight 1491","op":"Aeroflot","deaths":122,"year":1972}},{"type":"Feature","geometry":{"type":"Point","coordinates":[37.66392778,55.49771667]},"properties":{"name":"Aeroflot Flight 964","op":"Aeroflot","deaths":122,"year":1973}},{"type":"Feature","geometry":{"type":"Point","coordinates":[98.033333333,13.8]},"properties":{"name":"2017 Myanmar Air Force Shaanxi Y-8 crash","op":"Myanmar Air Force","deaths":122,"year":2017}},{"type":"Feature","geometry":{"type":"Point","coordinates":[-71.569166666,-16.340833333]},"properties":{"name":"Faucett Flight 251","op":"","deaths":123,"year":1996}},{"type":"Feature","geometry":{"type":"Point","coordinates":[17.533888888,-22.449444444]},"properties":{"name":"South African Airways Flight 228","op":"South African Airways","deaths":123,"year":1968}},{"type":"Feature","geometry":{"type":"Point","coordinates":[138.804722222,35.333055555]},"properties":{"name":"BOAC Flight 911","op":"British Overseas Airways Corporation","deaths":124,"year":1966}},{"type":"Feature","geometry":{"type":"Point","coordinates":[104.366586111,52.274819444]},"properties":{"name":"S7 Airlines Flight 778","op":"","deaths":125,"year":2006}},{"type":"Feature","geometry":{"type":"Point","coordinates":[33.287094,35.108289]},"properties":{"name":"1967 Nicosia Britannia disaster","op":"Globe Air","deaths":126,"year":1967}},{"type":"Feature","geometry":{"type":"Point","coordinates":[-82.38,23.012]},"properties":{"name":"Cubana de Aviación Flight 9646","op":"Cubana de Aviación","deaths":126,"year":1989}},{"type":"Feature","geometry":{"type":"Point","coordinates":[72.9852,33.6627]},"properties":{"name":"Bhoja Air Flight 213","op":"Bhoja Air","deaths":127,"year":2012}},{"type":"Feature","geometry":{"type":"Point","coordinates":[45.77,43.2969]},"properties":{"name":"2002 Khankala Mi-26 crash","op":"Russian Air Force","deaths":127,"year":2002}},{"type":"Feature","geometry":{"type":"Point","coordinates":[113.268,23.1872]},"properties":{"name":"1990 Guangzhou Baiyun airport collisions","op":"Xiamen Airlines","deaths":128,"year":1990}},{"type":"Feature","geometry":{"type":"Point","coordinates":[-111.833,36.175]},"properties":{"name":"1956 Grand Canyon mid-air collision","op":"United Airlines","deaths":128,"year":1956}},{"type":"Feature","geometry":{"type":"Point","coordinates":[51.4167,35.7333]},"properties":{"name":"Iran Air Flight 291","op":"","deaths":128,"year":1980}},{"type":"Feature","geometry":{"type":"Point","coordinates":[128.928,35.2327]},"properties":{"name":"Air China Flight 129","op":"Air China","deaths":129,"year":2002}},{"type":"Feature","geometry":{"type":"Point","coordinates":[139.4575,35.7325]},"properties":{"name":"Tachikawa air disaster","op":"374th Operations Group","deaths":129,"year":1953}},{"type":"Feature","geometry":{"type":"Point","coordinates":[2.37,48.72]},"properties":{"name":"Air France Flight 007","op":"Air France","deaths":130,"year":1962}},{"type":"Feature","geometry":{"type":"Point","coordinates":[13.575,-14.925]},"properties":{"name":"1983 TAAG Angola Airlines 737 Boeing crash","op":"TAAG Angola Airlines","deaths":130,"year":1983}},{"type":"Feature","geometry":{"type":"Point","coordinates":[-16.7856,32.6881]},"properties":{"name":"TAP Portugal Flight 425","op":"TAP Air Portugal","deaths":131,"year":1977}},{"type":"Feature","geometry":{"type":"Point","coordinates":[125.70083333,7.15666667]},"properties":{"name":"Air Philippines Flight 541","op":"Airphil Express","deaths":131,"year":2000}},{"type":"Feature","geometry":{"type":"Point","coordinates":[-87.256111111,13.953611111]},"properties":{"name":"Tan-Sahsa Flight 414","op":"SAHSA","deaths":131,"year":1989}},{"type":"Feature","geometry":{"type":"Point","coordinates":[-80.3103,40.6039]},"properties":{"name":"USAir Flight 427","op":"US Airways","deaths":132,"year":1994}},{"type":"Feature","geometry":{"type":"Point","coordinates":[111.112305555,23.323755555]},"properties":{"name":"China Eastern Airlines Flight 5735","op":"China Eastern Airlines","deaths":132,"year":2022}},{"type":"Feature","geometry":{"type":"Point","coordinates":[29.2667,52.05]},"properties":{"name":"Aeroflot Flight 8641","op":"Aeroflot","deaths":132,"year":1982}},{"type":"Feature","geometry":{"type":"Point","coordinates":[139.856365,35.490807]},"properties":{"name":"All Nippon Airways Flight 60","op":"All Nippon Airways","deaths":133,"year":1966}},{"type":"Feature","geometry":{"type":"Point","coordinates":[51.126388888,35.7275]},"properties":{"name":"1993 Tehran mid-air collision","op":"","deaths":133,"year":1993}},{"type":"Feature","geometry":{"type":"Point","coordinates":[72.6525,23.0914]},"properties":{"name":"Indian Airlines Flight 113","op":"Indian Airlines","deaths":133,"year":1988}},{"type":"Feature","geometry":{"type":"Point","coordinates":[-74.095555555,40.564166666]},"properties":{"name":"1960 New York air disaster","op":"United Airlines","deaths":134,"year":1960}},{"type":"Feature","geometry":{"type":"Point","coordinates":[-97.023611111,32.918333333]},"properties":{"name":"Delta Air Lines Flight 191","op":"Delta Air Lines","deaths":137,"year":1985}},{"type":"Feature","geometry":{"type":"Point","coordinates":[-38.8719,-3.78111]},"properties":{"name":"VASP Flight 168","op":"VASP","deaths":137,"year":1982}},{"type":"Feature","geometry":{"type":"Point","coordinates":[106.702,10.8439]},"properties":{"name":"1975 Tan Son Nhut C-5 accident","op":"United States Air Force","deaths":138,"year":1975}},{"type":"Feature","geometry":{"type":"Point","coordinates":[2.416666666,6.366666666]},"properties":{"name":"UTAGE Flight 141","op":"Union des Transports Aériens de Guinée","deaths":141,"year":2003}},{"type":"Feature","geometry":{"type":"Point","coordinates":[16.095277777,78.214166666]},"properties":{"name":"Vnukovo Airlines Flight 2801","op":"Vnukovo Airlines","deaths":141,"year":1996}},{"type":"Feature","geometry":{"type":"Point","coordinates":[-72.6925,8.0837]},"properties":{"name":"Avianca Flight 410","op":"Avianca","deaths":143,"year":1988}},{"type":"Feature","geometry":{"type":"Point","coordinates":[50.63333333,26.28888889]},"properties":{"name":"Gulf Air Flight 072","op":"Gulf Air","deaths":143,"year":2000}},{"type":"Feature","geometry":{"type":"Point","coordinates":[-117.120555555,32.743611111]},"properties":{"name":"Pacific Southwest Airlines Flight 182","op":"Pacific Southwest Airlines","deaths":144,"year":1978}},{"type":"Feature","geometry":{"type":"Point","coordinates":[-25.1,36.9667]},"properties":{"name":"Independent Air Flight 1851","op":"Independent Air","deaths":144,"year":1989}},{"type":"Feature","geometry":{"type":"Point","coordinates":[3.43,6.45222]},"properties":{"name":"ADC Airlines Flight 86","op":"ADC Airlines","deaths":144,"year":1996}},{"type":"Feature","geometry":{"type":"Point","coordinates":[104.622183,52.126733]},"properties":{"name":"Vladivostok Air Flight 352","op":"Vladivostok Air","deaths":145,"year":2001}},{"type":"Feature","geometry":{"type":"Point","coordinates":[-16.418055555,28.398055555]},"properties":{"name":"Dan-Air Flight 1008","op":"Dan-Air","deaths":146,"year":1980}},{"type":"Feature","geometry":{"type":"Point","coordinates":[-2.59,43.228611111]},"properties":{"name":"Iberia Airlines Flight 610","op":"Iberia","deaths":148,"year":1985}},{"type":"Feature","geometry":{"type":"Point","coordinates":[34.383333333,27.833333333]},"properties":{"name":"Flash Airlines Flight 604","op":"Flash Airlines","deaths":148,"year":2004}},{"type":"Feature","geometry":{"type":"Point","coordinates":[6.43875,44.280083]},"properties":{"name":"Germanwings Flight 9525","op":"Germanwings","deaths":150,"year":2015}},{"type":"Feature","geometry":{"type":"Point","coordinates":[43.327,-11.3165]},"properties":{"name":"Yemenia Flight 626","op":"Yemenia","deaths":152,"year":2009}},{"type":"Feature","geometry":{"type":"Point","coordinates":[-90.235555555,29.9875]},"properties":{"name":"Pan Am Flight 759","op":"Pan Am","deaths":153,"year":1982}},{"type":"Feature","geometry":{"type":"Point","coordinates":[3.32111111,6.57722222]},"properties":{"name":"Dana Air Flight 992","op":"Dana Air","deaths":153,"year":2012}},{"type":"Feature","geometry":{"type":"Point","coordinates":[30.554388888,37.730666666]},"properties":{"name":"Turkish Airlines Flight 452","op":"Turkish Airlines","deaths":154,"year":1976}},{"type":"Feature","geometry":{"type":"Point","coordinates":[-3.569731,40.530318]},"properties":{"name":"Spanair Flight 5022","op":"Spanair","deaths":154,"year":2008}},{"type":"Feature","geometry":{"type":"Point","coordinates":[-53.313055555,-10.441666666]},"properties":{"name":"Gol Transportes Aéreos Flight 1907","op":"Gol Transportes Aéreos","deaths":154,"year":2006}},{"type":"Feature","geometry":{"type":"Point","coordinates":[-16.60555556,28.26861111]},"properties":{"name":"Spantax Flight 275","op":"Spantax","deaths":155,"year":1972}},{"type":"Feature","geometry":{"type":"Point","coordinates":[107.7969028,15.43819444]},"properties":{"name":"1968 Kham Duc C-130 shootdown","op":"United States Air Force","deaths":155,"year":1968}},{"type":"Feature","geometry":{"type":"Point","coordinates":[13.642777777,52.299444444]},"properties":{"name":"Interflug Flight 450","op":"Interflug","deaths":156,"year":1972}},{"type":"Feature","geometry":{"type":"Point","coordinates":[39.85,21.5]},"properties":{"name":"PIA Flight 740","op":"Pakistan International Airlines","deaths":156,"year":1979}},{"type":"Feature","geometry":{"type":"Point","coordinates":[13.3936,32.875]},"properties":{"name":"Libyan Arab Airlines Flight 1103","op":"Libyan Airlines","deaths":157,"year":1992}},{"type":"Feature","geometry":{"type":"Point","coordinates":[59.633333333,-19.175]},"properties":{"name":"South African Airways Flight 295","op":"South African Airways","deaths":159,"year":1987}},{"type":"Feature","geometry":{"type":"Point","coordinates":[-76.10475,3.845888888]},"properties":{"name":"American Airlines Flight 965","op":"American Airlines","deaths":159,"year":1995}},{"type":"Feature","geometry":{"type":"Point","coordinates":[-72.55,10.0667]},"properties":{"name":"West Caribbean Airways Flight 708","op":"West Caribbean Airways","deaths":160,"year":2005}},{"type":"Feature","geometry":{"type":"Point","coordinates":[108.9,34.26666667]},"properties":{"name":"China Northwest Airlines Flight 2303","op":"China Northwest Airlines","deaths":160,"year":1994}},{"type":"Feature","geometry":{"type":"Point","coordinates":[140.98333333,39.68333333]},"properties":{"name":"All Nippon Airways Flight 58","op":"All Nippon Airways","deaths":162,"year":1971}},{"type":"Feature","geometry":{"type":"Point","coordinates":[76.8958,43.2775]},"properties":{"name":"Aeroflot Flight 4225","op":"Aeroflot","deaths":166,"year":1980}},{"type":"Feature","geometry":{"type":"Point","coordinates":[85.28472222,27.53277778]},"properties":{"name":"PIA Flight 268","op":"Pakistan International Airlines","deaths":167,"year":1992}},{"type":"Feature","geometry":{"type":"Point","coordinates":[-100.287778,19.846111]},"properties":{"name":"Mexicana de Aviación Flight 940","op":"Mexicana de Aviación","deaths":167,"year":1986}},{"type":"Feature","geometry":{"type":"Point","coordinates":[49.9675,35.88055556]},"properties":{"name":"Caspian Airlines Flight 7908","op":"","deaths":168,"year":2009}},{"type":"Feature","geometry":{"type":"Point","coordinates":[-3.936583333,5.225916666]},"properties":{"name":"Kenya Airways Flight 431","op":"Kenya Airways","deaths":169,"year":2000}},{"type":"Feature","geometry":{"type":"Point","coordinates":[11.953711666,16.86493]},"properties":{"name":"UTA 772 bombing","op":"Union de Transports Aériens","deaths":170,"year":1989}},{"type":"Feature","geometry":{"type":"Point","coordinates":[37.74583334,48.33305557]},"properties":{"name":"Pulkovo Aviation Enterprise Flight 612","op":"Pulkovo Aviation Enterprise","deaths":170,"year":2006}},{"type":"Feature","geometry":{"type":"Point","coordinates":[73.30833333,54.96666667]},"properties":{"name":"Aeroflot Flight 3352","op":"Aeroflot","deaths":174,"year":1984}},{"type":"Feature","geometry":{"type":"Point","coordinates":[37.41,56.08055556]},"properties":{"name":"Aeroflot Flight 217","op":"Aeroflot","deaths":174,"year":1972}},{"type":"Feature","geometry":{"type":"Point","coordinates":[16.31055556,45.8925]},"properties":{"name":"1976 Zagreb mid-air collision","op":"British Airways","deaths":176,"year":1976}},{"type":"Feature","geometry":{"type":"Point","coordinates":[-55.2297,5.45333]},"properties":{"name":"Surinam Airways Flight 764","op":"Surinam Airways","deaths":176,"year":1989}},{"type":"Feature","geometry":{"type":"Point","coordinates":[8.520833333,12.049444444]},"properties":{"name":"Kano air disaster","op":"Royal Jordanian","deaths":176,"year":1973}},{"type":"Feature","geometry":{"type":"Point","coordinates":[51.103888888,35.561111111]},"properties":{"name":"Ukraine International Airlines Flight 752","op":"Ukraine International Airlines","deaths":176,"year":2020}},{"type":"Feature","geometry":{"type":"Point","coordinates":[34.656111111,48.588333333]},"properties":{"name":"1979 Dniprodzerzhynsk mid-air collision","op":"Aeroflot","deaths":178,"year":1979}},{"type":"Feature","geometry":{"type":"Point","coordinates":[126.382777777,34.976388888]},"properties":{"name":"Jeju Air Flight 2216","op":"Jeju Air","deaths":179,"year":2024}},{"type":"Feature","geometry":{"type":"Point","coordinates":[8.97777778,41.75416667]},"properties":{"name":"Inex-Adria Aviopromet Flight 1308","op":"Adria Airways","deaths":181,"year":1981}},{"type":"Feature","geometry":{"type":"Point","coordinates":[-3.449166666,40.403333333]},"properties":{"name":"Avianca Flight 011","op":"Avianca","deaths":181,"year":1983}},{"type":"Feature","geometry":{"type":"Point","coordinates":[21.0442,52.1134]},"properties":{"name":"LOT Polish Airlines Flight 5055","op":"LOT Polish Airlines","deaths":183,"year":1987}},{"type":"Feature","geometry":{"type":"Point","coordinates":[79.902222222,7.209166666]},"properties":{"name":"Icelandic Airlines Flight 001","op":"Loftleiðir","deaths":183,"year":1978}},{"type":"Feature","geometry":{"type":"Point","coordinates":[-46.66222222,-23.61972222]},"properties":{"name":"TAM Airlines Flight 3054","op":"LATAM Brasil","deaths":187,"year":2007}},{"type":"Feature","geometry":{"type":"Point","coordinates":[-9.411111111,30.586944444]},"properties":{"name":"Agadir air disaster","op":"Royal Jordanian","deaths":188,"year":1975}},{"type":"Feature","geometry":{"type":"Point","coordinates":[-70.40555556,19.91388889]},"properties":{"name":"Birgenair Flight 301","op":"Birgenair","deaths":189,"year":1996}},{"type":"Feature","geometry":{"type":"Point","coordinates":[-77.058055555,38.871111111]},"properties":{"name":"American Airlines Flight 77","op":"American Airlines","deaths":189,"year":2001}},{"type":"Feature","geometry":{"type":"Point","coordinates":[80.49056,6.89222]},"properties":{"name":"Martinair Flight 138","op":"Martinair","deaths":191,"year":1974}},{"type":"Feature","geometry":{"type":"Point","coordinates":[121.2305,25.0915]},"properties":{"name":"China Airlines Flight 676","op":"China Airlines","deaths":196,"year":1998}},{"type":"Feature","geometry":{"type":"Point","coordinates":[63.55555556,42.15666667]},"properties":{"name":"Aeroflot Flight 7425","op":"Aeroflot","deaths":200,"year":1985}},{"type":"Feature","geometry":{"type":"Point","coordinates":[72.1592,18.975]},"properties":{"name":"Air India Flight 855","op":"Air India","deaths":213,"year":1978}},{"type":"Feature","geometry":{"type":"Point","coordinates":[-69.756667,40.3475]},"properties":{"name":"EgyptAir Flight 990","op":"EgyptAir","deaths":216,"year":1999}},{"type":"Feature","geometry":{"type":"Point","coordinates":[99.452777777,14.946666666]},"properties":{"name":"Lauda Air Flight 004","op":"Lauda Air","deaths":223,"year":1991}},{"type":"Feature","geometry":{"type":"Point","coordinates":[34.178,30.1506]},"properties":{"name":"Metrojet Flight 9268","op":"Metrojet","deaths":224,"year":2015}},{"type":"Feature","geometry":{"type":"Point","coordinates":[119.679166666,23.989722222]},"properties":{"name":"China Airlines Flight 611","op":"China Airlines","deaths":225,"year":2002}},{"type":"Feature","geometry":{"type":"Point","coordinates":[-30.561666666,3.065833333]},"properties":{"name":"Air France Flight 447","op":"Air France","deaths":228,"year":2009}},{"type":"Feature","geometry":{"type":"Point","coordinates":[144.732,13.45583333]},"properties":{"name":"Korean Air Flight 801","op":"","deaths":228,"year":1997}},{"type":"Feature","geometry":{"type":"Point","coordinates":[-63.973611111,44.409166666]},"properties":{"name":"Swissair Flight 111","op":"Swissair","deaths":229,"year":1998}},{"type":"Feature","geometry":{"type":"Point","coordinates":[-72.636944444,40.649166666]},"properties":{"name":"TWA Flight 800","op":"Trans World Airlines","deaths":230,"year":1996}},{"type":"Feature","geometry":{"type":"Point","coordinates":[98.68,3.26472222]},"properties":{"name":"Garuda Indonesia Flight 152","op":"Garuda Indonesia","deaths":234,"year":1997}},{"type":"Feature","geometry":{"type":"Point","coordinates":[-3.358447428,55.115477662]},"properties":{"name":"Pan Am Flight 103","op":"Pan Am","deaths":243,"year":1988}},{"type":"Feature","geometry":{"type":"Point","coordinates":[-54.574166666,48.911944444]},"properties":{"name":"Arrow Air Flight 1285R","op":"","deaths":256,"year":1985}},{"type":"Feature","geometry":{"type":"Point","coordinates":[167.458333333,-77.425]},"properties":{"name":"Air New Zealand Flight 901","op":"Air New Zealand","deaths":257,"year":1979}},{"type":"Feature","geometry":{"type":"Point","coordinates":[72.612111111,23.054944444]},"properties":{"name":"Air India Flight 171","op":"Air India","deaths":260,"year":2025}},{"type":"Feature","geometry":{"type":"Point","coordinates":[39.173194444,21.636888888]},"properties":{"name":"Nigeria Airways Flight 2120","op":"Nolisair","deaths":261,"year":1991}},{"type":"Feature","geometry":{"type":"Point","coordinates":[136.9323,35.2453]},"properties":{"name":"China Airlines Flight 140","op":"China Airlines","deaths":264,"year":1994}},{"type":"Feature","geometry":{"type":"Point","coordinates":[-73.850555555,40.577222222]},"properties":{"name":"American Airlines Flight 587","op":"American Airlines","deaths":265,"year":2001}},{"type":"Feature","geometry":{"type":"Point","coordinates":[141.283333333,46.566666666]},"properties":{"name":"Korean Air Lines Flight 007 crash","op":"","deaths":269,"year":1983}},{"type":"Feature","geometry":{"type":"Point","coordinates":[-87.93,42.009722222]},"properties":{"name":"American Airlines Flight 191","op":"American Airlines","deaths":273,"year":1979}},{"type":"Feature","geometry":{"type":"Point","coordinates":[56.044722222,26.668333333]},"properties":{"name":"Iran Air Flight 655 shootdown","op":"","deaths":290,"year":1988}},{"type":"Feature","geometry":{"type":"Point","coordinates":[15.31897222,-4.32994444]},"properties":{"name":"1996 Air Africa crash","op":"Air Africa","deaths":298,"year":1996}},{"type":"Feature","geometry":{"type":"Point","coordinates":[38.655277777,48.132222222]},"properties":{"name":"Malaysia Airlines Flight 17 shootdown","op":"","deaths":298,"year":2014}},{"type":"Feature","geometry":{"type":"Point","coordinates":[46.726944444,24.711666666]},"properties":{"name":"Saudia Flight 163","op":"Saudia","deaths":301,"year":1980}},{"type":"Feature","geometry":{"type":"Point","coordinates":[-12.81666667,51.06]},"properties":{"name":"Air India Flight 182","op":"Air India","deaths":329,"year":1985}},{"type":"Feature","geometry":{"type":"Point","coordinates":[2.633333333,49.141666666]},"properties":{"name":"Turkish Airlines Flight 981","op":"Turkish Airlines","deaths":346,"year":1974}},{"type":"Feature","geometry":{"type":"Point","coordinates":[76.304166666,28.560555555]},"properties":{"name":"Charkhi Dadri mid-air collision","op":"Saudia","deaths":349,"year":1996}},{"type":"Feature","geometry":{"type":"Point","coordinates":[138.693888888,36.001388888]},"properties":{"name":"Japan Air Lines Flight 123","op":"Japan Airlines","deaths":520,"year":1985}},{"type":"Feature","geometry":{"type":"Point","coordinates":[-16.3384,28.48165]},"properties":{"name":"Tenerife airport disaster","op":"Pan Am","deaths":583,"year":1977}}]}