{"type":"FeatureCollection","features":[{"type":"Feature","geometry":{"type":"Point","coordinates":[-1.1067,50.7997]},"properties":{"name":"Mary Rose","type":"naval vessel","country":"United Kingdom"}},{"type":"Feature","geometry":{"type":"Point","coordinates":[10.1833,54.3667]},"properties":{"name":"HMS Seal","type":"U-boat"}},{"type":"Feature","geometry":{"type":"Point","coordinates":[-56.9333,-53.0667]},"properties":{"name":"HMS Sheffield","type":"guided missile destroyer"}},{"type":"Feature","geometry":{"type":"Point","coordinates":[0.25,50.7]},"properties":{"name":"U-40","type":"U-boat","country":"United Kingdom"}},{"type":"Feature","geometry":{"type":"Point","coordinates":[-3.1925,58.8838]},"properties":{"name":"SMS Prinzregent Luitpold","type":"battleship","country":"United Kingdom"}},{"type":"Feature","geometry":{"type":"Point","coordinates":[-2.3892,49.8283]},"properties":{"name":"SMS Baden","type":"super-dreadnought"}},{"type":"Feature","geometry":{"type":"Point","coordinates":[-6.3019,55.4277]},"properties":{"name":"HMS Calgarian","type":"armed merchant cruiser","country":"United Kingdom"}},{"type":"Feature","geometry":{"type":"Point","coordinates":[-15.4,41.25]},"properties":{"name":"SS California","type":"troopship"}},{"type":"Feature","geometry":{"type":"Point","coordinates":[11.14,36.8717]},"properties":{"name":"HMS Havock","type":"destroyer"}},{"type":"Feature","geometry":{"type":"Point","coordinates":[-5.1077,48.4728]},"properties":{"name":"Olympic Bravery","type":"oil tanker"}},{"type":"Feature","geometry":{"type":"Point","coordinates":[2.1833,55.1667]},"properties":{"name":"HMS Sealion","type":"submarine"}},{"type":"Feature","geometry":{"type":"Point","coordinates":[111.2175,-26.2436]},"properties":{"name":"HMAS Sydney","type":"light cruiser","country":"Australia"}},{"type":"Feature","geometry":{"type":"Point","coordinates":[4.5,68.75]},"properties":{"name":"HMS Acasta","type":"destroyer"}},{"type":"Feature","geometry":{"type":"Point","coordinates":[2.6,52.1833]},"properties":{"name":"HMS Amphion","type":"scout cruiser"}},{"type":"Feature","geometry":{"type":"Point","coordinates":[-73.8136,-36.9836]},"properties":{"name":"HMS Good Hope","type":"armored cruiser"}},{"type":"Feature","geometry":{"type":"Point","coordinates":[5.65,56.85]},"properties":{"name":"HMS Indefatigable","type":"heritage site","country":"Norway"}},{"type":"Feature","geometry":{"type":"Point","coordinates":[-2.4194,50.5769]},"properties":{"name":"HMS Foylebank","type":"cargo ship"}},{"type":"Feature","geometry":{"type":"Point","coordinates":[23.0,35.8333]},"properties":{"name":"HMS Gloucester","type":"light cruiser","country":"Greece"}},{"type":"Feature","geometry":{"type":"Point","coordinates":[2.8167,51.4]},"properties":{"name":"HMS Grafton","type":"destroyer"}},{"type":"Feature","geometry":{"type":"Point","coordinates":[2.2833,51.65]},"properties":{"name":"HMS Grenville","type":"destroyer"}},{"type":"Feature","geometry":{"type":"Point","coordinates":[17.2,68.4]},"properties":{"name":"HMS Hardy","type":"destroyer"}},{"type":"Feature","geometry":{"type":"Point","coordinates":[0.0167,57.0667]},"properties":{"name":"HMS Hawke","type":"protected cruiser"}},{"type":"Feature","geometry":{"type":"Point","coordinates":[26.3333,35.3333]},"properties":{"name":"HMS Hereward","type":"destroyer","country":"Greece"}},{"type":"Feature","geometry":{"type":"Point","coordinates":[11.3167,36.8833]},"properties":{"name":"HMS Hostile","type":"destroyer","country":"Tunisia"}},{"type":"Feature","geometry":{"type":"Point","coordinates":[17.1728,68.4147]},"properties":{"name":"HMS Hunter","type":"destroyer"}},{"type":"Feature","geometry":{"type":"Point","coordinates":[167.6831,8.7527]},"properties":{"name":"German cruiser Prinz Eugen","type":"heavy cruiser"}},{"type":"Feature","geometry":{"type":"Point","coordinates":[11.55,-18.13]},"properties":{"name":"MV Dunedin Star","type":"passenger-cargo ship"}},{"type":"Feature","geometry":{"type":"Point","coordinates":[18.2858,55.5175]},"properties":{"name":"German aircraft carrier Graf Zeppelin","type":"aircraft carrier"}},{"type":"Feature","geometry":{"type":"Point","coordinates":[10.5917,59.7]},"properties":{"name":"Blücher","type":"heavy cruiser"}},{"type":"Feature","geometry":{"type":"Point","coordinates":[-79.9589,32.8567]},"properties":{"name":"H. L. Hunley","type":"museum ship","country":"United States"}},{"type":"Feature","geometry":{"type":"Point","coordinates":[17.55,68.5483]},"properties":{"name":"German submarine U-64","type":"submarine","country":"Norway"}},{"type":"Feature","geometry":{"type":"Point","coordinates":[-78.825,-33.6017]},"properties":{"name":"SMS Dresden","type":"light cruiser"}},{"type":"Feature","geometry":{"type":"Point","coordinates":[132.5333,16.3333]},"properties":{"name":"Japanese aircraft carrier Hiyō","type":"light aircraft carrier"}},{"type":"Feature","geometry":{"type":"Point","coordinates":[-3.1415,58.8827]},"properties":{"name":"SMS Dresden","type":"cruiser","country":"United Kingdom"}},{"type":"Feature","geometry":{"type":"Point","coordinates":[-18.0,-10.15]},"properties":{"name":"U-848","type":"U-boat","country":"Nazi Germany"}},{"type":"Feature","geometry":{"type":"Point","coordinates":[-11.6,52.9667]},"properties":{"name":"HMS Mashona","type":"destroyer"}},{"type":"Feature","geometry":{"type":"Point","coordinates":[-15.5333,69.1833]},"properties":{"name":"HMS Somali","type":"destroyer"}},{"type":"Feature","geometry":{"type":"Point","coordinates":[8.7,44.3668]},"properties":{"name":"MT Haven","type":"oil tanker"}},{"type":"Feature","geometry":{"type":"Point","coordinates":[-45.9292,60.2542]},"properties":{"name":"Terra Nova"}},{"type":"Feature","geometry":{"type":"Point","coordinates":[77.9,1.9]},"properties":{"name":"HMS Dorsetshire","type":"heavy cruiser"}},{"type":"Feature","geometry":{"type":"Point","coordinates":[-1.4333,50.5333]},"properties":{"name":"HMS Acheron","type":"destroyer"}},{"type":"Feature","geometry":{"type":"Point","coordinates":[5.0803,62.1689]},"properties":{"name":"SS Sanct Svithun"}},{"type":"Feature","geometry":{"type":"Point","coordinates":[-124.3472,41.7747]},"properties":{"name":"Brother Jonathan","type":"paddle steamer","country":"United States"}},{"type":"Feature","geometry":{"type":"Point","coordinates":[-91.2014,30.4872]},"properties":{"name":"CSS Arkansas","type":"ironclad warship","country":"Confederate States of America"}},{"type":"Feature","geometry":{"type":"Point","coordinates":[26.5833,33.3333]},"properties":{"name":"HMS Bonaventure","type":"light cruiser"}},{"type":"Feature","geometry":{"type":"Point","coordinates":[-4.8546,58.7241]},"properties":{"name":"HMS Bullen","type":"frigate","country":"United Kingdom"}},{"type":"Feature","geometry":{"type":"Point","coordinates":[24.0833,34.05]},"properties":{"name":"HMS Calypso","type":"light cruiser"}},{"type":"Feature","geometry":{"type":"Point","coordinates":[-9.39,42.615]},"properties":{"name":"HMS Captain","type":"ironclad warship"}},{"type":"Feature","geometry":{"type":"Point","coordinates":[15.1833,35.1]},"properties":{"name":"HMS Cornwallis","type":"pre-dreadnought battleship"}},{"type":"Feature","geometry":{"type":"Point","coordinates":[111.0,-5.0]},"properties":{"name":"HMS Electra","type":"destroyer","country":"Indonesia"}},{"type":"Feature","geometry":{"type":"Point","coordinates":[111.0,-5.0]},"properties":{"name":"HMS Encounter","type":"destroyer"}},{"type":"Feature","geometry":{"type":"Point","coordinates":[28.4333,31.1167]},"properties":{"name":"HMS Eridge","type":"destroyer"}},{"type":"Feature","geometry":{"type":"Point","coordinates":[2.0667,52.5]},"properties":{"name":"HMS Exmoor","type":"destroyer"}},{"type":"Feature","geometry":{"type":"Point","coordinates":[-25.25,50.8333]},"properties":{"name":"HMS Firedrake","type":"destroyer"}},{"type":"Feature","geometry":{"type":"Point","coordinates":[-33.1482,32.915]},"properties":{"name":"USS Scorpion","type":"nuclear submarine","country":"United States"}},{"type":"Feature","geometry":{"type":"Point","coordinates":[-176.5667,30.6]},"properties":{"name":"USS Hammann","type":"destroyer"}},{"type":"Feature","geometry":{"type":"Point","coordinates":[-27.0833,56.1333]},"properties":{"name":"ORP Orkan","type":"destroyer"}},{"type":"Feature","geometry":{"type":"Point","coordinates":[117.0517,8.1633]},"properties":{"name":"Pandanan Shipwreck","type":"archaeological site","country":"Philippines"}},{"type":"Feature","geometry":{"type":"Point","coordinates":[14.5833,35.8833]},"properties":{"name":"ORP Kujawiak","type":"destroyer"}},{"type":"Feature","geometry":{"type":"Point","coordinates":[-0.4393,59.9305]},"properties":{"name":"Bourbon Dolphin","type":"anchor handling tug supply vessel","country":"United Kingdom"}},{"type":"Feature","geometry":{"type":"Point","coordinates":[16.6722,56.4494]},"properties":{"name":"Kronan","type":"ship of the line"}},{"type":"Feature","geometry":{"type":"Point","coordinates":[-15.25,35.25]},"properties":{"name":"Lakonia","type":"ocean liner"}},{"type":"Feature","geometry":{"type":"Point","coordinates":[4.3667,40.0]},"properties":{"name":"SS Lamoricière","type":"steamboat","country":"France"}},{"type":"Feature","geometry":{"type":"Point","coordinates":[29.1203,-32.1208]},"properties":{"name":"MTS Oceanos","type":"cruise ship"}},{"type":"Feature","geometry":{"type":"Point","coordinates":[49.8419,-17.0025]},"properties":{"name":"HMS Serapis","type":"fifth-rate frigate"}},{"type":"Feature","geometry":{"type":"Point","coordinates":[23.5334,59.3329]},"properties":{"name":"SMS Schleswig-Holstein","type":"battleship","country":"Estonia"}},{"type":"Feature","geometry":{"type":"Point","coordinates":[-3.1213,58.9175]},"properties":{"name":"SMS Bremse","type":"minelaying cruiser","country":"United Kingdom"}},{"type":"Feature","geometry":{"type":"Point","coordinates":[-3.1829,58.8974]},"properties":{"name":"SMS Friedrich der Grosse","type":"battleship","country":"United Kingdom"}},{"type":"Feature","geometry":{"type":"Point","coordinates":[26.19,32.39]},"properties":{"name":"HMS Kipling","type":"destroyer"}},{"type":"Feature","geometry":{"type":"Point","coordinates":[-35.9675,10.0]},"properties":{"name":"U-130","type":"U-boat"}},{"type":"Feature","geometry":{"type":"Point","coordinates":[-0.35,49.3667]},"properties":{"name":"HMS Dragon","type":"light cruiser"}},{"type":"Feature","geometry":{"type":"Point","coordinates":[5.8333,61.2]},"properties":{"name":"SMS Möwe","type":"armed merchantman","country":"Norway"}},{"type":"Feature","geometry":{"type":"Point","coordinates":[5.1167,54.2333]},"properties":{"name":"U-1","type":"submarine","country":"Germany"}},{"type":"Feature","geometry":{"type":"Point","coordinates":[19.75,54.6667]},"properties":{"name":"U-5","type":"attack submarine","country":"Nazi Germany"}},{"type":"Feature","geometry":{"type":"Point","coordinates":[-3.1845,58.8969]},"properties":{"name":"SMS Grosser Kurfürst","type":"battleship","country":"United Kingdom"}},{"type":"Feature","geometry":{"type":"Point","coordinates":[-7.6333,55.55]},"properties":{"name":"U-2511","type":"U-boat"}},{"type":"Feature","geometry":{"type":"Point","coordinates":[1.5,51.1667]},"properties":{"name":"U-12","type":"U-boat"}},{"type":"Feature","geometry":{"type":"Point","coordinates":[-75.2167,35.9167]},"properties":{"name":"U-85","type":"U-boat","country":"United States"}},{"type":"Feature","geometry":{"type":"Point","coordinates":[-5.6419,57.8113]},"properties":{"name":"HMS Nelson","type":"battleship","country":"United Kingdom"}},{"type":"Feature","geometry":{"type":"Point","coordinates":[-73.8458,-36.8981]},"properties":{"name":"HMS Monmouth","type":"armored cruiser"}},{"type":"Feature","geometry":{"type":"Point","coordinates":[-12.31,63.3997]},"properties":{"name":"HMS Rawalpindi","type":"ocean liner"}},{"type":"Feature","geometry":{"type":"Point","coordinates":[32.5681,31.3333]},"properties":{"name":"HMS Zealous","type":"destroyer","country":"Israel"}},{"type":"Feature","geometry":{"type":"Point","coordinates":[143.8804,-40.0271]},"properties":{"name":"Cataraqui","type":"bark","country":"Australia"}},{"type":"Feature","geometry":{"type":"Point","coordinates":[-3.3959,59.1171]},"properties":{"name":"HMS Hampshire","type":"armored cruiser","country":"United Kingdom"}},{"type":"Feature","geometry":{"type":"Point","coordinates":[126.6,11.4167]},"properties":{"name":"Chikuma","type":"heavy cruiser"}},{"type":"Feature","geometry":{"type":"Point","coordinates":[126.75,18.6167]},"properties":{"name":"Japanese aircraft carrier Chiyoda","type":"light aircraft carrier"}},{"type":"Feature","geometry":{"type":"Point","coordinates":[22.3333,38.25]},"properties":{"name":"French protected cruiser Châteaurenault","country":"Greece"}},{"type":"Feature","geometry":{"type":"Point","coordinates":[-122.489,37.8133]},"properties":{"name":"SS City of Rio de Janeiro","type":"ocean liner","country":"United States"}},{"type":"Feature","geometry":{"type":"Point","coordinates":[24.1667,34.6667]},"properties":{"name":"HMS Kashmir","type":"destroyer"}},{"type":"Feature","geometry":{"type":"Point","coordinates":[122.5333,13.1167]},"properties":{"name":"Japanese battleship Musashi","type":"battleship"}},{"type":"Feature","geometry":{"type":"Point","coordinates":[-22.0833,45.1667]},"properties":{"name":"HMS Hurricane","type":"destroyer"}},{"type":"Feature","geometry":{"type":"Point","coordinates":[11.5167,37.6667]},"properties":{"name":"HMS Hyperion","type":"destroyer","country":"Italy"}},{"type":"Feature","geometry":{"type":"Point","coordinates":[-119.0026,74.0844]},"properties":{"name":"HMS Investigator","type":"survey vessel"}},{"type":"Feature","geometry":{"type":"Point","coordinates":[26.3166,40.0333]},"properties":{"name":"HMS Irresistible","type":"pre-dreadnought battleship","country":"Turkey"}},{"type":"Feature","geometry":{"type":"Point","coordinates":[-0.6167,49.45]},"properties":{"name":"HMS Isis","type":"destroyer"}},{"type":"Feature","geometry":{"type":"Point","coordinates":[26.3333,32.6333]},"properties":{"name":"HMS Jackal","type":"destroyer"}},{"type":"Feature","geometry":{"type":"Point","coordinates":[14.5233,35.9]},"properties":{"name":"HMS Jersey","type":"destroyer"}},{"type":"Feature","geometry":{"type":"Point","coordinates":[-32.2833,53.6833]},"properties":{"name":"HMS Jervis Bay","type":"armed merchant cruiser"}},{"type":"Feature","geometry":{"type":"Point","coordinates":[26.5667,34.5833]},"properties":{"name":"HMS Juno","type":"destroyer"}},{"type":"Feature","geometry":{"type":"Point","coordinates":[112.1,-6.75]},"properties":{"name":"HMS Jupiter","type":"destroyer"}},{"type":"Feature","geometry":{"type":"Point","coordinates":[-2.1922,56.2586]},"properties":{"name":"HMS K4","type":"fleet submarine","country":"United Kingdom"}},{"type":"Feature","geometry":{"type":"Point","coordinates":[43.4,12.6333]},"properties":{"name":"HMS Khartoum","type":"destroyer"}},{"type":"Feature","geometry":{"type":"Point","coordinates":[25.9628,40.2286]},"properties":{"name":"HMS M28","type":"monitor"}},{"type":"Feature","geometry":{"type":"Point","coordinates":[26.1839,40.0417]},"properties":{"name":"HMS Majestic","type":"pre-dreadnought battleship","country":"Turkey"}},{"type":"Feature","geometry":{"type":"Point","coordinates":[35.45,69.35]},"properties":{"name":"HMS Matabele","type":"destroyer"}},{"type":"Feature","geometry":{"type":"Point","coordinates":[11.7,34.9333]},"properties":{"name":"HMS Mohawk","type":"destroyer"}},{"type":"Feature","geometry":{"type":"Point","coordinates":[26.3333,32.0167]},"properties":{"name":"HMS Naiad","type":"light cruiser"}},{"type":"Feature","geometry":{"type":"Point","coordinates":[-78.339,43.455]},"properties":{"name":"HMS Ontario","type":"sixth-rate frigate"}},{"type":"Feature","geometry":{"type":"Point","coordinates":[174.4717,-37.0683]},"properties":{"name":"HMS Orpheus","type":"corvet","country":"New Zealand"}},{"type":"Feature","geometry":{"type":"Point","coordinates":[14.3333,40.4833]},"properties":{"name":"HMS P222","type":"submarine","country":"United Kingdom"}},{"type":"Feature","geometry":{"type":"Point","coordinates":[143.9833,-11.371]},"properties":{"name":"HMS Pandora","type":"post ship","country":"Australia"}},{"type":"Feature","geometry":{"type":"Point","coordinates":[5.1,62.2667]},"properties":{"name":"HMS Satyr","type":"submarine","country":"United Kingdom"}},{"type":"Feature","geometry":{"type":"Point","coordinates":[33.92,27.8142]},"properties":{"name":"SS Thistlegorm","type":"cargo ship"}},{"type":"Feature","geometry":{"type":"Point","coordinates":[111.6667,8.6667]},"properties":{"name":"HNLMS O 19","type":"minelaying submarine"}},{"type":"Feature","geometry":{"type":"Point","coordinates":[-75.1115,35.2388]},"properties":{"name":"U-701","type":"U-boat","country":"United States"}},{"type":"Feature","geometry":{"type":"Point","coordinates":[-76.5648,34.2278]},"properties":{"name":"U-352","type":"U-boat","country":"United States"}},{"type":"Feature","geometry":{"type":"Point","coordinates":[0.8136,51.5958]},"properties":{"type":"brig-sloop"}},{"type":"Feature","geometry":{"type":"Point","coordinates":[22.5333,32.9833]},"properties":{"name":"HMS Terror","type":"monitor"}},{"type":"Feature","geometry":{"type":"Point","coordinates":[132.8833,34.0833]},"properties":{"name":"Japanese cruiser Nisshin","type":"armored cruiser"}},{"type":"Feature","geometry":{"type":"Point","coordinates":[17.4431,68.4622]},"properties":{"name":"ORP Grom","type":"destroyer"}},{"type":"Feature","geometry":{"type":"Point","coordinates":[-1.5902,50.6625]},"properties":{"name":"HMS Pomone","type":"fifth-rate frigate"}},{"type":"Feature","geometry":{"type":"Point","coordinates":[-4.4667,48.8667]},"properties":{"name":"German destroyer ZH1","type":"destroyer","country":"Nazi Germany"}},{"type":"Feature","geometry":{"type":"Point","coordinates":[-16.2,48.1667]},"properties":{"name":"Bismarck","type":"battleship"}},{"type":"Feature","geometry":{"type":"Point","coordinates":[-56.2983,-34.9717]},"properties":{"name":"Admiral Graf Spee","type":"heavy cruiser"}},{"type":"Feature","geometry":{"type":"Point","coordinates":[-3.1422,58.8973]},"properties":{"name":"SMS Cöln","type":"cruiser","country":"United Kingdom"}},{"type":"Feature","geometry":{"type":"Point","coordinates":[28.6833,72.2667]},"properties":{"name":"Scharnhorst","type":"battlecruiser","country":"Norway"}},{"type":"Feature","geometry":{"type":"Point","coordinates":[16.253,-28.4747]},"properties":{"name":"Bom Jesus","type":"carrack"}},{"type":"Feature","geometry":{"type":"Point","coordinates":[-73.839,33.903]},"properties":{"name":"Bounty","type":"tall ship"}},{"type":"Feature","geometry":{"type":"Point","coordinates":[-130.0953,-25.0686]},"properties":{"name":"HMS Bounty","type":"collier","country":"Pitcairn Islands"}},{"type":"Feature","geometry":{"type":"Point","coordinates":[-0.075,53.9822]},"properties":{"name":"HMS Falmouth","type":"light cruiser"}},{"type":"Feature","geometry":{"type":"Point","coordinates":[6.1208,57.0444]},"properties":{"name":"HMS Invincible","type":"battlecruiser","country":"Norway"}},{"type":"Feature","geometry":{"type":"Point","coordinates":[-4.0893,57.6874]},"properties":{"name":"HMS Natal","type":"armored cruiser","country":"United Kingdom"}},{"type":"Feature","geometry":{"type":"Point","coordinates":[-52.444,-68.698]},"properties":{"name":"Endurance","type":"barquentine"}},{"type":"Feature","geometry":{"type":"Point","coordinates":[9.9667,54.4672]},"properties":{"name":"HDMS Niels Juel","type":"coastal defense ship","country":"Germany"}},{"type":"Feature","geometry":{"type":"Point","coordinates":[-70.8486,41.36]},"properties":{"name":"SS City of Columbus"}},{"type":"Feature","geometry":{"type":"Point","coordinates":[3.95,73.0167]},"properties":{"name":"HMS Kite","type":"sloop-of-war"}},{"type":"Feature","geometry":{"type":"Point","coordinates":[-5.41,48.605]},"properties":{"name":"HMS Dunraven","type":"Q-ship"}},{"type":"Feature","geometry":{"type":"Point","coordinates":[3.8333,68.6333]},"properties":{"name":"HMS Glorious","type":"aircraft carrier"}},{"type":"Feature","geometry":{"type":"Point","coordinates":[-45.3759,-23.7705]},"properties":{"name":"Príncipe de Asturias","type":"passenger vessel"}},{"type":"Feature","geometry":{"type":"Point","coordinates":[-55.55,41.7]},"properties":{"name":"HMS Guerriere","type":"fifth-rate frigate"}},{"type":"Feature","geometry":{"type":"Point","coordinates":[-125.0058,48.7056]},"properties":{"name":"SS Valencia","type":"steamboat","country":"United States"}},{"type":"Feature","geometry":{"type":"Point","coordinates":[13.5,33.25]},"properties":{"name":"HMS Neptune","type":"light cruiser"}},{"type":"Feature","geometry":{"type":"Point","coordinates":[98.8167,7.95]},"properties":{"name":"HMS Strongbow","type":"submarine","country":"United Kingdom"}},{"type":"Feature","geometry":{"type":"Point","coordinates":[103.65,1.2333]},"properties":{"name":"RMS Empress of Asia","type":"ocean liner"}},{"type":"Feature","geometry":{"type":"Point","coordinates":[27.1833,37.0167]},"properties":{"name":"HMS Eclipse","type":"destroyer"}},{"type":"Feature","geometry":{"type":"Point","coordinates":[35.8333,34.5333]},"properties":{"name":"HMS Victoria","type":"battleship"}},{"type":"Feature","geometry":{"type":"Point","coordinates":[-3.0678,50.2197]},"properties":{"name":"HMS Formidable","type":"pre-dreadnought battleship"}},{"type":"Feature","geometry":{"type":"Point","coordinates":[13.25,38.25]},"properties":{"name":"HMS Thetis","type":"submarine","country":"United Kingdom"}},{"type":"Feature","geometry":{"type":"Point","coordinates":[-10.6667,53.2167]},"properties":{"name":"RMS Carinthia","type":"ocean liner"}},{"type":"Feature","geometry":{"type":"Point","coordinates":[174.8389,-41.3472]},"properties":{"name":"Wahine","country":"New Zealand"}},{"type":"Feature","geometry":{"type":"Point","coordinates":[24.0,32.0978]},"properties":{"name":"HMS Sikh","type":"destroyer"}},{"type":"Feature","geometry":{"type":"Point","coordinates":[1.44,51.2206]},"properties":{"name":"HMS Niger","type":"torpedo gunboat"}},{"type":"Feature","geometry":{"type":"Point","coordinates":[-5.05,51.1167]},"properties":{"name":"HMHS Glenart Castle","type":"hospital ship"}},{"type":"Feature","geometry":{"type":"Point","coordinates":[173.5,29.3333]},"properties":{"name":"Japanese cruiser Mikuma","type":"cruiser"}},{"type":"Feature","geometry":{"type":"Point","coordinates":[8.1,56.3583]},"properties":{"name":"HMS Defence","type":"third-rate","country":"Denmark"}},{"type":"Feature","geometry":{"type":"Point","coordinates":[-54.9811,-34.9331]},"properties":{"name":"HMS Agamemnon","type":"third-rate"}},{"type":"Feature","geometry":{"type":"Point","coordinates":[-3.1539,58.8971]},"properties":{"name":"SMS Brummer","type":"minelaying cruiser","country":"United Kingdom"}},{"type":"Feature","geometry":{"type":"Point","coordinates":[4.0,59.2167]},"properties":{"name":"HMS Gurkha","type":"destroyer"}},{"type":"Feature","geometry":{"type":"Point","coordinates":[11.6333,36.2]},"properties":{"name":"HMS Bedouin","type":"destroyer"}},{"type":"Feature","geometry":{"type":"Point","coordinates":[14.3167,32.95]},"properties":{"name":"HMS Kandahar","type":"destroyer"}},{"type":"Feature","geometry":{"type":"Point","coordinates":[26.3,31.8833]},"properties":{"name":"HMS Jaguar","type":"destroyer"}},{"type":"Feature","geometry":{"type":"Point","coordinates":[12.6333,41.4333]},"properties":{"name":"HMS Janus","type":"destroyer"}},{"type":"Feature","geometry":{"type":"Point","coordinates":[5.0261,53.3431]},"properties":{"name":"HMS Lutine","type":"fifth-rate frigate","country":"Netherlands"}},{"type":"Feature","geometry":{"type":"Point","coordinates":[151.7681,-33.8903]},"properties":{"name":"HMAS Australia","type":"battlecruiser","country":"Australia"}},{"type":"Feature","geometry":{"type":"Point","coordinates":[125.75,-9.25]},"properties":{"name":"HMAS Voyager","type":"destroyer"}},{"type":"Feature","geometry":{"type":"Point","coordinates":[-43.45,47.9167]},"properties":{"name":"HMS Crusader","type":"destroyer"}},{"type":"Feature","geometry":{"type":"Point","coordinates":[14.35,40.2167]},"properties":{"name":"HMHS Newfoundland","type":"hospital ship"}},{"type":"Feature","geometry":{"type":"Point","coordinates":[-4.8167,50.9167]},"properties":{"name":"HMHS Rewa","type":"steamship","country":"United Kingdom"}},{"type":"Feature","geometry":{"type":"Point","coordinates":[-0.0383,49.5356]},"properties":{"name":"HMHS Salta","type":"hospital ship"}},{"type":"Feature","geometry":{"type":"Point","coordinates":[30.1,73.3]},"properties":{"name":"HMS Achates","type":"destroyer"}},{"type":"Feature","geometry":{"type":"Point","coordinates":[-19.9,43.75]},"properties":{"name":"HMS Audacity","type":"escort carrier"}},{"type":"Feature","geometry":{"type":"Point","coordinates":[-2.0183,50.1167]},"properties":{"name":"HMS Blackwood","type":"destroyer escort"}},{"type":"Feature","geometry":{"type":"Point","coordinates":[12.45,41.1833]},"properties":{"name":"HMS Blankney","type":"destroyer"}},{"type":"Feature","geometry":{"type":"Point","coordinates":[2.9256,51.2394]},"properties":{"name":"HMS Vindictive","type":"protected cruiser"}},{"type":"Feature","geometry":{"type":"Point","coordinates":[1.3667,53.0833]},"properties":{"name":"HMS Vortigern","type":"destroyer"}},{"type":"Feature","geometry":{"type":"Point","coordinates":[-13.6333,49.1833]},"properties":{"name":"HMS Warwick","type":"destroyer"}},{"type":"Feature","geometry":{"type":"Point","coordinates":[-22.1833,48.8167]},"properties":{"name":"HMS Woodpecker","type":"sloop-of-war"}},{"type":"Feature","geometry":{"type":"Point","coordinates":[145.0081,-37.9678]},"properties":{"name":"HMVS Cerberus","type":"breastwork monitor","country":"Australia"}},{"type":"Feature","geometry":{"type":"Point","coordinates":[1.0,67.1167]},"properties":{"name":"HMY Alexandra","type":"hospital ship"}},{"type":"Feature","geometry":{"type":"Point","coordinates":[-82.8306,24.5314]},"properties":{"name":"Nuestra Señora de Atocha","type":"galleon"}},{"type":"Feature","geometry":{"type":"Point","coordinates":[-15.15,62.6]},"properties":{"name":"RMS Andania","type":"ocean liner"}},{"type":"Feature","geometry":{"type":"Point","coordinates":[-58.211,-51.841]},"properties":{"name":"RFA Sir Galahad","type":"landing ship logistics"}},{"type":"Feature","geometry":{"type":"Point","coordinates":[-13.6667,52.0]},"properties":{"name":"RMS Laconia","type":"ocean liner"}},{"type":"Feature","geometry":{"type":"Point","coordinates":[3.1906,51.3746]},"properties":{"name":"MS Herald of Free Enterprise","type":"roll-on/roll-off ship","country":"Belgium"}},{"type":"Feature","geometry":{"type":"Point","coordinates":[-68.2895,12.1039]},"properties":{"name":"Hilma Hooker","type":"cargo ship","country":"Netherlands"}},{"type":"Feature","geometry":{"type":"Point","coordinates":[121.7333,9.7833]},"properties":{"name":"USS Cisco","type":"attack submarine","country":"United States"}},{"type":"Feature","geometry":{"type":"Point","coordinates":[16.558,68.559]},"properties":{"name":"HMS Curlew","type":"light cruiser","country":"Norway"}},{"type":"Feature","geometry":{"type":"Point","coordinates":[1.5667,50.7667]},"properties":{"name":"German torpedo boat Iltis","type":"torpedo boat"}},{"type":"Feature","geometry":{"type":"Point","coordinates":[-64.5356,18.3687]},"properties":{"name":"RMS Rhone","type":"passenger vessel"}},{"type":"Feature","geometry":{"type":"Point","coordinates":[-5.7,49.4833]},"properties":{"name":"SS Irma"}},{"type":"Feature","geometry":{"type":"Point","coordinates":[14.2167,54.6]},"properties":{"name":"MS Jan Heweliusz","type":"ferry"}},{"type":"Feature","geometry":{"type":"Point","coordinates":[5.2017,37.02]},"properties":{"name":"HMT Rohna","type":"troopship"}},{"type":"Feature","geometry":{"type":"Point","coordinates":[28.2833,32.8]},"properties":{"name":"HMS Coventry","type":"light cruiser"}},{"type":"Feature","geometry":{"type":"Point","coordinates":[-90.1144,35.1906]},"properties":{"name":"SS Sultana","type":"steamboat","country":"United States"}},{"type":"Feature","geometry":{"type":"Point","coordinates":[7.75,37.75]},"properties":{"name":"HMHS Dover Castle","type":"passenger vessel"}},{"type":"Feature","geometry":{"type":"Point","coordinates":[26.2,40.0333]},"properties":{"name":"HMS Goliath","type":"pre-dreadnought battleship","country":"Turkey"}},{"type":"Feature","geometry":{"type":"Point","coordinates":[-10.0833,56.1667]},"properties":{"name":"U-249","type":"U-boat"}},{"type":"Feature","geometry":{"type":"Point","coordinates":[-6.4891,58.8995]},"properties":{"name":"SS Otway","type":"ocean liner","country":"United Kingdom"}},{"type":"Feature","geometry":{"type":"Point","coordinates":[8.1333,56.6833]},"properties":{"name":"Alexander Nevsky","type":"screw frigate"}},{"type":"Feature","geometry":{"type":"Point","coordinates":[123.5167,15.35]},"properties":{"name":"USS Princeton","type":"light aircraft carrier"}},{"type":"Feature","geometry":{"type":"Point","coordinates":[24.8667,32.2]},"properties":{"name":"HMS Welshman","type":"minelayer"}},{"type":"Feature","geometry":{"type":"Point","coordinates":[-59.7033,-51.06]},"properties":{"name":"HMS Coventry","type":"guided missile destroyer"}},{"type":"Feature","geometry":{"type":"Point","coordinates":[111.6667,8.6667]},"properties":{"name":"HNLMS O 15","type":"submarine","country":"Netherlands"}},{"type":"Feature","geometry":{"type":"Point","coordinates":[0.25,36.65]},"properties":{"name":"HMS Manxman","type":"minelayer"}},{"type":"Feature","geometry":{"type":"Point","coordinates":[25.51,36.31]},"properties":{"name":"HMT Royal Edward","type":"troopship","country":"Greece"}},{"type":"Feature","geometry":{"type":"Point","coordinates":[-76.8528,17.9278]},"properties":{"name":"Prinzessin Victoria Luise","type":"steamboat","country":"German Empire"}},{"type":"Feature","geometry":{"type":"Point","coordinates":[111.6667,8.6667]},"properties":{"name":"HNLMS O 14","type":"submarine","country":"Netherlands"}},{"type":"Feature","geometry":{"type":"Point","coordinates":[-3.1895,58.8891]},"properties":{"name":"SMS Karlsruhe","type":"cruiser","country":"United Kingdom"}},{"type":"Feature","geometry":{"type":"Point","coordinates":[-2.7744,56.1216]},"properties":{"name":"SMS München","type":"light cruiser","country":"United Kingdom"}},{"type":"Feature","geometry":{"type":"Point","coordinates":[-3.1773,58.8788]},"properties":{"name":"SMS Nürnberg","type":"light cruiser","country":"United Kingdom"}},{"type":"Feature","geometry":{"type":"Point","coordinates":[1.2564,50.9339]},"properties":{"name":"SM U-8","type":"submarine","country":"United Kingdom"}},{"type":"Feature","geometry":{"type":"Point","coordinates":[28.0752,40.6724]},"properties":{"name":"HMAS AE2","type":"submarine","country":"Australia"}},{"type":"Feature","geometry":{"type":"Point","coordinates":[14.7545,55.3398]},"properties":{"name":"MV Fu Shan Hai","type":"bulk carrier"}},{"type":"Feature","geometry":{"type":"Point","coordinates":[-77.0295,38.8912]},"properties":{"name":"USS Philadelphia","country":"United States"}},{"type":"Feature","geometry":{"type":"Point","coordinates":[21.0833,59.45]},"properties":{"name":"Ilmarinen","type":"battleship"}},{"type":"Feature","geometry":{"type":"Point","coordinates":[-1.9807,60.117]},"properties":{"name":"RMS Oceanic","type":"ocean liner","country":"United Kingdom"}},{"type":"Feature","geometry":{"type":"Point","coordinates":[152.8333,0.0]},"properties":{"name":"USS Sculpin","type":"submarine","country":"United States"}},{"type":"Feature","geometry":{"type":"Point","coordinates":[23.55,37.95]},"properties":{"name":"SS Reina del Mar","type":"cruise ship","country":"Greece"}},{"type":"Feature","geometry":{"type":"Point","coordinates":[33.7,69.4]},"properties":{"name":"HMS Bluebell","type":"corvet"}},{"type":"Feature","geometry":{"type":"Point","coordinates":[-88.3842,28.7417]},"properties":{"name":"Deepwater Horizon","type":"semi-submersible platform","country":"United States"}},{"type":"Feature","geometry":{"type":"Point","coordinates":[128.0667,30.3667]},"properties":{"name":"Japanese battleship Yamato","type":"battleship"}},{"type":"Feature","geometry":{"type":"Point","coordinates":[24.2839,37.7014]},"properties":{"name":"HMHS Britannic","type":"hospital ship","country":"Greece"}},{"type":"Feature","geometry":{"type":"Point","coordinates":[37.5833,69.6667]},"properties":{"name":"Kursk","type":"cruise missile submarine"}},{"type":"Feature","geometry":{"type":"Point","coordinates":[-31.8333,63.3333]},"properties":{"name":"HMS Hood","type":"battlecruiser"}},{"type":"Feature","geometry":{"type":"Point","coordinates":[-2.4211,50.5692]},"properties":{"name":"HMS Hood","type":"pre-dreadnought battleship"}},{"type":"Feature","geometry":{"type":"Point","coordinates":[125.25,19.3333]},"properties":{"name":"Japanese aircraft carrier Zuihō","type":"light aircraft carrier"}},{"type":"Feature","geometry":{"type":"Point","coordinates":[125.85,19.3333]},"properties":{"name":"Japanese aircraft carrier Zuikaku","type":"aircraft carrier"}},{"type":"Feature","geometry":{"type":"Point","coordinates":[1.9433,51.733]},"properties":{"name":"HMS Prince Royal","type":"ship of the line"}},{"type":"Feature","geometry":{"type":"Point","coordinates":[-2.2667,49.7333]},"properties":{"name":"HMS Viper","type":"destroyer"}},{"type":"Feature","geometry":{"type":"Point","coordinates":[-10.05,55.5]},"properties":{"name":"U-293","type":"U-boat"}},{"type":"Feature","geometry":{"type":"Point","coordinates":[-172.8278,68.3014]},"properties":{"name":"SS Chelyuskin","type":"steamship","country":"Soviet Union"}},{"type":"Feature","geometry":{"type":"Point","coordinates":[29.6858,36.1286]},"properties":{"name":"Uluburun shipwreck","type":"archaeological site","country":"Turkey"}},{"type":"Feature","geometry":{"type":"Point","coordinates":[-3.1973,58.8883]},"properties":{"name":"SMS Kaiserin","type":"battleship","country":"United Kingdom"}},{"type":"Feature","geometry":{"type":"Point","coordinates":[-3.1829,58.8974]},"properties":{"name":"SMS König Albert","type":"battleship","country":"United Kingdom"}},{"type":"Feature","geometry":{"type":"Point","coordinates":[8.1667,53.5167]},"properties":{"name":"U-8","type":"submarine","country":"Germany"}},{"type":"Feature","geometry":{"type":"Point","coordinates":[19.4856,54.8667]},"properties":{"name":"U-7","type":"submarine","country":"Nazi Germany"}},{"type":"Feature","geometry":{"type":"Point","coordinates":[-70.0578,12.6019]},"properties":{"name":"MS Antilla","type":"recreational dive site","country":"Aruba"}},{"type":"Feature","geometry":{"type":"Point","coordinates":[5.9,56.7]},"properties":{"name":"HMS Queen Mary","type":"battlecruiser","country":"Norway"}},{"type":"Feature","geometry":{"type":"Point","coordinates":[82.083,7.583]},"properties":{"name":"HMS Hermes","type":"aircraft carrier"}},{"type":"Feature","geometry":{"type":"Point","coordinates":[26.4,32.5667]},"properties":{"name":"HMS Barham","type":"dreadnought"}},{"type":"Feature","geometry":{"type":"Point","coordinates":[-13.7333,54.15]},"properties":{"name":"SS Laurentic","type":"ocean liner"}},{"type":"Feature","geometry":{"type":"Point","coordinates":[126.15,11.767]},"properties":{"name":"USS Gambier Bay","type":"escort carrier"}},{"type":"Feature","geometry":{"type":"Point","coordinates":[-71.762,41.17]},"properties":{"name":"HMS Hussar","type":"sixth-rate frigate"}},{"type":"Feature","geometry":{"type":"Point","coordinates":[-3.1873,58.8726]},"properties":{"name":"SMS Moltke","type":"battlecruiser","country":"United Kingdom"}},{"type":"Feature","geometry":{"type":"Point","coordinates":[10.4333,41.2833]},"properties":{"name":"HMS Shakespeare","type":"submarine","country":"United Kingdom"}},{"type":"Feature","geometry":{"type":"Point","coordinates":[-124.9483,49.654]},"properties":{"name":"HMS Express","type":"destroyer"}},{"type":"Feature","geometry":{"type":"Point","coordinates":[-2.9834,58.9308]},"properties":{"name":"HMS Royal Oak","type":"battleship","country":"United Kingdom"}},{"type":"Feature","geometry":{"type":"Point","coordinates":[-4.4044,55.8978]},"properties":{"name":"HMS Repulse","type":"battlecruiser"}},{"type":"Feature","geometry":{"type":"Point","coordinates":[-4.1833,50.3167]},"properties":{"name":"HMS Coronation","type":"second-rate","country":"United Kingdom"}},{"type":"Feature","geometry":{"type":"Point","coordinates":[12.0,-37.0]},"properties":{"name":"Cospatrick","type":"Blackwall frigate"}},{"type":"Feature","geometry":{"type":"Point","coordinates":[176.4292,-37.5403]},"properties":{"name":"MV Rena","type":"container ship","country":"New Zealand"}},{"type":"Feature","geometry":{"type":"Point","coordinates":[-0.4787,50.3855]},"properties":{"name":"RMS Moldavia","type":"steamship"}},{"type":"Feature","geometry":{"type":"Point","coordinates":[25.9667,40.2333]},"properties":{"name":"HMS Raglan","type":"monitor"}},{"type":"Feature","geometry":{"type":"Point","coordinates":[-5.146,54.8612]},"properties":{"name":"MV Craigantlet","type":"container ship","country":"United Kingdom"}},{"type":"Feature","geometry":{"type":"Point","coordinates":[26.26,34.16]},"properties":{"name":"INS Dakar","type":"submarine","country":"Israel"}},{"type":"Feature","geometry":{"type":"Point","coordinates":[160.8333,-6.1667]},"properties":{"name":"Japanese aircraft carrier Ryūjō","type":"light aircraft carrier"}},{"type":"Feature","geometry":{"type":"Point","coordinates":[-76.75,19.9333]},"properties":{"name":"Cristóbal Colón","type":"armored cruiser"}},{"type":"Feature","geometry":{"type":"Point","coordinates":[-27.4167,65.8333]},"properties":{"name":"SS Rajputana","type":"ocean liner"}},{"type":"Feature","geometry":{"type":"Point","coordinates":[-26.0,-3.0]},"properties":{"name":"HMS Dunedin","type":"light cruiser"}},{"type":"Feature","geometry":{"type":"Point","coordinates":[26.2998,40.0165]},"properties":{"name":"HMS Ocean","type":"pre-dreadnought battleship","country":"Turkey"}},{"type":"Feature","geometry":{"type":"Point","coordinates":[3.75,53.0]},"properties":{"name":"HMS Aboukir","type":"armored cruiser"}},{"type":"Feature","geometry":{"type":"Point","coordinates":[-1.1125,50.7572]},"properties":{"name":"HMS Royal George","type":"marine salvage"}},{"type":"Feature","geometry":{"type":"Point","coordinates":[0.8667,56.7]},"properties":{"name":"HMS Seahorse","type":"submarine","country":"United Kingdom"}},{"type":"Feature","geometry":{"type":"Point","coordinates":[3.8193,52.7893]},"properties":{"name":"Doris","type":"coastal submarine"}},{"type":"Feature","geometry":{"type":"Point","coordinates":[-10.0,37.6667]},"properties":{"name":"HMS Foresight","type":"destroyer"}},{"type":"Feature","geometry":{"type":"Point","coordinates":[8.3333,37.6667]},"properties":{"name":"HMS Fearless","type":"destroyer"}},{"type":"Feature","geometry":{"type":"Point","coordinates":[-22.37,52.01]},"properties":{"name":"HMS Diana","type":"destroyer"}},{"type":"Feature","geometry":{"type":"Point","coordinates":[-2.4336,50.5736]},"properties":{"name":"HMS Delight","type":"destroyer","country":"United Kingdom"}},{"type":"Feature","geometry":{"type":"Point","coordinates":[25.5167,31.75]},"properties":{"name":"HMS Defender","type":"destroyer","country":"Egypt"}},{"type":"Feature","geometry":{"type":"Point","coordinates":[120.494,14.06]},"properties":{"name":"San Diego","type":"boat","country":"Philippines"}},{"type":"Feature","geometry":{"type":"Point","coordinates":[23.5667,36.5]},"properties":{"name":"HMS Diamond","type":"destroyer","country":"Greece"}},{"type":"Feature","geometry":{"type":"Point","coordinates":[-1.5,45.75]},"properties":{"name":"HMS Crescent","type":"destroyer"}},{"type":"Feature","geometry":{"type":"Point","coordinates":[2.4464,51.0794]},"properties":{"name":"HMS Keith","type":"destroyer","country":"France"}},{"type":"Feature","geometry":{"type":"Point","coordinates":[1.2875,51.0181]},"properties":{"name":"HMS Brazen","type":"destroyer"}},{"type":"Feature","geometry":{"type":"Point","coordinates":[-6.45,0.75]},"properties":{"name":"HMS Brilliant","type":"destroyer"}},{"type":"Feature","geometry":{"type":"Point","coordinates":[23.1667,36.0]},"properties":{"name":"HMS Greyhound","type":"destroyer","country":"Greece"}},{"type":"Feature","geometry":{"type":"Point","coordinates":[-19.7667,49.4667]},"properties":{"name":"RMS Carpathia","type":"passenger vessel"}},{"type":"Feature","geometry":{"type":"Point","coordinates":[-7.5908,55.3036]},"properties":{"name":"SS Laurentic","type":"ocean liner"}},{"type":"Feature","geometry":{"type":"Point","coordinates":[-3.1771,58.8987]},"properties":{"name":"SMS Bayern","type":"super-dreadnought","country":"United Kingdom"}},{"type":"Feature","geometry":{"type":"Point","coordinates":[-3.1868,58.8762]},"properties":{"name":"SMS Hindenburg","type":"battlecruiser","country":"United Kingdom"}},{"type":"Feature","geometry":{"type":"Point","coordinates":[-3.1881,58.8821]},"properties":{"name":"SMS Kaiser","type":"battleship","country":"United Kingdom"}},{"type":"Feature","geometry":{"type":"Point","coordinates":[18.3,55.2]},"properties":{"name":"MV Goya","type":"passenger vessel"}},{"type":"Feature","geometry":{"type":"Point","coordinates":[4.6208,60.7694]},"properties":{"name":"U-864","type":"U-boat","country":"Norway"}},{"type":"Feature","geometry":{"type":"Point","coordinates":[35.0,72.0]},"properties":{"name":"HMS Edinburgh","type":"light cruiser"}},{"type":"Feature","geometry":{"type":"Point","coordinates":[-3.2059,58.8638]},"properties":{"name":"SMS Derfflinger","type":"battlecruiser","country":"United Kingdom"}},{"type":"Feature","geometry":{"type":"Point","coordinates":[111.2243,-26.0971]},"properties":{"name":"Kormoran","type":"cargo ship","country":"Australia"}},{"type":"Feature","geometry":{"type":"Point","coordinates":[6.4667,64.45]},"properties":{"name":"HMS Glowworm","type":"destroyer"}},{"type":"Feature","geometry":{"type":"Point","coordinates":[-11.9183,-28.2147]},"properties":{"name":"SS Stephen Hopkins","type":"liberty ship"}},{"type":"Feature","geometry":{"type":"Point","coordinates":[-1.0397,50.7428]},"properties":{"name":"HMS Invincible","type":"third-rate","country":"United Kingdom"}},{"type":"Feature","geometry":{"type":"Point","coordinates":[5.5167,57.9167]},"properties":{"name":"HNLMS O 22","type":"submarine","country":"Netherlands"}},{"type":"Feature","geometry":{"type":"Point","coordinates":[-5.1561,51.6904]},"properties":{"name":"HMS E39","type":"submarine","country":"United Kingdom"}},{"type":"Feature","geometry":{"type":"Point","coordinates":[-76.0833,37.7194]},"properties":{"name":"USS Texas","type":"pre-dreadnought battleship"}},{"type":"Feature","geometry":{"type":"Point","coordinates":[129.683,31.1667]},"properties":{"name":"USS Sea Fox","type":"attack submarine","country":"United States"}},{"type":"Feature","geometry":{"type":"Point","coordinates":[116.017,-6.25]},"properties":{"name":"USS Chub","type":"attack submarine","country":"United States"}},{"type":"Feature","geometry":{"type":"Point","coordinates":[-0.506,53.7126]},"properties":{"name":"Ferriby Boats","type":"museum ship","country":"United Kingdom"}},{"type":"Feature","geometry":{"type":"Point","coordinates":[118.15,-7.6333]},"properties":{"name":"Japanese cruiser Isuzu","type":"light cruiser"}},{"type":"Feature","geometry":{"type":"Point","coordinates":[5.7822,42.8382]},"properties":{"name":"Minerve","type":"attack submarine","country":"France"}},{"type":"Feature","geometry":{"type":"Point","coordinates":[-0.85,50.3]},"properties":{"name":"HMCS Alberni","type":"corvet"}},{"type":"Feature","geometry":{"type":"Point","coordinates":[-17.0,49.0]},"properties":{"name":"USS Hopewell","type":"destroyer"}},{"type":"Feature","geometry":{"type":"Point","coordinates":[1.1,53.4333]},"properties":{"name":"HMS Cobra","type":"destroyer"}},{"type":"Feature","geometry":{"type":"Point","coordinates":[-22.25,23.7833]},"properties":{"name":"HMS Pretoria Castle","type":"escort carrier"}},{"type":"Feature","geometry":{"type":"Point","coordinates":[126.3333,19.3333]},"properties":{"name":"Japanese aircraft carrier Chitose","type":"light aircraft carrier"}},{"type":"Feature","geometry":{"type":"Point","coordinates":[153.01,-30.83]},"properties":{"name":"Absalom","country":"Australia"}},{"type":"Feature","geometry":{"type":"Point","coordinates":[151.79,-32.92]},"properties":{"name":"Active","country":"Australia"}},{"type":"Feature","geometry":{"type":"Point","coordinates":[115.654,-31.6102]},"properties":{"name":"Alkimos","type":"steamship","country":"Australia"}},{"type":"Feature","geometry":{"type":"Point","coordinates":[55.2049,25.3555]},"properties":{"name":"Allah Mina","country":"United Arab Emirates"}},{"type":"Feature","geometry":{"type":"Point","coordinates":[-87.6203,45.1042]},"properties":{"name":"Alvin Clark","type":"schooner","country":"United States"}},{"type":"Feature","geometry":{"type":"Point","coordinates":[-160.0167,-0.3667]},"properties":{"name":"Amaranth"}},{"type":"Feature","geometry":{"type":"Point","coordinates":[-66.2306,18.48]},"properties":{"name":"Antonio López","type":"archaeological site","country":"United States"}},{"type":"Feature","geometry":{"type":"Point","coordinates":[114.0,4.4833]},"properties":{"name":"Atago Maru","country":"Malaysia"}},{"type":"Feature","geometry":{"type":"Point","coordinates":[123.2103,-34.0901]},"properties":{"name":"Belinda","country":"Australia"}},{"type":"Feature","geometry":{"type":"Point","coordinates":[-96.0289,41.5233]},"properties":{"name":"Bertrand","type":"steamboat","country":"United States"}},{"type":"Feature","geometry":{"type":"Point","coordinates":[-90.6456,46.8087]},"properties":{"name":"Big Bay sloop","type":"sloop","country":"United States"}},{"type":"Feature","geometry":{"type":"Point","coordinates":[-0.1038,51.5109]},"properties":{"name":"Blackfriars Ships","country":"United Kingdom"}},{"type":"Feature","geometry":{"type":"Point","coordinates":[130.7714,-12.3897]},"properties":{"name":"Booya","country":"Australia"}},{"type":"Feature","geometry":{"type":"Point","coordinates":[3.8167,51.3333]},"properties":{"name":"HMS Valentine","type":"destroyer"}},{"type":"Feature","geometry":{"type":"Point","coordinates":[-91.8333,74.6833]},"properties":{"name":"Breadalbane","type":"bark","country":"Canada"}},{"type":"Feature","geometry":{"type":"Point","coordinates":[24.6,59.5]},"properties":{"name":"Bungsberg","country":"Estonia"}},{"type":"Feature","geometry":{"type":"Point","coordinates":[-81.0358,32.0847]},"properties":{"name":"CSS Georgia","type":"ironclad warship","country":"United States"}},{"type":"Feature","geometry":{"type":"Point","coordinates":[-77.5814,35.2604]},"properties":{"name":"CSS Neuse","type":"museum ship","country":"United States"}},{"type":"Feature","geometry":{"type":"Point","coordinates":[-73.5467,43.6222]},"properties":{"name":"Cadet","type":"steamboat","country":"United States"}},{"type":"Feature","geometry":{"type":"Point","coordinates":[-4.1283,50.3619]},"properties":{"name":"Cattewater Wreck","country":"United Kingdom"}},{"type":"Feature","geometry":{"type":"Point","coordinates":[115.7111,-31.8638]},"properties":{"name":"Centaur","country":"Australia"}},{"type":"Feature","geometry":{"type":"Point","coordinates":[153.1739,-25.9617]},"properties":{"type":"cargo ship","country":"Australia"}},{"type":"Feature","geometry":{"type":"Point","coordinates":[-88.5144,48.1933]},"properties":{"name":"Chester A. Congdon","type":"cargo ship","country":"United States"}},{"type":"Feature","geometry":{"type":"Point","coordinates":[-87.0979,45.0545]},"properties":{"name":"Christina Nilsson","type":"schooner","country":"United States"}},{"type":"Feature","geometry":{"type":"Point","coordinates":[115.489,-31.9942]},"properties":{"name":"City of York","type":"bark","country":"Australia"}},{"type":"Feature","geometry":{"type":"Point","coordinates":[-49.5,46.3167]},"properties":{"name":"HMCS Windflower","type":"corvet"}},{"type":"Feature","geometry":{"type":"Point","coordinates":[174.78,-41.353]},"properties":{"name":"HMNZS Wellington","type":"frigate","country":"New Zealand"}},{"type":"Feature","geometry":{"type":"Point","coordinates":[0.696,50.89]},"properties":{"name":"HMS Anne","type":"third-rate","country":"United Kingdom"}},{"type":"Feature","geometry":{"type":"Point","coordinates":[-55.8333,30.8167]},"properties":{"name":"HMS Arethusa","type":"fifth-rate frigate"}},{"type":"Feature","geometry":{"type":"Point","coordinates":[0.291,50.655]},"properties":{"name":"HMS Ariadne","type":"protected cruiser"}},{"type":"Feature","geometry":{"type":"Point","coordinates":[8.0667,54.1667]},"properties":{"name":"HMS Ariel","type":"destroyer"}},{"type":"Feature","geometry":{"type":"Point","coordinates":[26.5083,40.2417]},"properties":{"name":"HMS Arno","type":"destroyer","country":"Turkey"}},{"type":"Feature","geometry":{"type":"Point","coordinates":[-4.8667,60.3]},"properties":{"name":"HMS Ascension","type":"frigate"}},{"type":"Feature","geometry":{"type":"Point","coordinates":[-1.5873,50.6627]},"properties":{"name":"HMS Assurance","type":"fifth-rate frigate","country":"United Kingdom"}},{"type":"Feature","geometry":{"type":"Point","coordinates":[-64.2593,18.6934]},"properties":{"name":"HMS Astraea","type":"fifth-rate frigate","country":"British Virgin Islands"}},{"type":"Feature","geometry":{"type":"Point","coordinates":[-74.3,39.578]},"properties":{"name":"HMS Atalanta","type":"sloop-of-war"}},{"type":"Feature","geometry":{"type":"Point","coordinates":[10.7667,37.7833]},"properties":{"name":"HMS Athenienne","type":"third-rate"}},{"type":"Feature","geometry":{"type":"Point","coordinates":[29.8167,31.3]},"properties":{"name":"HMS Attack","type":"destroyer"}},{"type":"Feature","geometry":{"type":"Point","coordinates":[14.32,44.365]},"properties":{"name":"HMS Avon Vale","type":"destroyer"}},{"type":"Feature","geometry":{"type":"Point","coordinates":[-2.5,50.05]},"properties":{"name":"HMS Balfour","type":"destroyer escort"}},{"type":"Feature","geometry":{"type":"Point","coordinates":[-31.58,54.16]},"properties":{"name":"HMS Bentley","type":"destroyer escort"}},{"type":"Feature","geometry":{"type":"Point","coordinates":[19.1833,71.7]},"properties":{"name":"HMS Bickerton","type":"destroyer escort"}},{"type":"Feature","geometry":{"type":"Point","coordinates":[11.5,64.4667]},"properties":{"name":"HMS Bittern","type":"sloop-of-war"}},{"type":"Feature","geometry":{"type":"Point","coordinates":[-1.8333,35.9167]},"properties":{"name":"HMS Blean","type":"destroyer"}},{"type":"Feature","geometry":{"type":"Point","coordinates":[-1.1006,50.6022]},"properties":{"name":"HMS Boxer","type":"torpedo-boat destroyer"}},{"type":"Feature","geometry":{"type":"Point","coordinates":[-75.0639,38.776]},"properties":{"name":"HMS Braak","type":"brig-sloop"}},{"type":"Feature","geometry":{"type":"Point","coordinates":[30.1,73.3]},"properties":{"name":"HMS Bramble","type":"minesweeper"}},{"type":"Feature","geometry":{"type":"Point","coordinates":[0.6667,36.8333]},"properties":{"name":"HMS Broke","type":"destroyer"}},{"type":"Feature","geometry":{"type":"Point","coordinates":[175.7056,-36.8267]},"properties":{"name":"HMS Buffalo","type":"combat stores ship","country":"New Zealand"}},{"type":"Feature","geometry":{"type":"Point","coordinates":[-31.1,59.95]},"properties":{"name":"HMS Byard","type":"destroyer escort"}},{"type":"Feature","geometry":{"type":"Point","coordinates":[-55.0183,49.2949]},"properties":{"name":"HMS Calypso","type":"corvet"}},{"type":"Feature","geometry":{"type":"Point","coordinates":[5.9667,37.6333]},"properties":{"name":"HMS Calpe","type":"destroyer"}},{"type":"Feature","geometry":{"type":"Point","coordinates":[-1.6833,49.8333]},"properties":{"name":"HMS Capel","type":"destroyer escort"}},{"type":"Feature","geometry":{"type":"Point","coordinates":[21.4,38.2333]},"properties":{"name":"HMS Chamois","type":"destroyer","country":"Greece"}},{"type":"Feature","geometry":{"type":"Point","coordinates":[-1.1519,60.0412]},"properties":{"name":"HMS Cheerful","type":"destroyer","country":"United Kingdom"}},{"type":"Feature","geometry":{"type":"Point","coordinates":[-6.3418,49.9245]},"properties":{"name":"HMS Colossus","type":"third-rate","country":"United Kingdom"}},{"type":"Feature","geometry":{"type":"Point","coordinates":[-76.6694,34.6931]},"properties":{"name":"Queen Anne's Revenge","type":"frigate","country":"United States"}},{"type":"Feature","geometry":{"type":"Point","coordinates":[-10.0667,35.9333]},"properties":{"name":"HMS Cossack","type":"destroyer"}},{"type":"Feature","geometry":{"type":"Point","coordinates":[41.0,-44.0]},"properties":{"name":"HMS Guardian","type":"fifth-rate frigate"}},{"type":"Feature","geometry":{"type":"Point","coordinates":[-7.4092,55.5378]},"properties":{"name":"HMS Audacious","type":"dreadnought"}},{"type":"Feature","geometry":{"type":"Point","coordinates":[13.8192,44.8692]},"properties":{"name":"SMS Viribus Unitis","type":"battleship"}},{"type":"Feature","geometry":{"type":"Point","coordinates":[-176.5678,30.5997]},"properties":{"name":"USS Yorktown","type":"aircraft carrier"}},{"type":"Feature","geometry":{"type":"Point","coordinates":[-71.35,41.6]},"properties":{"name":"HMS Endeavour","type":"collier"}},{"type":"Feature","geometry":{"type":"Point","coordinates":[5.8833,57.0167]},"properties":{"name":"SMS Wiesbaden","type":"heritage site","country":"Norway"}},{"type":"Feature","geometry":{"type":"Point","coordinates":[1.149,51.0138]},"properties":{"name":"SMS Grosser Kurfürst","type":"ironclad warship","country":"United Kingdom"}},{"type":"Feature","geometry":{"type":"Point","coordinates":[-178.6667,30.5]},"properties":{"name":"Akagi","type":"aircraft carrier"}},{"type":"Feature","geometry":{"type":"Point","coordinates":[-76.5528,38.1361]},"properties":{"name":"U-1105","type":"U-boat","country":"United States"}},{"type":"Feature","geometry":{"type":"Point","coordinates":[-11.9333,37.5333]},"properties":{"name":"U-442","type":"U-boat"}},{"type":"Feature","geometry":{"type":"Point","coordinates":[11.4561,57.7797]},"properties":{"name":"SS Westfalen","type":"steamboat"}},{"type":"Feature","geometry":{"type":"Point","coordinates":[144.6542,13.4592]},"properties":{"name":"SMS Cormoran","type":"cargo ship","country":"United States"}},{"type":"Feature","geometry":{"type":"Point","coordinates":[33.93,27.575]},"properties":{"name":"Sha‘ab Abū Nuhās","type":"coral reef","country":"Egypt"}},{"type":"Feature","geometry":{"type":"Point","coordinates":[-18.5833,62.25]},"properties":{"name":"HMS Graph","type":"U-boat","country":"United Kingdom"}},{"type":"Feature","geometry":{"type":"Point","coordinates":[5.8306,56.9672]},"properties":{"name":"HMS Defence","type":"armored cruiser","country":"Norway"}},{"type":"Feature","geometry":{"type":"Point","coordinates":[-11.5,48.05]},"properties":{"name":"U-26","type":"U-boat"}},{"type":"Feature","geometry":{"type":"Point","coordinates":[5.1167,54.2333]},"properties":{"name":"U-25","type":"U-boat"}},{"type":"Feature","geometry":{"type":"Point","coordinates":[107.35,-3.0833]},"properties":{"name":"HNLMS Van Ghent","type":"destroyer"}},{"type":"Feature","geometry":{"type":"Point","coordinates":[25.6667,32.3833]},"properties":{"name":"HMS Imperial","type":"destroyer"}},{"type":"Feature","geometry":{"type":"Point","coordinates":[-11.8167,58.5333]},"properties":{"name":"U-39","type":"U-boat"}},{"type":"Feature","geometry":{"type":"Point","coordinates":[-1.2885,50.8917]},"properties":{"name":"Grace Dieu","type":"warship","country":"United Kingdom"}},{"type":"Feature","geometry":{"type":"Point","coordinates":[-3.1872,58.8771]},"properties":{"name":"SMS Von der Tann","type":"battlecruiser","country":"United Kingdom"}},{"type":"Feature","geometry":{"type":"Point","coordinates":[8.1,56.3583]},"properties":{"name":"HMS St George","type":"second-rate"}},{"type":"Feature","geometry":{"type":"Point","coordinates":[130.829,-12.475]},"properties":{"name":"USS Peary","type":"destroyer","country":"Australia"}},{"type":"Feature","geometry":{"type":"Point","coordinates":[-0.2689,49.3456]},"properties":{"name":"HMS Durban","type":"light cruiser"}},{"type":"Feature","geometry":{"type":"Point","coordinates":[-3.1073,58.9246]},"properties":{"name":"SMS Emden","type":"cruiser","country":"United Kingdom"}},{"type":"Feature","geometry":{"type":"Point","coordinates":[18.4,34.9]},"properties":{"name":"HMS Southampton","type":"light cruiser"}},{"type":"Feature","geometry":{"type":"Point","coordinates":[106.1311,-5.8617]},"properties":{"name":"HMAS Perth","type":"light cruiser"}},{"type":"Feature","geometry":{"type":"Point","coordinates":[-158.0041,21.1518]},"properties":{"type":"oil tanker","country":"United States"}},{"type":"Feature","geometry":{"type":"Point","coordinates":[8.0667,58.0667]},"properties":{"name":"German cruiser Karlsruhe","type":"light cruiser","country":"Norway"}},{"type":"Feature","geometry":{"type":"Point","coordinates":[17.4395,68.6986]},"properties":{"name":"SS Dronning Maud","type":"hospital ship"}},{"type":"Feature","geometry":{"type":"Point","coordinates":[77.9,1.9]},"properties":{"name":"HMS Cornwall","type":"heavy cruiser"}},{"type":"Feature","geometry":{"type":"Point","coordinates":[151.2881,-33.8503]},"properties":{"name":"Dunbar","country":"Australia"}},{"type":"Feature","geometry":{"type":"Point","coordinates":[34.1217,27.7033]},"properties":{"name":"SS Dunraven","type":"recreational dive site"}},{"type":"Feature","geometry":{"type":"Point","coordinates":[-11.0,55.05]},"properties":{"name":"HMS Dunvegan Castle","type":"ocean liner"}},{"type":"Feature","geometry":{"type":"Point","coordinates":[-2.4092,50.6024]},"properties":{"name":"Earl of Abergavenny","country":"United Kingdom"}},{"type":"Feature","geometry":{"type":"Point","coordinates":[23.17,34.583]},"properties":{"name":"HMS Fiji","type":"light cruiser"}},{"type":"Feature","geometry":{"type":"Point","coordinates":[-6.357,58.1882]},"properties":{"name":"HMS Iolaire","type":"armed yacht","country":"United Kingdom"}},{"type":"Feature","geometry":{"type":"Point","coordinates":[4.5,68.75]},"properties":{"name":"HMS Ardent","type":"destroyer"}},{"type":"Feature","geometry":{"type":"Point","coordinates":[2.7228,51.3789]},"properties":{"name":"HMS Wakeful","type":"destroyer"}},{"type":"Feature","geometry":{"type":"Point","coordinates":[39.1933,-6.1483]},"properties":{"name":"HMS Pegasus","type":"protected cruiser"}},{"type":"Feature","geometry":{"type":"Point","coordinates":[11.1667,36.8333]},"properties":{"name":"HMS Manchester","type":"light cruiser"}},{"type":"Feature","geometry":{"type":"Point","coordinates":[-25.3167,65.8]},"properties":{"name":"HMS Newcastle","type":"light cruiser"}},{"type":"Feature","geometry":{"type":"Point","coordinates":[14.0583,67.2783]},"properties":{"name":"HMS Effingham","type":"heavy cruiser"}},{"type":"Feature","geometry":{"type":"Point","coordinates":[14.6,35.9]},"properties":{"name":"HMS Russell","type":"pre-dreadnought battleship"}},{"type":"Feature","geometry":{"type":"Point","coordinates":[1.8389,51.1056]},"properties":{"name":"HMS Hermes","type":"protected cruiser"}},{"type":"Feature","geometry":{"type":"Point","coordinates":[-5.8833,35.8833]},"properties":{"name":"HMS Britannia","type":"pre-dreadnought battleship"}},{"type":"Feature","geometry":{"type":"Point","coordinates":[-43.0,59.5]},"properties":{"name":"MS Hans Hedtoft","type":"passenger-cargo ship"}},{"type":"Feature","geometry":{"type":"Point","coordinates":[-72.1472,36.9059]},"properties":{"name":"SS SeaBreeze","type":"cruise ship"}},{"type":"Feature","geometry":{"type":"Point","coordinates":[10.3667,37.4333]},"properties":{"name":"HMS Cairo","type":"light cruiser"}},{"type":"Feature","geometry":{"type":"Point","coordinates":[-54.45,53.1667]},"properties":{"name":"Quest","type":"schooner"}},{"type":"Feature","geometry":{"type":"Point","coordinates":[122.3333,25.0333]},"properties":{"name":"Arromanches","type":"light aircraft carrier","country":"Taiwan"}},{"type":"Feature","geometry":{"type":"Point","coordinates":[-8.22,55.785]},"properties":{"name":"HMS Transylvania","type":"ocean liner"}},{"type":"Feature","geometry":{"type":"Point","coordinates":[26.3333,32.6333]},"properties":{"name":"HMS Jervis","type":"destroyer"}},{"type":"Feature","geometry":{"type":"Point","coordinates":[125.95,6.05]},"properties":{"name":"Japanese destroyer Kazagumo","type":"destroyer"}},{"type":"Feature","geometry":{"type":"Point","coordinates":[-3.65,48.9833]},"properties":{"name":"HMS Charybdis","type":"light cruiser"}},{"type":"Feature","geometry":{"type":"Point","coordinates":[37.2905,19.6367]},"properties":{"name":"SS Umbria"}},{"type":"Feature","geometry":{"type":"Point","coordinates":[151.45,-33.4667]},"properties":{"name":"HMAS Adelaide","type":"frigate","country":"Australia"}},{"type":"Feature","geometry":{"type":"Point","coordinates":[13.25,40.55]},"properties":{"name":"HMS Penelope","type":"light cruiser"}},{"type":"Feature","geometry":{"type":"Point","coordinates":[115.359,-31.2214]},"properties":{"name":"Vergulde Draeck","type":"sailing ship","country":"Australia"}},{"type":"Feature","geometry":{"type":"Point","coordinates":[-7.75,36.25]},"properties":{"name":"HMS Avenger","type":"escort carrier"}},{"type":"Feature","geometry":{"type":"Point","coordinates":[129.3,2.5333]},"properties":{"name":"USS Seawolf","type":"submarine","country":"United States"}},{"type":"Feature","geometry":{"type":"Point","coordinates":[148.25,-7.25]},"properties":{"name":"Japanese destroyer Asashio","type":"destroyer"}},{"type":"Feature","geometry":{"type":"Point","coordinates":[33.6508,34.8894]},"properties":{"name":"MS Zenobia","type":"roll-on/roll-off ship"}},{"type":"Feature","geometry":{"type":"Point","coordinates":[23.3078,35.8897]},"properties":{"name":"Antikythera wreck","country":"Greece"}},{"type":"Feature","geometry":{"type":"Point","coordinates":[-8.6333,55.8333]},"properties":{"name":"HMS Curacoa","type":"light cruiser"}},{"type":"Feature","geometry":{"type":"Point","coordinates":[5.75,66.2333]},"properties":{"name":"HMS Afridi","type":"destroyer"}},{"type":"Feature","geometry":{"type":"Point","coordinates":[26.0,33.3333]},"properties":{"name":"HMS Hermione","type":"light cruiser"}},{"type":"Feature","geometry":{"type":"Point","coordinates":[-73.8545,40.5902]},"properties":{"name":"HMS Liverpool","type":"sixth-rate frigate"}},{"type":"Feature","geometry":{"type":"Point","coordinates":[-87.3114,30.2969]},"properties":{"name":"USS Massachusetts","type":"pre-dreadnought battleship","country":"United States"}},{"type":"Feature","geometry":{"type":"Point","coordinates":[3.6689,52.2503]},"properties":{"name":"HMS Cressy","type":"armored cruiser"}},{"type":"Feature","geometry":{"type":"Point","coordinates":[17.2517,40.4431]},"properties":{"name":"HMS Abdiel","type":"minelayer","country":"Italy"}},{"type":"Feature","geometry":{"type":"Point","coordinates":[29.2167,31.2833]},"properties":{"name":"HMS Galatea","type":"light cruiser"}},{"type":"Feature","geometry":{"type":"Point","coordinates":[18.3088,-34.0369]},"properties":{"name":"SS Oakburn and Bos 400","type":"recreational dive site","country":"South Africa"}},{"type":"Feature","geometry":{"type":"Point","coordinates":[-1.2683,37.5594]},"properties":{"name":"Phoenician shipwrecks of Mazarrón","type":"group","country":"Spain"}},{"type":"Feature","geometry":{"type":"Point","coordinates":[-22.1167,40.5167]},"properties":{"name":"U-600","type":"U-boat"}},{"type":"Feature","geometry":{"type":"Point","coordinates":[120.6833,5.7]},"properties":{"name":"Japanese destroyer Tanikaze","type":"destroyer"}},{"type":"Feature","geometry":{"type":"Point","coordinates":[148.5,-7.25]},"properties":{"name":"Japanese destroyer Arashio","type":"destroyer"}},{"type":"Feature","geometry":{"type":"Point","coordinates":[30.8789,45.2951]},"properties":{"name":"Moskva","type":"guided missile cruiser"}},{"type":"Feature","geometry":{"type":"Point","coordinates":[-49.9469,41.7325]},"properties":{"name":"wreck of the RMS Titanic","type":"archaeological site"}},{"type":"Feature","geometry":{"type":"Point","coordinates":[23.9833,37.65]},"properties":{"name":"SS Oria","type":"steamship","country":"Greece"}},{"type":"Feature","geometry":{"type":"Point","coordinates":[-1.0036,57.9943]},"properties":{"name":"HMS Inglefield","type":"destroyer","country":"United Kingdom"}},{"type":"Feature","geometry":{"type":"Point","coordinates":[6.0833,37.1667]},"properties":{"name":"HMS Tynedale","type":"destroyer"}},{"type":"Feature","geometry":{"type":"Point","coordinates":[-6.4083,49.8622]},"properties":{"name":"HMS Association","type":"second-rate","country":"United Kingdom"}},{"type":"Feature","geometry":{"type":"Point","coordinates":[-2.7676,56.0652]},"properties":{"name":"USS Stockton","type":"destroyer","country":"United Kingdom"}},{"type":"Feature","geometry":{"type":"Point","coordinates":[137.1799,34.8389]},"properties":{"name":"JDS Oyashio","type":"submarine","country":"Japan"}},{"type":"Feature","geometry":{"type":"Point","coordinates":[28.3667,60.0167]},"properties":{"name":"HMS Verulam","type":"destroyer"}},{"type":"Feature","geometry":{"type":"Point","coordinates":[28.3833,60.0833]},"properties":{"name":"HMS Vittoria","type":"destroyer"}},{"type":"Feature","geometry":{"type":"Point","coordinates":[-8.0,66.0]},"properties":{"name":"HMS Punjabi","type":"destroyer"}},{"type":"Feature","geometry":{"type":"Point","coordinates":[-5.0181,55.6291]},"properties":{"name":"HMS Dasher","type":"aircraft carrier","country":"United Kingdom"}},{"type":"Feature","geometry":{"type":"Point","coordinates":[21.2278,58.4781]},"properties":{"name":"HMS Cassandra","type":"light cruiser","country":"Estonia"}},{"type":"Feature","geometry":{"type":"Point","coordinates":[16.5767,68.7286]},"properties":{"name":"HMS Searcher","type":"escort carrier"}},{"type":"Feature","geometry":{"type":"Point","coordinates":[-2.3932,56.4332]},"properties":{"name":"HMS Argyll","type":"armored cruiser","country":"United Kingdom"}},{"type":"Feature","geometry":{"type":"Point","coordinates":[-27.3167,56.2667]},"properties":{"name":"HMS Penzance","type":"sloop-of-war"}},{"type":"Feature","geometry":{"type":"Point","coordinates":[-18.0,62.0]},"properties":{"name":"HMS Picotee","type":"corvet"}},{"type":"Feature","geometry":{"type":"Point","coordinates":[-2.965,50.495]},"properties":{"name":"HMS Empress of India","type":"pre-dreadnought battleship"}},{"type":"Feature","geometry":{"type":"Point","coordinates":[-4.674,51.159]},"properties":{"name":"HMS Montagu","type":"pre-dreadnought battleship","country":"United Kingdom"}},{"type":"Feature","geometry":{"type":"Point","coordinates":[-4.2023,58.7163]},"properties":{"name":"HMS King Edward VII","type":"pre-dreadnought battleship","country":"United Kingdom"}},{"type":"Feature","geometry":{"type":"Point","coordinates":[5.8667,56.7]},"properties":{"name":"HMS Ardent","type":"destroyer"}},{"type":"Feature","geometry":{"type":"Point","coordinates":[1.315,51.117]},"properties":{"name":"HMS Glatton","type":"monitor"}},{"type":"Feature","geometry":{"type":"Point","coordinates":[-3.2251,56.0401]},"properties":{"name":"HMS Campania","type":"seaplane tender","country":"United Kingdom"}},{"type":"Feature","geometry":{"type":"Point","coordinates":[-1.4977,55.6321]},"properties":{"name":"HMS Ascot","type":"minesweeper","country":"United Kingdom"}},{"type":"Feature","geometry":{"type":"Point","coordinates":[27.3,35.48]},"properties":{"name":"HMS Panther","type":"destroyer"}},{"type":"Feature","geometry":{"type":"Point","coordinates":[8.5333,37.5333]},"properties":{"name":"HMS Quentin","type":"destroyer"}},{"type":"Feature","geometry":{"type":"Point","coordinates":[151.331,-33.8642]},"properties":{"name":"HMAS Pioneer","type":"light cruiser","country":"Australia"}},{"type":"Feature","geometry":{"type":"Point","coordinates":[25.6333,33.4]},"properties":{"name":"HMS Lively","type":"destroyer"}},{"type":"Feature","geometry":{"type":"Point","coordinates":[-4.8295,55.6119]},"properties":{"name":"HMS A10","type":"submarine","country":"United Kingdom"}},{"type":"Feature","geometry":{"type":"Point","coordinates":[166.5,-23.75]},"properties":{"name":"Japanese submarine I-17","type":"submarine"}},{"type":"Feature","geometry":{"type":"Point","coordinates":[-1.501,55.128]},"properties":{"name":"HMS H41","type":"submarine","country":"United Kingdom"}},{"type":"Feature","geometry":{"type":"Point","coordinates":[-55.1591,5.8182]},"properties":{"name":"Goslar","type":"turbine ship","country":"Suriname"}},{"type":"Feature","geometry":{"type":"Point","coordinates":[12.6839,41.4339]},"properties":{"name":"HMS Spartan","type":"light cruiser"}},{"type":"Feature","geometry":{"type":"Point","coordinates":[-29.85,-21.1667]},"properties":{"name":"RMS Carmania","type":"ocean liner"}},{"type":"Feature","geometry":{"type":"Point","coordinates":[9.3833,44.0667]},"properties":{"name":"HMS Simoom","type":"submarine","country":"United Kingdom"}},{"type":"Feature","geometry":{"type":"Point","coordinates":[113.7919,-28.4916]},"properties":{"name":"Batavia","type":"sailing ship","country":"Australia"}},{"type":"Feature","geometry":{"type":"Point","coordinates":[16.5936,68.795]},"properties":{"name":"RV Belgica","type":"sailing ship"}},{"type":"Feature","geometry":{"type":"Point","coordinates":[-53.05,37.7333]},"properties":{"name":"MV Belpamela","type":"motor ship"}},{"type":"Feature","geometry":{"type":"Point","coordinates":[-3.1535,58.8867]},"properties":{"name":"SMS König","type":"battleship","country":"United Kingdom"}},{"type":"Feature","geometry":{"type":"Point","coordinates":[-0.7987,60.7369]},"properties":{"name":"HMS E49","type":"submarine","country":"United Kingdom"}},{"type":"Feature","geometry":{"type":"Point","coordinates":[-5.9216,54.9617]},"properties":{"name":"HMS Thrush","type":"gunboat","country":"United Kingdom"}},{"type":"Feature","geometry":{"type":"Point","coordinates":[-66.8333,49.1667]},"properties":{"name":"HMCS Charlottetown","type":"corvet"}},{"type":"Feature","geometry":{"type":"Point","coordinates":[3.3,58.2167]},"properties":{"name":"HMS Tanatside","type":"destroyer"}},{"type":"Feature","geometry":{"type":"Point","coordinates":[107.5952,-2.7608]},"properties":{"name":"Belitung shipwreck","type":"dhow"}},{"type":"Feature","geometry":{"type":"Point","coordinates":[11.1244,35.5319]},"properties":{"name":"Mahdia shipwreck","type":"archaeological site","country":"Tunisia"}},{"type":"Feature","geometry":{"type":"Point","coordinates":[151.4167,7.8333]},"properties":{"name":"Akagi Maru","type":"light cruiser"}},{"type":"Feature","geometry":{"type":"Point","coordinates":[1.0278,53.3703]},"properties":{"name":"La Combattante","type":"destroyer"}},{"type":"Feature","geometry":{"type":"Point","coordinates":[-10.55,55.3333]},"properties":{"name":"SS Arandora Star","type":"cruise ship"}},{"type":"Feature","geometry":{"type":"Point","coordinates":[23.5,33.5]},"properties":{"name":"Diana","type":"aviso"}},{"type":"Feature","geometry":{"type":"Point","coordinates":[-2.2064,50.3656]},"properties":{"name":"HMS Warrior","type":"steam yacht"}},{"type":"Feature","geometry":{"type":"Point","coordinates":[3.95,37.8833]},"properties":{"name":"HMS Martin","type":"destroyer"}},{"type":"Feature","geometry":{"type":"Point","coordinates":[-1.35,35.5]},"properties":{"name":"HMS Partridge","type":"destroyer"}},{"type":"Feature","geometry":{"type":"Point","coordinates":[20.6249,37.8596]},"properties":{"name":"MV Panagiotis","country":"Greece"}},{"type":"Feature","geometry":{"type":"Point","coordinates":[-3.4995,50.3328]},"properties":{"name":"HMS D1","type":"submarine","country":"United Kingdom"}},{"type":"Feature","geometry":{"type":"Point","coordinates":[33.5619,44.4532]},"properties":{"name":"Agnes Blaikie"}},{"type":"Feature","geometry":{"type":"Point","coordinates":[-87.5086,44.2306]},"properties":{"name":"SS Continental","type":"bulk carrier","country":"United States"}},{"type":"Feature","geometry":{"type":"Point","coordinates":[-69.415,43.9844]},"properties":{"name":"Cora F. Cressey","type":"schooner","country":"United States"}},{"type":"Feature","geometry":{"type":"Point","coordinates":[-4.4612,57.2987]},"properties":{"name":"Crusader","type":"speedboat","country":"United Kingdom"}},{"type":"Feature","geometry":{"type":"Point","coordinates":[-87.2952,44.6703]},"properties":{"name":"Daniel Lyons","type":"archaeological site","country":"United States"}},{"type":"Feature","geometry":{"type":"Point","coordinates":[152.6167,-5.0833]},"properties":{"name":"USS Amberjack","type":"attack submarine","country":"United States"}},{"type":"Feature","geometry":{"type":"Point","coordinates":[151.1667,5.0833]},"properties":{"name":"USS Corvina","type":"attack submarine","country":"United States"}},{"type":"Feature","geometry":{"type":"Point","coordinates":[166.3028,-50.4843]},"properties":{"name":"Derry Castle","type":"sailing ship","country":"New Zealand"}},{"type":"Feature","geometry":{"type":"Point","coordinates":[-4.541,52.52]},"properties":{"name":"Diamond","country":"United Kingdom"}},{"type":"Feature","geometry":{"type":"Point","coordinates":[-75.3272,35.0865]},"properties":{"name":"United States lightship Diamond Shoal","type":"lightvessel","country":"United States"}},{"type":"Feature","geometry":{"type":"Point","coordinates":[22.5858,36.789]},"properties":{"name":"Dimitrios shipwreck","country":"Greece"}},{"type":"Feature","geometry":{"type":"Point","coordinates":[23.3445,37.3499]},"properties":{"name":"Dokos shipwreck","country":"Greece"}},{"type":"Feature","geometry":{"type":"Point","coordinates":[165.9548,-50.6079]},"properties":{"name":"Dundonald","type":"merchant vessel","country":"New Zealand"}},{"type":"Feature","geometry":{"type":"Point","coordinates":[-1.6277,59.5159]},"properties":{"name":"El Gran Grifón"}},{"type":"Feature","geometry":{"type":"Point","coordinates":[-88.0124,32.2436]},"properties":{"name":"Eliza Battle","type":"steamboat"}},{"type":"Feature","geometry":{"type":"Point","coordinates":[-2.5108,58.165]},"properties":{"name":"HMS Lynx","type":"destroyer","country":"United Kingdom"}},{"type":"Feature","geometry":{"type":"Point","coordinates":[2.4167,36.9167]},"properties":{"name":"HMS Bicester","type":"destroyer"}},{"type":"Feature","geometry":{"type":"Point","coordinates":[5.9667,37.6333]},"properties":{"name":"HMS Holcombe","type":"destroyer"}},{"type":"Feature","geometry":{"type":"Point","coordinates":[14.8333,44.5]},"properties":{"name":"HMS Aldenham","type":"destroyer"}},{"type":"Feature","geometry":{"type":"Point","coordinates":[-4.45,49.9]},"properties":{"name":"HMS Wivern","type":"destroyer"}},{"type":"Feature","geometry":{"type":"Point","coordinates":[142.8571,-38.6082]},"properties":{"name":"Falls of Halladale","country":"Australia"}},{"type":"Feature","geometry":{"type":"Point","coordinates":[37.8764,44.6042]},"properties":{"name":"SS Admiral Nakhimov","type":"hospital ship"}},{"type":"Feature","geometry":{"type":"Point","coordinates":[-77.3667,-35.9667]},"properties":{"name":"HMS Glamorgan","type":"guided missile destroyer"}},{"type":"Feature","geometry":{"type":"Point","coordinates":[-3.9667,35.95]},"properties":{"name":"HMS Porcupine","type":"destroyer"}},{"type":"Feature","geometry":{"type":"Point","coordinates":[128.1833,33.2833]},"properties":{"name":"Japanese aircraft carrier Akitsu Maru","type":"escort carrier"}},{"type":"Feature","geometry":{"type":"Point","coordinates":[111.0,-5.0]},"properties":{"name":"HMS Exeter","type":"heavy cruiser"}},{"type":"Feature","geometry":{"type":"Point","coordinates":[28.0,32.0]},"properties":{"name":"HMS Calcutta","type":"light cruiser"}},{"type":"Feature","geometry":{"type":"Point","coordinates":[-59.0583,-51.5508]},"properties":{"name":"HMS Antelope","type":"frigate"}},{"type":"Feature","geometry":{"type":"Point","coordinates":[-2.1675,56.1182]},"properties":{"name":"HMS Pathfinder","type":"scout cruiser","country":"United Kingdom"}},{"type":"Feature","geometry":{"type":"Point","coordinates":[107.0695,-2.4151]},"properties":{"name":"Tek Sing"}},{"type":"Feature","geometry":{"type":"Point","coordinates":[-9.9,51.3]},"properties":{"name":"HMHS Llandovery Castle","type":"hospital ship"}},{"type":"Feature","geometry":{"type":"Point","coordinates":[-14.1805,28.3458]},"properties":{"name":"SS America","type":"ocean liner"}},{"type":"Feature","geometry":{"type":"Point","coordinates":[-59.1367,-51.6606]},"properties":{"name":"HMS Ardent","type":"frigate"}},{"type":"Feature","geometry":{"type":"Point","coordinates":[-3.1654,58.8937]},"properties":{"name":"SMS Kronprinz","type":"battleship","country":"United Kingdom"}},{"type":"Feature","geometry":{"type":"Point","coordinates":[-6.2147,55.2851]},"properties":{"name":"HMS Drake","type":"armored cruiser","country":"United Kingdom"}},{"type":"Feature","geometry":{"type":"Point","coordinates":[-4.7667,48.6]},"properties":{"name":"Amoco Cadiz","type":"oil tanker"}},{"type":"Feature","geometry":{"type":"Point","coordinates":[28.9333,32.0]},"properties":{"name":"HMS Zulu","type":"destroyer"}},{"type":"Feature","geometry":{"type":"Point","coordinates":[9.1167,58.6667]},"properties":{"name":"SS Rio de Janeiro","type":"cargo ship"}},{"type":"Feature","geometry":{"type":"Point","coordinates":[19.2858,-34.645]},"properties":{"name":"HMS Birkenhead","type":"steamboat","country":"South Africa"}},{"type":"Feature","geometry":{"type":"Point","coordinates":[-68.5,15.95]},"properties":{"name":"U-159","type":"U-boat"}},{"type":"Feature","geometry":{"type":"Point","coordinates":[-35.5833,-12.5]},"properties":{"name":"U-161","type":"U-boat"}},{"type":"Feature","geometry":{"type":"Point","coordinates":[-3.1669,58.8912]},"properties":{"name":"SMS Markgraf","type":"battleship","country":"United Kingdom"}},{"type":"Feature","geometry":{"type":"Point","coordinates":[3.8,53.4433]},"properties":{"name":"HMS Esk","type":"destroyer","country":"Netherlands"}},{"type":"Feature","geometry":{"type":"Point","coordinates":[14.5189,35.9047]},"properties":{"name":"HMS Maori","type":"destroyer"}},{"type":"Feature","geometry":{"type":"Point","coordinates":[-3.37,36.1097]},"properties":{"name":"HMS Escort","type":"destroyer","country":"Spain"}},{"type":"Feature","geometry":{"type":"Point","coordinates":[-3.1826,58.8697]},"properties":{"name":"SMS Seydlitz","type":"battlecruiser","country":"United Kingdom"}},{"type":"Feature","geometry":{"type":"Point","coordinates":[-82.355,23.2025]},"properties":{"name":"USS Maine","type":"pre-dreadnought battleship","country":"Cuba"}},{"type":"Feature","geometry":{"type":"Point","coordinates":[-3.9333,49.9833]},"properties":{"name":"HMS M1","type":"submarine","country":"United Kingdom"}},{"type":"Feature","geometry":{"type":"Point","coordinates":[153.987,-27.283]},"properties":{"name":"AHS Centaur","type":"hospital ship","country":"Australia"}},{"type":"Feature","geometry":{"type":"Point","coordinates":[-2.5486,50.5761]},"properties":{"name":"HMS M2","type":"submarine","country":"United Kingdom"}},{"type":"Feature","geometry":{"type":"Point","coordinates":[0.65,50.4167]},"properties":{"name":"HMS Bulwark","type":"pre-dreadnought battleship"}},{"type":"Feature","geometry":{"type":"Point","coordinates":[2.45,37.0833]},"properties":{"name":"U-331","type":"U-boat"}},{"type":"Feature","geometry":{"type":"Point","coordinates":[-4.75,36.05]},"properties":{"name":"HMS Ark Royal","type":"aircraft carrier"}},{"type":"Feature","geometry":{"type":"Point","coordinates":[98.45,7.9]},"properties":{"name":"HMS Stoic","type":"submarine","country":"United Kingdom"}},{"type":"Feature","geometry":{"type":"Point","coordinates":[25.3333,32.25]},"properties":{"name":"HMAS Waterhen","type":"destroyer"}},{"type":"Feature","geometry":{"type":"Point","coordinates":[-68.4083,48.625]},"properties":{"name":"RMS Empress of Ireland","type":"passenger vessel","country":"Canada"}},{"type":"Feature","geometry":{"type":"Point","coordinates":[-4.25,47.15]},"properties":{"name":"MV Erika","type":"oil tanker"}},{"type":"Feature","geometry":{"type":"Point","coordinates":[2.9485,57.6493]},"properties":{"name":"HMS Warrior","type":"heritage site","country":"Norway"}},{"type":"Feature","geometry":{"type":"Point","coordinates":[96.3333,3.9167]},"properties":{"name":"HMS Sirdar","type":"submarine","country":"United Kingdom"}},{"type":"Feature","geometry":{"type":"Point","coordinates":[-13.5234,28.9773]},"properties":{"name":"Temple Hall","type":"motor ship","country":"Spain"}},{"type":"Feature","geometry":{"type":"Point","coordinates":[0.0833,49.5667]},"properties":{"name":"SS Galeka","type":"ocean liner","country":"France"}},{"type":"Feature","geometry":{"type":"Point","coordinates":[113.9365,-27.1861]},"properties":{"name":"Zuytdorp","country":"Australia"}},{"type":"Feature","geometry":{"type":"Point","coordinates":[-4.4833,48.3667]},"properties":{"name":"U-415","type":"U-boat"}},{"type":"Feature","geometry":{"type":"Point","coordinates":[-44.16,46.56]},"properties":{"name":"French corvette Alysse","type":"corvet"}},{"type":"Feature","geometry":{"type":"Point","coordinates":[-6.362,49.895]},"properties":{"name":"Hollandia"}},{"type":"Feature","geometry":{"type":"Point","coordinates":[6.0594,57.0006]},"properties":{"name":"HMS Shark","type":"heritage site","country":"Norway"}},{"type":"Feature","geometry":{"type":"Point","coordinates":[-4.9655,48.3989]},"properties":{"name":"HMS Arethusa","type":"fifth-rate frigate"}},{"type":"Feature","geometry":{"type":"Point","coordinates":[50.722,26.12]},"properties":{"name":"Fifi ship wreck","country":"Bahrain"}},{"type":"Feature","geometry":{"type":"Point","coordinates":[-87.0497,45.2875]},"properties":{"name":"Fleetwing","type":"schooner","country":"United States"}},{"type":"Feature","geometry":{"type":"Point","coordinates":[-73.6803,43.4528]},"properties":{"name":"Forward shipwreck site","type":"launch","country":"United States"}},{"type":"Feature","geometry":{"type":"Point","coordinates":[-87.0122,45.1144]},"properties":{"name":"Frank O'Connor","type":"bulk carrier","country":"United States"}},{"type":"Feature","geometry":{"type":"Point","coordinates":[13.2053,45.5617]},"properties":{"name":"French brig Mercure"}},{"type":"Feature","geometry":{"type":"Point","coordinates":[-0.9872,45.5722]},"properties":{"name":"French cruiser Condé","type":"armored cruiser"}},{"type":"Feature","geometry":{"type":"Point","coordinates":[-6.3431,49.8889]},"properties":{"name":"HMS Firebrand","type":"fire ship"}},{"type":"Feature","geometry":{"type":"Point","coordinates":[-18.3,54.5833]},"properties":{"name":"Montrose","type":"ocean liner"}},{"type":"Feature","geometry":{"type":"Point","coordinates":[-80.1318,25.483]},"properties":{"name":"HMS Fowey","type":"fifth-rate frigate"}},{"type":"Feature","geometry":{"type":"Point","coordinates":[-1.589,55.452]},"properties":{"name":"HMS G11","type":"submarine","country":"United Kingdom"}},{"type":"Feature","geometry":{"type":"Point","coordinates":[1.272,51.957]},"properties":{"name":"HMS Ganges","type":"naval shore establishment","country":"United Kingdom"}},{"type":"Feature","geometry":{"type":"Point","coordinates":[1.81,52.6]},"properties":{"name":"HMS Gloucester","type":"third-rate"}},{"type":"Feature","geometry":{"type":"Point","coordinates":[-2.385,59.2829]},"properties":{"name":"HMS Goldfinch","type":"destroyer","country":"United Kingdom"}},{"type":"Feature","geometry":{"type":"Point","coordinates":[-5.3977,55.9475]},"properties":{"name":"HMS Grampus","type":"attack submarine","country":"United Kingdom"}},{"type":"Feature","geometry":{"type":"Point","coordinates":[104.1633,-0.3883]},"properties":{"name":"HMS Grasshopper","type":"river gunboat"}},{"type":"Feature","geometry":{"type":"Point","coordinates":[25.5,32.0833]},"properties":{"name":"HMS Grove","type":"destroyer"}},{"type":"Feature","geometry":{"type":"Point","coordinates":[-9.5,46.7167]},"properties":{"name":"HMS Guysborough","type":"minesweeper"}},{"type":"Feature","geometry":{"type":"Point","coordinates":[-5.3296,52.1418]},"properties":{"name":"HMS H47","type":"submarine","country":"United Kingdom"}},{"type":"Feature","geometry":{"type":"Point","coordinates":[81.95,7.35]},"properties":{"name":"HMS Hollyhock","type":"corvet"}},{"type":"Feature","geometry":{"type":"Point","coordinates":[-8.2,55.45]},"properties":{"name":"HMS Hurst Castle","type":"corvet"}},{"type":"Feature","geometry":{"type":"Point","coordinates":[3.0,37.0]},"properties":{"name":"HMS Ibis","type":"sloop-of-war"}},{"type":"Feature","geometry":{"type":"Point","coordinates":[144.703,-38.2441]},"properties":{"name":"HMS J3","type":"submarine","country":"Australia"}},{"type":"Feature","geometry":{"type":"Point","coordinates":[144.9947,-37.9434]},"properties":{"name":"HMS J7","type":"submarine","country":"Australia"}},{"type":"Feature","geometry":{"type":"Point","coordinates":[-78.6333,15.85]},"properties":{"name":"HMS Jaseur","type":"gunboat"}},{"type":"Feature","geometry":{"type":"Point","coordinates":[112.0,-31.5]},"properties":{"name":"HMS Jumna","type":"gun-brig","country":"Australia"}},{"type":"Feature","geometry":{"type":"Point","coordinates":[-4.8116,56.0258]},"properties":{"name":"HMS K13","type":"fleet submarine","country":"United Kingdom"}},{"type":"Feature","geometry":{"type":"Point","coordinates":[-20.45,27.25]},"properties":{"name":"HMS Lady Shirley","type":"naval trawler"}},{"type":"Feature","geometry":{"type":"Point","coordinates":[-0.23,50.6433]},"properties":{"name":"HMS Laforey","type":"destroyer"}},{"type":"Feature","geometry":{"type":"Point","coordinates":[-71.3303,41.5201]},"properties":{"name":"HMS Lark","type":"fifth-rate frigate"}},{"type":"Feature","geometry":{"type":"Point","coordinates":[-0.3964,49.4286]},"properties":{"name":"HMS Lawford","type":"destroyer escort"}},{"type":"Feature","geometry":{"type":"Point","coordinates":[-5.1127,51.6879]},"properties":{"name":"HMS Leda","type":"fifth-rate frigate","country":"United Kingdom"}},{"type":"Feature","geometry":{"type":"Point","coordinates":[9.8333,37.8833]},"properties":{"name":"HMS Lightning","type":"destroyer"}},{"type":"Feature","geometry":{"type":"Point","coordinates":[0.5167,51.385]},"properties":{"name":"HMS Royal James","type":"second-rate"}},{"type":"Feature","geometry":{"type":"Point","coordinates":[-4.2527,50.3276]},"properties":{"name":"HMS Scylla","type":"frigate"}},{"type":"Feature","geometry":{"type":"Point","coordinates":[-6.2283,56.6333]},"properties":{"name":"HMS Sir Galahad","type":"naval trawler"}},{"type":"Feature","geometry":{"type":"Point","coordinates":[173.9722,-41.1853]},"properties":{"name":"HMS Sparrow","type":"gunboat","country":"New Zealand"}},{"type":"Feature","geometry":{"type":"Point","coordinates":[-76.789,43.814]},"properties":{"name":"HMS Speedy","type":"schooner"}},{"type":"Feature","geometry":{"type":"Point","coordinates":[-3.2643,58.2973]},"properties":{"name":"HMS Sphinx","type":"minesweeper","country":"United Kingdom"}},{"type":"Feature","geometry":{"type":"Point","coordinates":[-76.505,44.2206]},"properties":{"name":"HMS St Lawrence","type":"first-rate"}},{"type":"Feature","geometry":{"type":"Point","coordinates":[1.5069,51.2743]},"properties":{"name":"HMS Stirling Castle","type":"third-rate","country":"United Kingdom"}},{"type":"Feature","geometry":{"type":"Point","coordinates":[-2.6432,56.3055]},"properties":{"name":"HMS Success","type":"destroyer","country":"United Kingdom"}},{"type":"Feature","geometry":{"type":"Point","coordinates":[138.6,-35.58]},"properties":{"name":"HMS Swallow","type":"brig-sloop","country":"Australia"}},{"type":"Feature","geometry":{"type":"Point","coordinates":[-74.3,39.578]},"properties":{"name":"HMS Swift","type":"sloop-of-war"}},{"type":"Feature","geometry":{"type":"Point","coordinates":[-3.8368,57.6744]},"properties":{"name":"HMS Tantivy","type":"submarine","country":"United Kingdom"}},{"type":"Feature","geometry":{"type":"Point","coordinates":[79.8556,6.9547]},"properties":{"name":"HMS Tenedos","type":"destroyer"}},{"type":"Feature","geometry":{"type":"Point","coordinates":[18.63,-34.23]},"properties":{"name":"HMS Thames","type":"training vessel","country":"South Africa"}},{"type":"Feature","geometry":{"type":"Point","coordinates":[104.4783,3.56]},"properties":{"name":"HMS Prince of Wales","type":"battleship"}},{"type":"Feature","geometry":{"type":"Point","coordinates":[-179.2839,30.3842]},"properties":{"name":"Kaga","type":"aircraft carrier"}},{"type":"Feature","geometry":{"type":"Point","coordinates":[167.955,-29.0436]},"properties":{"name":"HMS Sirius","type":"warship","country":"Australia"}},{"type":"Feature","geometry":{"type":"Point","coordinates":[24.1667,34.6667]},"properties":{"name":"HMS Kelly","type":"destroyer"}},{"type":"Feature","geometry":{"type":"Point","coordinates":[-54.4667,-50.6667]},"properties":{"name":"SS Atlantic Conveyor","type":"container ship"}},{"type":"Feature","geometry":{"type":"Point","coordinates":[1.3344,51.1256]},"properties":{"name":"HMS Codrington","type":"destroyer"}},{"type":"Feature","geometry":{"type":"Point","coordinates":[-0.25,49.45]},"properties":{"name":"HNoMS Svenner","type":"destroyer","country":"France"}},{"type":"Feature","geometry":{"type":"Point","coordinates":[-9.35,42.45]},"properties":{"name":"Cason","type":"cargo ship"}},{"type":"Feature","geometry":{"type":"Point","coordinates":[153.2385,-25.2671]},"properties":{"name":"SS Maheno","type":"hospital ship","country":"Australia"}},{"type":"Feature","geometry":{"type":"Point","coordinates":[-59.1833,47.5667]},"properties":{"name":"HMCS Shawinigan","type":"corvet"}},{"type":"Feature","geometry":{"type":"Point","coordinates":[-0.9213,50.7425]},"properties":{"name":"HMS A1","type":"submarine","country":"United Kingdom"}},{"type":"Feature","geometry":{"type":"Point","coordinates":[4.5578,53.1022]},"properties":{"name":"HMS E47","type":"submarine","country":"United Kingdom"}},{"type":"Feature","geometry":{"type":"Point","coordinates":[70.9936,20.2772]},"properties":{"name":"INS Khukri","type":"frigate"}},{"type":"Feature","geometry":{"type":"Point","coordinates":[126.8,31.9167]},"properties":{"name":"USS Dentuda","type":"attack submarine","country":"United States"}},{"type":"Feature","geometry":{"type":"Point","coordinates":[117.5,9.5]},"properties":{"name":"USS Robalo","type":"attack submarine","country":"United States"}},{"type":"Feature","geometry":{"type":"Point","coordinates":[142.017,33.3333]},"properties":{"name":"USS Scabbardfish","type":"attack submarine","country":"United States"}},{"type":"Feature","geometry":{"type":"Point","coordinates":[138.467,34.1]},"properties":{"name":"USS Piper","type":"attack submarine","country":"United States"}},{"type":"Feature","geometry":{"type":"Point","coordinates":[-90.8667,32.3758]},"properties":{"name":"USS Cairo","type":"gunboat","country":"United States"}},{"type":"Feature","geometry":{"type":"Point","coordinates":[-80.2992,27.5053]},"properties":{"name":"Urca de Lima","type":"archaeological site","country":"United States"}},{"type":"Feature","geometry":{"type":"Point","coordinates":[-74.8,23.6417]},"properties":{"name":"HMS Conqueror","type":"first-rate"}},{"type":"Feature","geometry":{"type":"Point","coordinates":[-4.217,53.204]},"properties":{"name":"HMS Conway","type":"training vessel","country":"United Kingdom"}},{"type":"Feature","geometry":{"type":"Point","coordinates":[-4.7857,56.0022]},"properties":{"name":"HMS Cumberland","type":"third-rate","country":"United Kingdom"}},{"type":"Feature","geometry":{"type":"Point","coordinates":[-5.6957,56.5064]},"properties":{"name":"HMS Dartmouth","type":"fifth-rate frigate"}},{"type":"Feature","geometry":{"type":"Point","coordinates":[33.55,69.3333]},"properties":{"name":"HMS Denbigh Castle","type":"corvet"}},{"type":"Feature","geometry":{"type":"Point","coordinates":[27.5,36.8333]},"properties":{"name":"HMS Dulverton","type":"destroyer"}},{"type":"Feature","geometry":{"type":"Point","coordinates":[-14.2333,56.75]},"properties":{"name":"HMS Dundee","type":"sloop-of-war"}},{"type":"Feature","geometry":{"type":"Point","coordinates":[2.3833,52.75]},"properties":{"name":"HMS Dunoon","type":"minesweeper"}},{"type":"Feature","geometry":{"type":"Point","coordinates":[26.3711,40.1032]},"properties":{"name":"HMS E15","type":"submarine","country":"United Kingdom"}},{"type":"Feature","geometry":{"type":"Point","coordinates":[14.4,35.1]},"properties":{"name":"HMS Edgar","type":"protected cruiser"}},{"type":"Feature","geometry":{"type":"Point","coordinates":[-9.3667,42.1667]},"properties":{"name":"HMS Egret","type":"sloop-of-war"}},{"type":"Feature","geometry":{"type":"Point","coordinates":[-4.4659,53.1805]},"properties":{"name":"HMS Enterprise","type":"central battery ironclad","country":"United Kingdom"}},{"type":"Feature","geometry":{"type":"Point","coordinates":[1.3167,51.55]},"properties":{"name":"HMS Erin's Isle","type":"ferry"}},{"type":"Feature","geometry":{"type":"Point","coordinates":[153.133,47.95]},"properties":{"name":"USS Dragonet","type":"attack submarine","country":"United States"}},{"type":"Feature","geometry":{"type":"Point","coordinates":[3.02,38.05]},"properties":{"name":"HMS Eagle","type":"aircraft carrier"}},{"type":"Feature","geometry":{"type":"Point","coordinates":[-49.9469,41.7325]},"properties":{"name":"Titanic","type":"four funnel liner"}},{"type":"Feature","geometry":{"type":"Point","coordinates":[113.8134,-28.8838]},"properties":{"name":"Zeewijk","type":"East Indiaman","country":"Australia"}},{"type":"Feature","geometry":{"type":"Point","coordinates":[17.3489,57.1403]},"properties":{"name":"Mars","type":"ship of the line"}},{"type":"Feature","geometry":{"type":"Point","coordinates":[98.8333,3.9167]},"properties":{"name":"HMS Shalimar","type":"submarine","country":"United Kingdom"}},{"type":"Feature","geometry":{"type":"Point","coordinates":[7.6667,43.0167]},"properties":{"name":"HMS Sportsman","type":"submarine","country":"United Kingdom"}},{"type":"Feature","geometry":{"type":"Point","coordinates":[7.1667,55.0]},"properties":{"name":"HMS Starfish","type":"submarine","country":"United Kingdom"}},{"type":"Feature","geometry":{"type":"Point","coordinates":[121.45,-4.5667]},"properties":{"name":"HMS Sturdy","type":"submarine","country":"United Kingdom"}},{"type":"Feature","geometry":{"type":"Point","coordinates":[98.95,5.7]},"properties":{"name":"HMS Stygian","type":"submarine","country":"United Kingdom"}},{"type":"Feature","geometry":{"type":"Point","coordinates":[94.9333,7.4667]},"properties":{"name":"HMS Subtle","type":"submarine","country":"United Kingdom"}},{"type":"Feature","geometry":{"type":"Point","coordinates":[7.1833,54.4667]},"properties":{"name":"HMS Sunfish","type":"submarine","country":"United Kingdom"}},{"type":"Feature","geometry":{"type":"Point","coordinates":[99.8667,5.4333]},"properties":{"name":"HMS Tally-Ho","type":"submarine","country":"United Kingdom"}},{"type":"Feature","geometry":{"type":"Point","coordinates":[15.9833,39.2333]},"properties":{"name":"HMS Tribune","type":"submarine","country":"United Kingdom"}},{"type":"Feature","geometry":{"type":"Point","coordinates":[23.45,73.6167]},"properties":{"name":"HMS Trinidad","type":"light cruiser"}},{"type":"Feature","geometry":{"type":"Point","coordinates":[-5.5951,55.2772]},"properties":{"name":"HMS Untamed","type":"submarine","country":"United Kingdom"}},{"type":"Feature","geometry":{"type":"Point","coordinates":[-3.1075,58.8571]},"properties":{"name":"HMS Vanguard","type":"battleship","country":"United Kingdom"}},{"type":"Feature","geometry":{"type":"Point","coordinates":[-17.1333,46.1667]},"properties":{"name":"HMS Victorious","type":"aircraft carrier"}},{"type":"Feature","geometry":{"type":"Point","coordinates":[2.585,51.1378]},"properties":{"name":"HMS Basilisk","type":"destroyer","country":"Belgium"}},{"type":"Feature","geometry":{"type":"Point","coordinates":[2.8194,51.4078]},"properties":{"name":"HMS Grenade","type":"destroyer","country":"Belgium"}},{"type":"Feature","geometry":{"type":"Point","coordinates":[22.0,34.1667]},"properties":{"name":"HMS Hasty","type":"destroyer"}},{"type":"Feature","geometry":{"type":"Point","coordinates":[-28.6667,51.3833]},"properties":{"name":"HMS Harvester","type":"destroyer"}},{"type":"Feature","geometry":{"type":"Point","coordinates":[2.2636,51.1333]},"properties":{"name":"HMS Havant","type":"destroyer"}},{"type":"Feature","geometry":{"type":"Point","coordinates":[3.7567,53.445]},"properties":{"name":"HMS Ivanhoe","type":"destroyer"}},{"type":"Feature","geometry":{"type":"Point","coordinates":[26.85,37.1167]},"properties":{"name":"HMS Intrepid","type":"destroyer"}},{"type":"Feature","geometry":{"type":"Point","coordinates":[-3.2447,58.7107]},"properties":{"name":"HMS Imogen","type":"destroyer","country":"United Kingdom"}},{"type":"Feature","geometry":{"type":"Point","coordinates":[-14.75,50.1667]},"properties":{"name":"HMS Courageous","type":"aircraft carrier"}},{"type":"Feature","geometry":{"type":"Point","coordinates":[24.0783,32.0733]},"properties":{"name":"HMS Dainty","type":"destroyer","country":"Libya"}},{"type":"Feature","geometry":{"type":"Point","coordinates":[-4.8472,48.2869]},"properties":{"name":"Kléber","type":"armored cruiser"}},{"type":"Feature","geometry":{"type":"Point","coordinates":[17.2517,56.7508]},"properties":{"name":"Finnbirch","type":"roll-on/roll-off ship"}},{"type":"Feature","geometry":{"type":"Point","coordinates":[-5.3379,55.7279]},"properties":{"name":"HMS Vandal","type":"submarine","country":"United Kingdom"}},{"type":"Feature","geometry":{"type":"Point","coordinates":[-76.1333,19.9667]},"properties":{"name":"Spanish cruiser Vizcaya","type":"armored cruiser"}},{"type":"Feature","geometry":{"type":"Point","coordinates":[92.75,11.6667]},"properties":{"name":"HMS Statesman","type":"submarine","country":"United Kingdom"}},{"type":"Feature","geometry":{"type":"Point","coordinates":[26.25,40.0333]},"properties":{"name":"HMS Triumph","type":"pre-dreadnought battleship","country":"Turkey"}},{"type":"Feature","geometry":{"type":"Point","coordinates":[-2.4824,58.3078]},"properties":{"name":"HMS Exmouth","type":"destroyer","country":"United Kingdom"}},{"type":"Feature","geometry":{"type":"Point","coordinates":[-6.045,55.3642]},"properties":{"name":"HMS Duchess","type":"destroyer","country":"United Kingdom"}},{"type":"Feature","geometry":{"type":"Point","coordinates":[-1.7502,58.6375]},"properties":{"name":"HMS Daring","type":"destroyer","country":"United Kingdom"}},{"type":"Feature","geometry":{"type":"Point","coordinates":[-2.4917,50.47]},"properties":{"name":"HMS Boadicea","type":"destroyer"}},{"type":"Feature","geometry":{"type":"Point","coordinates":[8.78,44.415]},"properties":{"name":"Costa Concordia","type":"cruise ship","country":"Italy"}},{"type":"Feature","geometry":{"type":"Point","coordinates":[6.6156,55.737]},"properties":{"name":"SMS Pommern","type":"pre-dreadnought battleship"}},{"type":"Feature","geometry":{"type":"Point","coordinates":[5.8833,56.25]},"properties":{"name":"SMS Lützow","type":"battlecruiser"}},{"type":"Feature","geometry":{"type":"Point","coordinates":[132.367,32.6333]},"properties":{"name":"USS Hackleback","type":"attack submarine","country":"United States"}},{"type":"Feature","geometry":{"type":"Point","coordinates":[10.6333,64.5333]},"properties":{"name":"HMS Sceptre","type":"submarine","country":"United Kingdom"}},{"type":"Feature","geometry":{"type":"Point","coordinates":[-10.5,45.01]},"properties":{"name":"HMS Scylla","type":"light cruiser"}},{"type":"Feature","geometry":{"type":"Point","coordinates":[9.4667,57.65]},"properties":{"name":"HMS Seawolf","type":"submarine","country":"United Kingdom"}},{"type":"Feature","geometry":{"type":"Point","coordinates":[111.8688,21.576]},"properties":{"name":"Nanhai One","type":"heritage site","country":"People's Republic of China"}},{"type":"Feature","geometry":{"type":"Point","coordinates":[124.8333,9.6667]},"properties":{"name":"Japanese cruiser Mogami","type":"cruiser"}},{"type":"Feature","geometry":{"type":"Point","coordinates":[111.6667,8.6667]},"properties":{"name":"HNLMS O 12","type":"submarine","country":"Netherlands"}},{"type":"Feature","geometry":{"type":"Point","coordinates":[-6.6667,46.1667]},"properties":{"name":"U-502","type":"U-boat"}},{"type":"Feature","geometry":{"type":"Point","coordinates":[-87.8453,43.2383]},"properties":{"name":"Niagara","type":"archaeological site","country":"United States"}},{"type":"Feature","geometry":{"type":"Point","coordinates":[-157.95,21.3649]},"properties":{"name":"USS Arizona Memorial","type":"National Memorial of the United States","country":"United States"}},{"type":"Feature","geometry":{"type":"Point","coordinates":[-14.44,46.55]},"properties":{"name":"U-528","type":"U-boat"}},{"type":"Feature","geometry":{"type":"Point","coordinates":[1.5833,52.9956]},"properties":{"name":"HMS C11","type":"submarine","country":"United Kingdom"}},{"type":"Feature","geometry":{"type":"Point","coordinates":[-3.5505,56.0358]},"properties":{"name":"SS Orsova","type":"ocean liner","country":"United Kingdom"}},{"type":"Feature","geometry":{"type":"Point","coordinates":[15.75,36.4833]},"properties":{"name":"HMS Comet","type":"destroyer"}},{"type":"Feature","geometry":{"type":"Point","coordinates":[-5.241,49.976]},"properties":{"name":"Rill Cove Wreck","country":"United Kingdom"}},{"type":"Feature","geometry":{"type":"Point","coordinates":[-63.5532,44.5664]},"properties":{"name":"HMS Tribune","type":"frigate"}},{"type":"Feature","geometry":{"type":"Point","coordinates":[-7.1,51.7833]},"properties":{"name":"HMS Vervain","type":"corvet"}},{"type":"Feature","geometry":{"type":"Point","coordinates":[-25.7333,54.5667]},"properties":{"name":"HMS Veteran","type":"destroyer"}},{"type":"Feature","geometry":{"type":"Point","coordinates":[-64.8855,32.3059]},"properties":{"name":"HMS Vixen","type":"gunboat"}},{"type":"Feature","geometry":{"type":"Point","coordinates":[-75.0492,-47.6786]},"properties":{"name":"HMS Wager","type":"sixth-rate frigate"}},{"type":"Feature","geometry":{"type":"Point","coordinates":[-8.8,50.2833]},"properties":{"name":"HMS Whirlwind","type":"destroyer","country":"United Kingdom"}},{"type":"Feature","geometry":{"type":"Point","coordinates":[-4.0169,53.3156]},"properties":{"name":"Rothsay Castle","type":"paddle steamer","country":"United Kingdom"}},{"type":"Feature","geometry":{"type":"Point","coordinates":[-87.4157,44.2752]},"properties":{"name":"Rouse Simmons","type":"schooner","country":"United States"}},{"type":"Feature","geometry":{"type":"Point","coordinates":[-94.9778,28.4903]},"properties":{"name":"S.V. Cynthia Woods","type":"sailing yacht","country":"United States"}},{"type":"Feature","geometry":{"type":"Point","coordinates":[-3.1907,58.8531]},"properties":{"name":"SMS G38","type":"destroyer","country":"United Kingdom"}},{"type":"Feature","geometry":{"type":"Point","coordinates":[-3.1862,58.8551]},"properties":{"name":"SMS G39","type":"destroyer","country":"United Kingdom"}},{"type":"Feature","geometry":{"type":"Point","coordinates":[-3.1845,58.8571]},"properties":{"name":"SMS G40","type":"destroyer","country":"United Kingdom"}},{"type":"Feature","geometry":{"type":"Point","coordinates":[-3.184,58.8518]},"properties":{"name":"SMS S36","type":"destroyer","country":"United Kingdom"}},{"type":"Feature","geometry":{"type":"Point","coordinates":[-3.1745,58.8274]},"properties":{"name":"SMS V45","type":"destroyer","country":"United Kingdom"}},{"type":"Feature","geometry":{"type":"Point","coordinates":[-3.2019,58.8454]},"properties":{"name":"SMS V46","type":"destroyer","country":"United Kingdom"}},{"type":"Feature","geometry":{"type":"Point","coordinates":[1.2605,51.0548]},"properties":{"name":"SM UA","type":"submarine","country":"United Kingdom"}},{"type":"Feature","geometry":{"type":"Point","coordinates":[-5.2333,48.7]},"properties":{"name":"SM UB-36","type":"U-boat"}},{"type":"Feature","geometry":{"type":"Point","coordinates":[30.5,41.15]},"properties":{"name":"SM UC-13","type":"submarine","country":"Turkey"}},{"type":"Feature","geometry":{"type":"Point","coordinates":[-3.1333,51.5833]},"properties":{"name":"SM UC-3","type":"U-boat","country":"United Kingdom"}},{"type":"Feature","geometry":{"type":"Point","coordinates":[3.2,51.3667]},"properties":{"name":"SM UC-4","type":"U-boat"}},{"type":"Feature","geometry":{"type":"Point","coordinates":[-0.6689,54.5266]},"properties":{"name":"SM UC-70","type":"U-boat","country":"United Kingdom"}},{"type":"Feature","geometry":{"type":"Point","coordinates":[1.7167,51.1833]},"properties":{"name":"SM UC-72","type":"U-boat"}},{"type":"Feature","geometry":{"type":"Point","coordinates":[-88.3667,28.5833]},"properties":{"name":"SS Alcoa Puritan","type":"cargo ship","country":"United States"}},{"type":"Feature","geometry":{"type":"Point","coordinates":[-153.84,57.425]},"properties":{"name":"SS Aleutian","type":"passenger vessel","country":"United States"}},{"type":"Feature","geometry":{"type":"Point","coordinates":[-88.5319,48.1114]},"properties":{"name":"SS Algoma","type":"archaeological site","country":"United States"}},{"type":"Feature","geometry":{"type":"Point","coordinates":[-89.2208,47.8942]},"properties":{"name":"SS America","type":"packet boat","country":"United States"}},{"type":"Feature","geometry":{"type":"Point","coordinates":[-87.8662,43.0936]},"properties":{"name":"SS Appomattox","type":"bulk carrier","country":"United States"}},{"type":"Feature","geometry":{"type":"Point","coordinates":[146.8255,-19.1748]},"properties":{"name":"SS City of Adelaide","country":"Australia"}},{"type":"Feature","geometry":{"type":"Point","coordinates":[-89.3256,47.8578]},"properties":{"name":"SS Cumberland","type":"archaeological site","country":"United States"}},{"type":"Feature","geometry":{"type":"Point","coordinates":[-9.3333,48.8333]},"properties":{"name":"SS Dundee","type":"cargo ship"}},{"type":"Feature","geometry":{"type":"Point","coordinates":[130.52,-12.32]},"properties":{"name":"SS Ellengowan","type":"steamship","country":"Australia"}},{"type":"Feature","geometry":{"type":"Point","coordinates":[-11.75,42.95]},"properties":{"name":"SS Empire Comfort","type":"corvet"}},{"type":"Feature","geometry":{"type":"Point","coordinates":[-88.7481,47.9522]},"properties":{"name":"SS Glenlyon","type":"cargo ship","country":"United States"}},{"type":"Feature","geometry":{"type":"Point","coordinates":[-6.49,58.48]},"properties":{"name":"SS Gracechurch","country":"United Kingdom"}},{"type":"Feature","geometry":{"type":"Point","coordinates":[-89.3256,47.8578]},"properties":{"name":"SS Henry Chisholm","type":"cargo ship","country":"United States"}},{"type":"Feature","geometry":{"type":"Point","coordinates":[-88.7647,48.085]},"properties":{"name":"SS Kamloops","type":"archaeological site","country":"United States"}},{"type":"Feature","geometry":{"type":"Point","coordinates":[26.95,36.5333]},"properties":{"name":"SS Letchworth","type":"steamship"}},{"type":"Feature","geometry":{"type":"Point","coordinates":[18.3132,-34.0344]},"properties":{"name":"SS Maori","type":"recreational dive site","country":"South Africa"}},{"type":"Feature","geometry":{"type":"Point","coordinates":[-87.8319,43.1364]},"properties":{"name":"SS Milwaukee","type":"train ferry","country":"United States"}},{"type":"Feature","geometry":{"type":"Point","coordinates":[-88.4342,48.1889]},"properties":{"name":"SS Monarch","type":"cargo ship","country":"United States"}},{"type":"Feature","geometry":{"type":"Point","coordinates":[-14.6833,53.7167]},"properties":{"name":"SS Patroclus","type":"ocean liner"}},{"type":"Feature","geometry":{"type":"Point","coordinates":[-71.9606,41.0724]},"properties":{"name":"HMS Culloden","type":"archaeological site","country":"United States"}},{"type":"Feature","geometry":{"type":"Point","coordinates":[-25.0,41.7167]},"properties":{"name":"HMS Ganges","type":"third-rate"}},{"type":"Feature","geometry":{"type":"Point","coordinates":[-67.3932,44.5899]},"properties":{"name":"HMS Halifax","type":"schooner"}},{"type":"Feature","geometry":{"type":"Point","coordinates":[30.5833,31.05]},"properties":{"name":"HMS Medway","type":"depot ship"}},{"type":"Feature","geometry":{"type":"Point","coordinates":[20.9,37.9]},"properties":{"name":"HMS Perseus","type":"submarine","country":"Greece"}},{"type":"Feature","geometry":{"type":"Point","coordinates":[18.45,-33.92]},"properties":{"name":"HMS Sceptre","type":"third-rate"}},{"type":"Feature","geometry":{"type":"Point","coordinates":[-70.061,42.039]},"properties":{"name":"HMS Somerset","type":"third-rate"}},{"type":"Feature","geometry":{"type":"Point","coordinates":[-33.7167,47.7333]},"properties":{"name":"U-606","type":"U-boat"}},{"type":"Feature","geometry":{"type":"Point","coordinates":[151.3333,4.8667]},"properties":{"name":"USS Grampus","type":"submarine","country":"United States"}},{"type":"Feature","geometry":{"type":"Point","coordinates":[-10.6667,40.4167]},"properties":{"name":"HMS Zinnia","type":"corvet"}},{"type":"Feature","geometry":{"type":"Point","coordinates":[25.1474,59.8697]},"properties":{"name":"SMS M68","country":"Estonia"}},{"type":"Feature","geometry":{"type":"Point","coordinates":[1.4553,51.1192]},"properties":{"name":"HMS B2","type":"submarine","country":"United Kingdom"}},{"type":"Feature","geometry":{"type":"Point","coordinates":[-4.6996,53.0914]},"properties":{"name":"HMS H5","type":"submarine","country":"United Kingdom"}},{"type":"Feature","geometry":{"type":"Point","coordinates":[33.07,44.3]},"properties":{"name":"Kaliakriya","type":"destroyer","country":"Russia"}},{"type":"Feature","geometry":{"type":"Point","coordinates":[-2.1932,56.2587]},"properties":{"name":"HMS H11","type":"submarine","country":"United Kingdom"}},{"type":"Feature","geometry":{"type":"Point","coordinates":[13.7666,45.6168]},"properties":{"name":"French frigate Danaé","type":"frigate","country":"Italy"}},{"type":"Feature","geometry":{"type":"Point","coordinates":[-2.4517,50.5169]},"properties":{"name":"Minerve","type":"submarine","country":"France"}},{"type":"Feature","geometry":{"type":"Point","coordinates":[-87.6964,43.7648]},"properties":{"name":"Gallinipper","type":"schooner","country":"United States"}},{"type":"Feature","geometry":{"type":"Point","coordinates":[115.1588,-33.6308]},"properties":{"name":"Geffrard","country":"Australia"}},{"type":"Feature","geometry":{"type":"Point","coordinates":[-8.24,55.49]},"properties":{"name":"U-1023","type":"U-boat"}},{"type":"Feature","geometry":{"type":"Point","coordinates":[-1.6637,57.3041]},"properties":{"name":"U-1206","type":"U-boat","country":"United Kingdom"}},{"type":"Feature","geometry":{"type":"Point","coordinates":[12.6667,70.4333]},"properties":{"name":"U-601","type":"U-boat"}},{"type":"Feature","geometry":{"type":"Point","coordinates":[14.3,38.9]},"properties":{"name":"HMS Laforey","type":"destroyer"}},{"type":"Feature","geometry":{"type":"Point","coordinates":[166.0618,-50.7864]},"properties":{"name":"Grafton","type":"sailing ship","country":"New Zealand"}},{"type":"Feature","geometry":{"type":"Point","coordinates":[81.4806,6.1806]},"properties":{"name":"Great Basses wreck","country":"Sri Lanka"}},{"type":"Feature","geometry":{"type":"Point","coordinates":[-53.02,42.41]},"properties":{"name":"Gulflight"}},{"type":"Feature","geometry":{"type":"Point","coordinates":[12.6772,55.7314]},"properties":{"name":"HDMS Indfødsretten","type":"ship of the line"}},{"type":"Feature","geometry":{"type":"Point","coordinates":[-123.331,49.4492]},"properties":{"name":"HMCS Annapolis","type":"destroyer"}},{"type":"Feature","geometry":{"type":"Point","coordinates":[0.4106,50.8028]},"properties":{"name":"HMS Resolution","type":"third-rate"}},{"type":"Feature","geometry":{"type":"Point","coordinates":[-4.6166,53.35]},"properties":{"name":"HMS Resistance","type":"ironclad warship","country":"United Kingdom"}},{"type":"Feature","geometry":{"type":"Point","coordinates":[1.5004,51.2605]},"properties":{"name":"HMS Restoration","type":"third-rate","country":"United Kingdom"}},{"type":"Feature","geometry":{"type":"Point","coordinates":[-90.4297,46.8319]},"properties":{"name":"Marquette","type":"archaeological site","country":"United States"}},{"type":"Feature","geometry":{"type":"Point","coordinates":[-124.4183,42.4217]},"properties":{"name":"Mary D. Hume","type":"steamboat","country":"United States"}},{"type":"Feature","geometry":{"type":"Point","coordinates":[-87.1683,45.2002]},"properties":{"name":"Meridian","type":"schooner","country":"United States"}},{"type":"Feature","geometry":{"type":"Point","coordinates":[-90.3784,46.8323]},"properties":{"name":"Moonlight","type":"archaeological site","country":"United States"}},{"type":"Feature","geometry":{"type":"Point","coordinates":[-3.5,49.9667]},"properties":{"name":"U-214","type":"U-boat"}},{"type":"Feature","geometry":{"type":"Point","coordinates":[-19.1333,57.0167]},"properties":{"name":"USS Mason","type":"destroyer"}},{"type":"Feature","geometry":{"type":"Point","coordinates":[-90.5453,46.9261]},"properties":{"name":"Noquebay","type":"schooner","country":"United States"}},{"type":"Feature","geometry":{"type":"Point","coordinates":[-87.8242,43.3147]},"properties":{"name":"Northerner","type":"schooner","country":"United States"}},{"type":"Feature","geometry":{"type":"Point","coordinates":[-87.1522,44.8853]},"properties":{"name":"Ocean Wave","type":"schooner","country":"United States"}},{"type":"Feature","geometry":{"type":"Point","coordinates":[-90.7787,46.8601]},"properties":{"name":"Ottawa","type":"tug","country":"United States"}},{"type":"Feature","geometry":{"type":"Point","coordinates":[-74.035,40.4219]},"properties":{"name":"PS Alexander Hamilton","type":"paddle steamer","country":"United States"}},{"type":"Feature","geometry":{"type":"Point","coordinates":[2.1167,51.05]},"properties":{"name":"PS Duchess of Montrose","type":"paddle steamer"}},{"type":"Feature","geometry":{"type":"Point","coordinates":[-90.3943,47.0893]},"properties":{"name":"Pretoria","type":"schooner","country":"United States"}},{"type":"Feature","geometry":{"type":"Point","coordinates":[-87.1819,45.3578]},"properties":{"name":"SS R.J. Hackett","type":"lake freighter","country":"United States"}},{"type":"Feature","geometry":{"type":"Point","coordinates":[1.5761,51.2746]},"properties":{"name":"Rooswijk","country":"United Kingdom"}},{"type":"Feature","geometry":{"type":"Point","coordinates":[158.833,28.5]},"properties":{"name":"USS Pike","type":"submarine","country":"United States"}},{"type":"Feature","geometry":{"type":"Point","coordinates":[126.417,30.75]},"properties":{"name":"USS Pollack","type":"submarine","country":"United States"}},{"type":"Feature","geometry":{"type":"Point","coordinates":[-89.3256,47.8578]},"properties":{"name":"USS Puritan","type":"archaeological site","country":"United States"}},{"type":"Feature","geometry":{"type":"Point","coordinates":[133.2,32.2167]},"properties":{"name":"USS Quillback","type":"submarine","country":"United States"}},{"type":"Feature","geometry":{"type":"Point","coordinates":[-2.5572,50.5145]},"properties":{"name":"USS S-24","type":"submarine","country":"United States"}},{"type":"Feature","geometry":{"type":"Point","coordinates":[154.149,-11.3508]},"properties":{"name":"USS S-39","type":"submarine","country":"United States"}},{"type":"Feature","geometry":{"type":"Point","coordinates":[115.083,5.1333]},"properties":{"name":"USS Salute","type":"minesweeper"}},{"type":"Feature","geometry":{"type":"Point","coordinates":[127.25,1.75]},"properties":{"name":"USS Shark","type":"submarine","country":"United States"}},{"type":"Feature","geometry":{"type":"Point","coordinates":[139.417,28.3333]},"properties":{"name":"USS Snapper","type":"submarine","country":"United States"}},{"type":"Feature","geometry":{"type":"Point","coordinates":[-0.9625,56.4758]},"properties":{"name":"USS Swasey","type":"destroyer","country":"United Kingdom"}},{"type":"Feature","geometry":{"type":"Point","coordinates":[110.917,17.5]},"properties":{"name":"USS Tambor","type":"submarine","country":"United States"}},{"type":"Feature","geometry":{"type":"Point","coordinates":[-75.7671,34.7533]},"properties":{"name":"USS Tarpon","type":"submarine","country":"United States"}},{"type":"Feature","geometry":{"type":"Point","coordinates":[-122.1576,37.5529]},"properties":{"name":"USS Thompson","type":"destroyer"}},{"type":"Feature","geometry":{"type":"Point","coordinates":[130.0667,31.1833]},"properties":{"name":"USS Tirante","type":"submarine","country":"United States"}},{"type":"Feature","geometry":{"type":"Point","coordinates":[-69.6183,40.6172]},"properties":{"name":"United States lightship LV-117","type":"lightvessel"}},{"type":"Feature","geometry":{"type":"Point","coordinates":[-85.4633,29.8989]},"properties":{"name":"Vamar Shipwreck Site","type":"gunboat","country":"United States"}},{"type":"Feature","geometry":{"type":"Point","coordinates":[-36.5062,-54.2803]},"properties":{"name":"Viola","type":"steamboat"}},{"type":"Feature","geometry":{"type":"Point","coordinates":[-6.273,49.9407]},"properties":{"name":"Wheel Wreck","country":"United Kingdom"}},{"type":"Feature","geometry":{"type":"Point","coordinates":[17.1278,57.3515]},"properties":{"name":"Swiks","type":"barquentine"}},{"type":"Feature","geometry":{"type":"Point","coordinates":[5.1833,36.75]},"properties":{"name":"HMS Algerine","type":"minesweeper","country":"Algeria"}},{"type":"Feature","geometry":{"type":"Point","coordinates":[-3.5667,49.5]},"properties":{"name":"HMS Affray","type":"submarine"}},{"type":"Feature","geometry":{"type":"Point","coordinates":[179.203,51.3306]},"properties":{"name":"USS S-27","type":"submarine","country":"United States"}},{"type":"Feature","geometry":{"type":"Point","coordinates":[-4.432,48.3196]},"properties":{"name":"Furieux","type":"ironclad warship","country":"France"}},{"type":"Feature","geometry":{"type":"Point","coordinates":[148.5,-7.25]},"properties":{"name":"Nojima Maru","country":"Japan"}},{"type":"Feature","geometry":{"type":"Point","coordinates":[-70.7456,42.5706]},"properties":{"name":"USS New Hampshire","type":"ship of the line","country":"United States"}},{"type":"Feature","geometry":{"type":"Point","coordinates":[-80.0851,26.2056]},"properties":{"name":"SS Copenhagen (1898)","type":"archaeological site","country":"United States"}},{"type":"Feature","geometry":{"type":"Point","coordinates":[147.3458,-42.8644]},"properties":{"name":"MV Lake Illawarra","type":"ore carrier","country":"Australia"}},{"type":"Feature","geometry":{"type":"Point","coordinates":[-3.1906,58.8657]},"properties":{"name":"SMS G102","type":"destroyer","country":"United Kingdom"}},{"type":"Feature","geometry":{"type":"Point","coordinates":[113.75,17.9333]},"properties":{"name":"SS Empire Adur","type":"steamship"}},{"type":"Feature","geometry":{"type":"Point","coordinates":[-9.5036,53.0558]},"properties":{"name":"MV Plassy"}},{"type":"Feature","geometry":{"type":"Point","coordinates":[-63.16,24.2]},"properties":{"name":"MV Putney Hill"}},{"type":"Feature","geometry":{"type":"Point","coordinates":[-88.4917,48.2006]},"properties":{"name":"SS Emperor","type":"cargo ship","country":"United States"}},{"type":"Feature","geometry":{"type":"Point","coordinates":[-2.4001,58.7115]},"properties":{"name":"TSS Duke of Albany","type":"armed boarding steamer","country":"United Kingdom"}},{"type":"Feature","geometry":{"type":"Point","coordinates":[12.5028,55.4922]},"properties":{"name":"Dannebroge","type":"ship of the line"}},{"type":"Feature","geometry":{"type":"Point","coordinates":[14.3333,36.0167]},"properties":{"name":"P31","type":"patrol vessel"}},{"type":"Feature","geometry":{"type":"Point","coordinates":[32.0667,71.95]},"properties":{"name":"HMS Bahamas","type":"frigate"}},{"type":"Feature","geometry":{"type":"Point","coordinates":[-5.7833,49.7667]},"properties":{"name":"HMS Labuan","type":"frigate"}},{"type":"Feature","geometry":{"type":"Point","coordinates":[-6.75,55.2833]},"properties":{"name":"HMS Papua","type":"frigate"}},{"type":"Feature","geometry":{"type":"Point","coordinates":[-0.6833,50.1]},"properties":{"name":"HMS Hotham","type":"destroyer escort"}},{"type":"Feature","geometry":{"type":"Point","coordinates":[99.8833,11.0]},"properties":{"name":"HTMS Sukhothai","type":"corvet"}},{"type":"Feature","geometry":{"type":"Point","coordinates":[121.0833,38.6333]},"properties":{"name":"Akatsuki","type":"destroyer"}},{"type":"Feature","geometry":{"type":"Point","coordinates":[-75.3667,35.1333]},"properties":{"name":"SS Lancing","type":"factory ship","country":"United States"}},{"type":"Feature","geometry":{"type":"Point","coordinates":[16.6333,68.8]},"properties":{"name":"U-711","type":"U-boat","country":"Norway"}},{"type":"Feature","geometry":{"type":"Point","coordinates":[28.0,31.46]},"properties":{"name":"HMS Salvia","type":"corvet"}},{"type":"Feature","geometry":{"type":"Point","coordinates":[-4.8333,50.1]},"properties":{"name":"HMCS Trentonian","type":"corvet"}},{"type":"Feature","geometry":{"type":"Point","coordinates":[-1.3019,56.5353]},"properties":{"name":"U-1020","type":"submarine","country":"United Kingdom"}},{"type":"Feature","geometry":{"type":"Point","coordinates":[12.65,36.4167]},"properties":{"name":"German submarine U-458","type":"submarine"}},{"type":"Feature","geometry":{"type":"Point","coordinates":[-1.0167,36.3333]},"properties":{"name":"U-605","type":"U-boat"}},{"type":"Feature","geometry":{"type":"Point","coordinates":[-2.9833,62.9167]},"properties":{"name":"German submarine U-715","type":"submarine","country":"Faroe Islands"}},{"type":"Feature","geometry":{"type":"Point","coordinates":[9.45,54.8167]},"properties":{"name":"German submarine U-717","type":"submarine","country":"Germany"}},{"type":"Feature","geometry":{"type":"Point","coordinates":[26.25,31.8333]},"properties":{"name":"HMS Gurkha","type":"destroyer"}},{"type":"Feature","geometry":{"type":"Point","coordinates":[-57.3,42.0333]},"properties":{"name":"USS Satterlee","type":"destroyer"}},{"type":"Feature","geometry":{"type":"Point","coordinates":[144.654,13.4592]},"properties":{"name":"Tokai Maru","type":"archaeological site","country":"United States"}},{"type":"Feature","geometry":{"type":"Point","coordinates":[115.6298,-32.2822]},"properties":{"name":"Orizaba","type":"steamship","country":"Australia"}},{"type":"Feature","geometry":{"type":"Point","coordinates":[115.7549,-32.0887]},"properties":{"name":"SS Wyola","type":"heritage site","country":"Australia"}},{"type":"Feature","geometry":{"type":"Point","coordinates":[-86.6964,42.4608]},"properties":{"name":"Hennepin","type":"bulk carrier","country":"United States"}},{"type":"Feature","geometry":{"type":"Point","coordinates":[-87.655,43.6814]},"properties":{"name":"Hetty Taylor shipwreck","type":"schooner","country":"United States"}},{"type":"Feature","geometry":{"type":"Point","coordinates":[-87.7253,42.78]},"properties":{"name":"Kate Kelly","type":"schooner","country":"United States"}},{"type":"Feature","geometry":{"type":"Point","coordinates":[-79.2825,33.3656]},"properties":{"name":"Brown's Ferry vessel","type":"archaeological site","country":"United States"}},{"type":"Feature","geometry":{"type":"Point","coordinates":[-122.388,37.7808]},"properties":{"name":"Lydia","type":"archaeological site","country":"United States"}},{"type":"Feature","geometry":{"type":"Point","coordinates":[-75.5102,35.3039]},"properties":{"name":"Wreck of the Ephraim Williams","country":"United States"}},{"type":"Feature","geometry":{"type":"Point","coordinates":[-69.9625,41.5861]},"properties":{"name":"SS Pendleton","type":"tanker"}},{"type":"Feature","geometry":{"type":"Point","coordinates":[9.5705,54.4967]},"properties":{"name":"Haithabu 1","type":"viking ship","country":"Germany"}},{"type":"Feature","geometry":{"type":"Point","coordinates":[1.0333,49.9833]},"properties":{"name":"HMS Berkeley","type":"destroyer"}},{"type":"Feature","geometry":{"type":"Point","coordinates":[-13.2167,51.7]},"properties":{"name":"HMS Paxton","type":"Q-ship"}},{"type":"Feature","geometry":{"type":"Point","coordinates":[12.4025,-6.0081]},"properties":{"name":"HMS Fancy","type":"minesweeper"}},{"type":"Feature","geometry":{"type":"Point","coordinates":[-1.2887,50.8924]},"properties":{"name":"Holigost","country":"United Kingdom"}},{"type":"Feature","geometry":{"type":"Point","coordinates":[32.3393,34.873]},"properties":{"name":"EDRO III","type":"cargo ship"}},{"type":"Feature","geometry":{"type":"Point","coordinates":[-4.5333,47.8833]},"properties":{"name":"SS Ajax","type":"cargo ship"}},{"type":"Feature","geometry":{"type":"Point","coordinates":[-38.5,49.5]},"properties":{"name":"MS Sama"}},{"type":"Feature","geometry":{"type":"Point","coordinates":[-64.9869,32.2684]},"properties":{"name":"SS Daram"}},{"type":"Feature","geometry":{"type":"Point","coordinates":[-46.325,-23.9983]},"properties":{"name":"SS Guararema"}},{"type":"Feature","geometry":{"type":"Point","coordinates":[-123.947,45.656]},"properties":{"name":"Beeswax wreck","type":"occurrence"}},{"type":"Feature","geometry":{"type":"Point","coordinates":[-91.6667,46.9333]},"properties":{"name":"SS Benjamin Noble","type":"lake freighter","country":"United States"}},{"type":"Feature","geometry":{"type":"Point","coordinates":[-87.2703,45.1467]},"properties":{"name":"Hanover","type":"schooner","country":"United States"}},{"type":"Feature","geometry":{"type":"Point","coordinates":[-87.2028,44.9164]},"properties":{"name":"Success","country":"United States"}},{"type":"Feature","geometry":{"type":"Point","coordinates":[151.1819,-33.5008]},"properties":{"name":"HMAS Parramatta Shipwreck and Memorials","type":"memorial","country":"Australia"}},{"type":"Feature","geometry":{"type":"Point","coordinates":[-30.8333,55.45]},"properties":{"name":"French submarine Perle","type":"submarine","country":"France"}},{"type":"Feature","geometry":{"type":"Point","coordinates":[-91.7,46.9667]},"properties":{"name":"SS Harriet B.","type":"barge","country":"United States"}},{"type":"Feature","geometry":{"type":"Point","coordinates":[-87.6567,43.77]},"properties":{"name":"SS Selah Chamberlain","type":"lake freighter","country":"United States"}},{"type":"Feature","geometry":{"type":"Point","coordinates":[-87.6311,44.1142]},"properties":{"name":"Arctic","type":"tug","country":"United States"}},{"type":"Feature","geometry":{"type":"Point","coordinates":[-87.4533,44.1931]},"properties":{"name":"SS S.C. Baldwin","type":"barge","country":"United States"}},{"type":"Feature","geometry":{"type":"Point","coordinates":[-87.8942,43.2181]},"properties":{"name":"SS J.M. Allmendinger","type":"barge","country":"United States"}},{"type":"Feature","geometry":{"type":"Point","coordinates":[18.4942,-34.39]},"properties":{"name":"SS Lusitania","type":"passenger vessel","country":"South Africa"}},{"type":"Feature","geometry":{"type":"Point","coordinates":[-85.9426,30.095]},"properties":{"name":"SS Tarpon","type":"archaeological site","country":"United States"}},{"type":"Feature","geometry":{"type":"Point","coordinates":[-5.9167,50.05]},"properties":{"name":"SS Vigrid","type":"steamship"}},{"type":"Feature","geometry":{"type":"Point","coordinates":[114.2362,-28.1865]},"properties":{"name":"Xantho","type":"paddle steamer","country":"Australia"}},{"type":"Feature","geometry":{"type":"Point","coordinates":[-3.948,50.308]},"properties":{"name":"Salcombe Cannon Wreck","type":"archaeological site","country":"United Kingdom"}},{"type":"Feature","geometry":{"type":"Point","coordinates":[-91.6778,47.0117]},"properties":{"name":"Samuel P. Ely","type":"schooner","country":"United States"}},{"type":"Feature","geometry":{"type":"Point","coordinates":[-80.4889,24.9486]},"properties":{"name":"San José y Las Animas","type":"archaeological site","country":"United States"}},{"type":"Feature","geometry":{"type":"Point","coordinates":[-80.6794,24.8633]},"properties":{"name":"San Pedro Underwater Archaeological Preserve State Park","type":"archaeological site","country":"United States"}},{"type":"Feature","geometry":{"type":"Point","coordinates":[35.5252,32.8443]},"properties":{"name":"Sea of Galilee Boat","type":"fishing vessel","country":"Israel"}},{"type":"Feature","geometry":{"type":"Point","coordinates":[-1.1803,54.6581]},"properties":{"name":"Seaton Carew Wreck","type":"collier","country":"United Kingdom"}},{"type":"Feature","geometry":{"type":"Point","coordinates":[150.931,-34.4572]},"properties":{"name":"Shockwave","type":"sailing yacht","country":"Australia"}},{"type":"Feature","geometry":{"type":"Point","coordinates":[-76.1444,19.9775]},"properties":{"name":"Spanish cruiser Almirante Oquendo","type":"armored cruiser"}},{"type":"Feature","geometry":{"type":"Point","coordinates":[-4.35,36.6667]},"properties":{"name":"Spanish submarine C-3","type":"submarine","country":"Spain"}},{"type":"Feature","geometry":{"type":"Point","coordinates":[45.195,-13.048]},"properties":{"name":"Sunny South","type":"slave ship"}},{"type":"Feature","geometry":{"type":"Point","coordinates":[-1.9253,50.6643]},"properties":{"name":"Swash Channel Wreck","country":"United Kingdom"}},{"type":"Feature","geometry":{"type":"Point","coordinates":[-87.7272,43.2608]},"properties":{"name":"Tennie and Laura","type":"schooner","country":"United States"}},{"type":"Feature","geometry":{"type":"Point","coordinates":[-92.0694,46.7833]},"properties":{"name":"Thomas Wilson","type":"whaleback","country":"United States"}},{"type":"Feature","geometry":{"type":"Point","coordinates":[115.3752,-20.286]},"properties":{"name":"Tryall","type":"sailing ship","country":"Australia"}},{"type":"Feature","geometry":{"type":"Point","coordinates":[-5.993,54.06]},"properties":{"name":"Tullaghmurray Lass","type":"fishing vessel"}},{"type":"Feature","geometry":{"type":"Point","coordinates":[-80.3465,25.0072]},"properties":{"name":"USCGC Duane","type":"cutter","country":"United States"}},{"type":"Feature","geometry":{"type":"Point","coordinates":[-40.4667,52.3167]},"properties":{"name":"USS Branch","type":"destroyer"}},{"type":"Feature","geometry":{"type":"Point","coordinates":[-73.0372,40.5375]},"properties":{"name":"USS California","type":"armored cruiser"}},{"type":"Feature","geometry":{"type":"Point","coordinates":[-122.95,37.65]},"properties":{"name":"USS Conestoga","type":"tug"}},{"type":"Feature","geometry":{"type":"Point","coordinates":[116.984,9.406]},"properties":{"name":"USS Darter","type":"attack submarine","country":"United States"}},{"type":"Feature","geometry":{"type":"Point","coordinates":[-92.0238,46.7077]},"properties":{"name":"USS Essex","type":"archaeological site","country":"United States"}},{"type":"Feature","geometry":{"type":"Point","coordinates":[115.717,14.5]},"properties":{"name":"USS Gar","type":"submarine","country":"United States"}},{"type":"Feature","geometry":{"type":"Point","coordinates":[120.417,14.3833]},"properties":{"name":"USS Genesee","type":"patrol boats of the Imperial Japanese Navy"}},{"type":"Feature","geometry":{"type":"Point","coordinates":[128.75,25.7833]},"properties":{"name":"USS Grayback","type":"submarine"}},{"type":"Feature","geometry":{"type":"Point","coordinates":[37.0333,69.25]},"properties":{"name":"USS Herndon","type":"destroyer"}},{"type":"Feature","geometry":{"type":"Point","coordinates":[-2.7276,50.4526]},"properties":{"name":"USS LST-507","type":"recreational dive site","country":"United Kingdom"}},{"type":"Feature","geometry":{"type":"Point","coordinates":[-17.3833,38.2]},"properties":{"name":"USS McCalla","type":"destroyer"}},{"type":"Feature","geometry":{"type":"Point","coordinates":[165.2,8.3833]},"properties":{"name":"USS Permit","type":"submarine","country":"United States"}},{"type":"Feature","geometry":{"type":"Point","coordinates":[-87.7087,42.5327]},"properties":{"name":"Wisconsin","type":"hospital ship","country":"United States"}},{"type":"Feature","geometry":{"type":"Point","coordinates":[-3.185,58.8518]},"properties":{"name":"SMS S32","type":"destroyer","country":"United Kingdom"}},{"type":"Feature","geometry":{"type":"Point","coordinates":[-3.1835,58.8246]},"properties":{"name":"SMS S50","type":"destroyer","country":"United Kingdom"}},{"type":"Feature","geometry":{"type":"Point","coordinates":[-3.1913,58.8509]},"properties":{"name":"SMS S51","type":"destroyer","country":"United Kingdom"}},{"type":"Feature","geometry":{"type":"Point","coordinates":[-3.2019,58.8454]},"properties":{"name":"SMS V43","type":"destroyer","country":"United Kingdom"}},{"type":"Feature","geometry":{"type":"Point","coordinates":[14.4575,-23.9961]},"properties":{"name":"Eduard Bohlen","country":"Namibia"}},{"type":"Feature","geometry":{"type":"Point","coordinates":[2.3,52.7167]},"properties":{"name":"SM UB-4","type":"U-boat"}},{"type":"Feature","geometry":{"type":"Point","coordinates":[21.682,59.382]},"properties":{"name":"MS Estonia","type":"roll-on/roll-off ship"}},{"type":"Feature","geometry":{"type":"Point","coordinates":[10.7917,59.0944]},"properties":{"name":"German torpedo boat Albatros","type":"torpedo boat"}},{"type":"Feature","geometry":{"type":"Point","coordinates":[82.0833,7.5833]},"properties":{"name":"HMAS Vampire","type":"destroyer"}},{"type":"Feature","geometry":{"type":"Point","coordinates":[155.5,-15.3333]},"properties":{"name":"USS Lexington","type":"aircraft carrier"}},{"type":"Feature","geometry":{"type":"Point","coordinates":[-1.2516,55.4917]},"properties":{"name":"HMS Nottingham","type":"light cruiser","country":"United Kingdom"}},{"type":"Feature","geometry":{"type":"Point","coordinates":[-3.555,49.7083]},"properties":{"name":"HMS Victory","type":"first-rate"}},{"type":"Feature","geometry":{"type":"Point","coordinates":[12.3361,65.8211]},"properties":{"name":"MS Rigel","type":"cargo ship"}},{"type":"Feature","geometry":{"type":"Point","coordinates":[-31.95,55.4667]},"properties":{"name":"U-282","type":"U-boat"}},{"type":"Feature","geometry":{"type":"Point","coordinates":[-80.1344,25.7275]},"properties":{"name":"Half Moon","type":"schooner","country":"United States"}},{"type":"Feature","geometry":{"type":"Point","coordinates":[-5.3667,49.9167]},"properties":{"name":"HMS Loch Fada","type":"frigate"}},{"type":"Feature","geometry":{"type":"Point","coordinates":[0.7397,51.4966]},"properties":{"name":"HMS London","type":"second-rate","country":"United Kingdom"}},{"type":"Feature","geometry":{"type":"Point","coordinates":[-81.4052,24.5477]},"properties":{"name":"HMS Looe","type":"fifth-rate frigate"}},{"type":"Feature","geometry":{"type":"Point","coordinates":[-14.4067,-7.9125]},"properties":{"name":"HMS Maeander","type":"fifth-rate frigate"}},{"type":"Feature","geometry":{"type":"Point","coordinates":[13.5,71.2833]},"properties":{"name":"HMS Mahratta","type":"destroyer"}},{"type":"Feature","geometry":{"type":"Point","coordinates":[3.0,36.8333]},"properties":{"name":"HMS Marigold","type":"corvet"}},{"type":"Feature","geometry":{"type":"Point","coordinates":[1.5006,51.2606]},"properties":{"name":"HMS Mary","type":"third-rate"}},{"type":"Feature","geometry":{"type":"Point","coordinates":[52.8167,-3.5833]},"properties":{"name":"HMS Nadder","type":"frigate"}},{"type":"Feature","geometry":{"type":"Point","coordinates":[-2.9317,58.7704]},"properties":{"name":"HMS Narborough","type":"destroyer","country":"United Kingdom"}},{"type":"Feature","geometry":{"type":"Point","coordinates":[1.5003,51.2581]},"properties":{"name":"HMS Northumberland","type":"third-rate","country":"United Kingdom"}},{"type":"Feature","geometry":{"type":"Point","coordinates":[-2.9317,58.7704]},"properties":{"name":"HMS Opal","type":"destroyer","country":"United Kingdom"}},{"type":"Feature","geometry":{"type":"Point","coordinates":[-74.3,39.578]},"properties":{"name":"HMS Pegasus","type":"sloop-of-war"}},{"type":"Feature","geometry":{"type":"Point","coordinates":[18.47,-34.22]},"properties":{"name":"HMS Pelorus","type":"minesweeper","country":"South Africa"}},{"type":"Feature","geometry":{"type":"Point","coordinates":[-5.5219,51.511]},"properties":{"name":"HMS Penshurst","type":"cargo ship","country":"United Kingdom"}},{"type":"Feature","geometry":{"type":"Point","coordinates":[-3.65,50.1333]},"properties":{"name":"HMS Penylan","type":"destroyer"}},{"type":"Feature","geometry":{"type":"Point","coordinates":[-61.9667,46.475]},"properties":{"name":"HMS Phoenix","type":"screw sloop"}},{"type":"Feature","geometry":{"type":"Point","coordinates":[19.2333,40.3917]},"properties":{"name":"HMS Phoenix","type":"destroyer"}},{"type":"Feature","geometry":{"type":"Point","coordinates":[-31.1,57.0]},"properties":{"name":"HMS Polyanthus","type":"corvet"}},{"type":"Feature","geometry":{"type":"Point","coordinates":[155.3558,-22.1939]},"properties":{"name":"HMS Porpoise","type":"sloop-of-war"}},{"type":"Feature","geometry":{"type":"Point","coordinates":[-5.6875,57.2659]},"properties":{"name":"HMS Port Napier","type":"minelayer","country":"United Kingdom"}},{"type":"Feature","geometry":{"type":"Point","coordinates":[4.6397,52.7347]},"properties":{"name":"HMS Prince George","type":"battleship"}},{"type":"Feature","geometry":{"type":"Point","coordinates":[0.6936,51.4297]},"properties":{"name":"HMS Princess Irene","type":"minelayer","country":"United Kingdom"}},{"type":"Feature","geometry":{"type":"Point","coordinates":[17.25,40.05]},"properties":{"name":"HMS Quail","type":"destroyer"}},{"type":"Feature","geometry":{"type":"Point","coordinates":[5.6667,36.9333]},"properties":{"name":"HMS Samphire","type":"corvet"}},{"type":"Feature","geometry":{"type":"Point","coordinates":[-4.6781,52.2797]},"properties":{"name":"HMS Whirlwind","type":"destroyer"}},{"type":"Feature","geometry":{"type":"Point","coordinates":[-2.5676,56.0044]},"properties":{"name":"HMS Whiting","type":"schooner","country":"United Kingdom"}},{"type":"Feature","geometry":{"type":"Point","coordinates":[-10.7333,49.8667]},"properties":{"name":"HMS Wild Swan","type":"destroyer"}},{"type":"Feature","geometry":{"type":"Point","coordinates":[-76.27,44.13]},"properties":{"name":"HMS Wolfe","type":"sloop-of-war"}},{"type":"Feature","geometry":{"type":"Point","coordinates":[-8.685,55.166]},"properties":{"name":"HMS Wolverine","type":"destroyer"}},{"type":"Feature","geometry":{"type":"Point","coordinates":[2.1,52.1667]},"properties":{"name":"HMS Wren","type":"destroyer"}},{"type":"Feature","geometry":{"type":"Point","coordinates":[23.5667,36.5]},"properties":{"name":"HMS Wryneck","type":"destroyer","country":"Greece"}},{"type":"Feature","geometry":{"type":"Point","coordinates":[-2.3891,56.4328]},"properties":{"name":"HMS York","type":"third-rate","country":"United Kingdom"}},{"type":"Feature","geometry":{"type":"Point","coordinates":[-74.3,39.578]},"properties":{"name":"HMS Zebra","type":"sloop-of-war"}},{"type":"Feature","geometry":{"type":"Point","coordinates":[1.7167,52.8833]},"properties":{"name":"HMT Agate","type":"fishing vessel"}},{"type":"Feature","geometry":{"type":"Point","coordinates":[1.0208,51.5078]},"properties":{"name":"HMT Amethyst","type":"naval trawler"}},{"type":"Feature","geometry":{"type":"Point","coordinates":[-76.6833,34.1667]},"properties":{"name":"HMT Bedfordshire","country":"United States"}},{"type":"Feature","geometry":{"type":"Point","coordinates":[-14.0833,29.8167]},"properties":{"name":"HMT Bredon","type":"naval trawler"}},{"type":"Feature","geometry":{"type":"Point","coordinates":[1.7967,52.8153]},"properties":{"name":"HMT Force","type":"naval trawler"}},{"type":"Feature","geometry":{"type":"Point","coordinates":[39.7325,-4.0472]},"properties":{"name":"HMT Gulland","type":"naval trawler"}},{"type":"Feature","geometry":{"type":"Point","coordinates":[4.1667,67.3333]},"properties":{"name":"HMT Juniper","type":"naval trawler"}},{"type":"Feature","geometry":{"type":"Point","coordinates":[-1.4637,50.571]},"properties":{"name":"HMT Warwick Deeping","type":"naval trawler"}},{"type":"Feature","geometry":{"type":"Point","coordinates":[-4.6117,53.4193]},"properties":{"name":"HMY Mary","type":"royal yacht"}},{"type":"Feature","geometry":{"type":"Point","coordinates":[10.5111,59.0538]},"properties":{"name":"HNoMS Thor","type":"monitor"}},{"type":"Feature","geometry":{"type":"Point","coordinates":[13.5167,67.0833]},"properties":{"name":"HNoMS Uredd","type":"submarine","country":"Norway"}},{"type":"Feature","geometry":{"type":"Point","coordinates":[-59.7728,-45.9497]},"properties":{"name":"ARA San Juan","type":"diesel-electric submarine"}},{"type":"Feature","geometry":{"type":"Point","coordinates":[-76.4969,38.9753]},"properties":{"name":"Helianthus III","type":"yacht","country":"United States"}},{"type":"Feature","geometry":{"type":"Point","coordinates":[-91.2717,47.2714]},"properties":{"name":"Hesper","type":"bulk carrier","country":"United States"}},{"type":"Feature","geometry":{"type":"Point","coordinates":[-70.2511,12.0831]},"properties":{"name":"SS Monagas","type":"tanker","country":"Venezuela"}},{"type":"Feature","geometry":{"type":"Point","coordinates":[-87.5547,43.9472]},"properties":{"name":"Home","type":"schooner","country":"United States"}},{"type":"Feature","geometry":{"type":"Point","coordinates":[175.1889,-40.5667]},"properties":{"name":"Hydrabad","type":"historic site","country":"New Zealand"}},{"type":"Feature","geometry":{"type":"Point","coordinates":[166.0685,-50.5389]},"properties":{"name":"Invercauld","country":"New Zealand"}},{"type":"Feature","geometry":{"type":"Point","coordinates":[57.6402,25.6527]},"properties":{"name":"Iranian ship Kharg","type":"tanker"}},{"type":"Feature","geometry":{"type":"Point","coordinates":[-86.8533,45.4008]},"properties":{"name":"Iris","type":"schooner","country":"United States"}},{"type":"Feature","geometry":{"type":"Point","coordinates":[-87.8453,43.2383]},"properties":{"name":"Island City","type":"schooner","country":"United States"}},{"type":"Feature","geometry":{"type":"Point","coordinates":[109.267,11.6667]},"properties":{"name":"USS Rock","type":"attack submarine","country":"United States"}},{"type":"Feature","geometry":{"type":"Point","coordinates":[134.75,9.5]},"properties":{"name":"USS Tullibee","type":"attack submarine","country":"United States"}},{"type":"Feature","geometry":{"type":"Point","coordinates":[117.2566,7.9787]},"properties":{"name":"USS Flier","type":"attack submarine","country":"United States"}},{"type":"Feature","geometry":{"type":"Point","coordinates":[-78.8333,12.35]},"properties":{"name":"USS Dorado","type":"attack submarine","country":"United States"}},{"type":"Feature","geometry":{"type":"Point","coordinates":[143.733,3.8333]},"properties":{"name":"USS Blackfish","type":"attack submarine","country":"United States"}},{"type":"Feature","geometry":{"type":"Point","coordinates":[147.1,-9.6]},"properties":{"name":"Japanese submarine Ro-33","type":"submarine"}},{"type":"Feature","geometry":{"type":"Point","coordinates":[158.9667,-8.25]},"properties":{"name":"Japanese submarine Ro-34","type":"submarine"}},{"type":"Feature","geometry":{"type":"Point","coordinates":[19.6794,-34.7828]},"properties":{"name":"Johanna (East Indiaman)","type":"East Indiaman","country":"United Kingdom"}},{"type":"Feature","geometry":{"type":"Point","coordinates":[-87.3892,44.8511]},"properties":{"name":"Joys","type":"steamboat","country":"United States"}},{"type":"Feature","geometry":{"type":"Point","coordinates":[-122.5098,37.7515]},"properties":{"name":"King Philip shipwreck","country":"United States"}},{"type":"Feature","geometry":{"type":"Point","coordinates":[115.5495,-32.0175]},"properties":{"name":"Lady Elizabeth","country":"Australia"}},{"type":"Feature","geometry":{"type":"Point","coordinates":[-80.0383,26.5628]},"properties":{"name":"Lofthus","type":"bark","country":"United States"}},{"type":"Feature","geometry":{"type":"Point","coordinates":[-86.9227,45.3997]},"properties":{"name":"Louisiana","type":"steamboat","country":"United States"}},{"type":"Feature","geometry":{"type":"Point","coordinates":[-90.7673,46.7231]},"properties":{"name":"Lucerne","type":"schooner","country":"United States"}},{"type":"Feature","geometry":{"type":"Point","coordinates":[-87.757,42.8695]},"properties":{"name":"Lumberman","type":"schooner","country":"United States"}},{"type":"Feature","geometry":{"type":"Point","coordinates":[23.4892,38.0244]},"properties":{"name":"IMO 5074226","type":"passenger-cargo ship","country":"Greece"}},{"type":"Feature","geometry":{"type":"Point","coordinates":[34.623,31.807]},"properties":{"name":"MV Adriatica","type":"bulk carrier"}},{"type":"Feature","geometry":{"type":"Point","coordinates":[-74.0833,36.15]},"properties":{"name":"MV Belgian Airman","type":"cargo ship"}},{"type":"Feature","geometry":{"type":"Point","coordinates":[39.3614,20.8672]},"properties":{"name":"IMO 6611461","type":"roll-on/roll-off passenger ship"}},{"type":"Feature","geometry":{"type":"Point","coordinates":[171.6894,-44.5223]},"properties":{"name":"MV Holmglen","country":"New Zealand"}},{"type":"Feature","geometry":{"type":"Point","coordinates":[-72.25,38.0]},"properties":{"name":"MV Norse Variant"}},{"type":"Feature","geometry":{"type":"Point","coordinates":[-91.3581,47.2061]},"properties":{"name":"Madeira","type":"archaeological site","country":"United States"}},{"type":"Feature","geometry":{"type":"Point","coordinates":[-97.2527,26.5736]},"properties":{"name":"Mansfield Cut Underwater Archeological District","type":"archaeological site","country":"United States"}},{"type":"Feature","geometry":{"type":"Point","coordinates":[-81.6867,30.1583]},"properties":{"name":"Maple Leaf","type":"archaeological site","country":"United States"}},{"type":"Feature","geometry":{"type":"Point","coordinates":[-2.9775,50.6017]},"properties":{"name":"Marguerite"}},{"type":"Feature","geometry":{"type":"Point","coordinates":[23.83,33.83]},"properties":{"name":"HMS Airedale","type":"destroyer"}},{"type":"Feature","geometry":{"type":"Point","coordinates":[1.1028,50.9225]},"properties":{"name":"HMS Blackwater","type":"destroyer"}},{"type":"Feature","geometry":{"type":"Point","coordinates":[-4.3018,51.5852]},"properties":{"name":"HMS Cleveland","type":"destroyer","country":"United Kingdom"}},{"type":"Feature","geometry":{"type":"Point","coordinates":[-1.8075,57.6074]},"properties":{"name":"HMS Erne","type":"destroyer","country":"United Kingdom"}},{"type":"Feature","geometry":{"type":"Point","coordinates":[24.3,32.3]},"properties":{"name":"HMS Grimsby","type":"sloop-of-war"}},{"type":"Feature","geometry":{"type":"Point","coordinates":[27.1,36.9833]},"properties":{"name":"HMS Hurworth","type":"destroyer"}},{"type":"Feature","geometry":{"type":"Point","coordinates":[21.7692,58.5892]},"properties":{"name":"HMS Myrtle","type":"sloop-of-war","country":"Estonia"}},{"type":"Feature","geometry":{"type":"Point","coordinates":[-3.45,36.6333]},"properties":{"name":"HMS Puckeridge","type":"destroyer"}},{"type":"Feature","geometry":{"type":"Point","coordinates":[14.5833,35.8833]},"properties":{"name":"HMS Southwold","type":"destroyer"}},{"type":"Feature","geometry":{"type":"Point","coordinates":[-6.9946,56.4831]},"properties":{"name":"HMS Sturdy","type":"destroyer","country":"United Kingdom"}},{"type":"Feature","geometry":{"type":"Point","coordinates":[18.4809,-34.2684]},"properties":{"name":"SAS Good Hope","type":"frigate","country":"South Africa"}},{"type":"Feature","geometry":{"type":"Point","coordinates":[0.8881,50.8556]},"properties":{"name":"HMS Ghurka","type":"destroyer"}},{"type":"Feature","geometry":{"type":"Point","coordinates":[-2.1833,56.25]},"properties":{"name":"HMS K17","type":"fleet submarine","country":"United Kingdom"}},{"type":"Feature","geometry":{"type":"Point","coordinates":[-79.0708,43.0731]},"properties":{"name":"Niagara Scow","country":"Canada"}},{"type":"Feature","geometry":{"type":"Point","coordinates":[115.756,-32.248]},"properties":{"name":"SS Kwinana","type":"heritage site","country":"Australia"}},{"type":"Feature","geometry":{"type":"Point","coordinates":[-122.4021,37.803]},"properties":{"name":"Frederick Griffing's","type":"sailing ship","country":"United States"}},{"type":"Feature","geometry":{"type":"Point","coordinates":[0.25,36.25]},"properties":{"name":"HMCS Louisburg","type":"corvet"}},{"type":"Feature","geometry":{"type":"Point","coordinates":[-21.1167,50.1667]},"properties":{"name":"HMCS Spikenard","type":"corvet"}},{"type":"Feature","geometry":{"type":"Point","coordinates":[6.7,53.9667]},"properties":{"name":"HMS Arethusa","type":"light cruiser"}},{"type":"Feature","geometry":{"type":"Point","coordinates":[-10.6667,53.2167]},"properties":{"name":"HMS Volunteer","type":"destroyer"}},{"type":"Feature","geometry":{"type":"Point","coordinates":[-18.13,20.32]},"properties":{"name":"MV María Alejandra","type":"watercraft","country":"Spain"}},{"type":"Feature","geometry":{"type":"Point","coordinates":[-3.0667,58.8333]},"properties":{"name":"SM UB-116","type":"U-boat","country":"United Kingdom"}},{"type":"Feature","geometry":{"type":"Point","coordinates":[121.4667,22.6833]},"properties":{"name":"SS President Hoover","type":"ocean liner"}},{"type":"Feature","geometry":{"type":"Point","coordinates":[116.8612,20.6119]},"properties":{"name":"HMS Reynard","type":"screw sloop"}},{"type":"Feature","geometry":{"type":"Point","coordinates":[1.0167,51.55]},"properties":{"name":"HMS Venetia","type":"destroyer"}},{"type":"Feature","geometry":{"type":"Point","coordinates":[1.7639,51.015]},"properties":{"name":"HMS Wessex","type":"destroyer"}},{"type":"Feature","geometry":{"type":"Point","coordinates":[-0.9011,58.5773]},"properties":{"name":"HMS Itchen","type":"destroyer","country":"United Kingdom"}},{"type":"Feature","geometry":{"type":"Point","coordinates":[1.5,51.75]},"properties":{"name":"HMS Coquette","type":"destroyer"}},{"type":"Feature","geometry":{"type":"Point","coordinates":[-90.475,46.8734]},"properties":{"name":"R.G. Stewart (shipwreck)","country":"United States"}},{"type":"Feature","geometry":{"type":"Point","coordinates":[-1.4167,59.6]},"properties":{"name":"SS The Ramsey","type":"ferry"}},{"type":"Feature","geometry":{"type":"Point","coordinates":[-2.3333,50.5333]},"properties":{"name":"SS Binnendijk","country":"United Kingdom"}},{"type":"Feature","geometry":{"type":"Point","coordinates":[-83.8425,45.4858]},"properties":{"name":"F. T. Barney","type":"schooner","country":"United States"}},{"type":"Feature","geometry":{"type":"Point","coordinates":[-1.0,50.26]},"properties":{"name":"SS Donegal","type":"steamship"}},{"type":"Feature","geometry":{"type":"Point","coordinates":[-10.2333,35.9167]},"properties":{"name":"MV Prins Harald","type":"cargo ship"}},{"type":"Feature","geometry":{"type":"Point","coordinates":[-97.4253,26.5533]},"properties":{"name":"San Esteban (1554 shipwreck)","type":"archaeological site","country":"Spain"}},{"type":"Feature","geometry":{"type":"Point","coordinates":[-1.4833,50.4333]},"properties":{"name":"SS Espagne (1909)","type":"steamship"}},{"type":"Feature","geometry":{"type":"Point","coordinates":[-87.6882,43.6048]},"properties":{"name":"Byron shipwreck","type":"schooner","country":"United States"}},{"type":"Feature","geometry":{"type":"Point","coordinates":[-122.467,37.8139]},"properties":{"name":"SS City of Chester","type":"steamboat","country":"United States"}},{"type":"Feature","geometry":{"type":"Point","coordinates":[12.5,37.4333]},"properties":{"name":"HMS Pakenham","type":"destroyer"}},{"type":"Feature","geometry":{"type":"Point","coordinates":[23.17,37.02]},"properties":{"name":"SS Slamat","type":"watercraft","country":"Netherlands"}},{"type":"Feature","geometry":{"type":"Point","coordinates":[-89.6524,40.572]},"properties":{"name":"Columbia","type":"paddle steamer","country":"United States"}},{"type":"Feature","geometry":{"type":"Point","coordinates":[-5.4383,55.0506]},"properties":{"name":"HMS Bayano","type":"banana boat","country":"United Kingdom"}},{"type":"Feature","geometry":{"type":"Point","coordinates":[-5.2165,49.9579]},"properties":{"name":"HMS Royal Anne Galley","type":"fifth-rate frigate","country":"United Kingdom"}},{"type":"Feature","geometry":{"type":"Point","coordinates":[-83.1039,44.9647]},"properties":{"name":"SS Pewabic","country":"United States"}},{"type":"Feature","geometry":{"type":"Point","coordinates":[-2.461,51.732]},"properties":{"name":"Purton Hulks","country":"United Kingdom"}},{"type":"Feature","geometry":{"type":"Point","coordinates":[58.7578,23.5172]},"properties":{"name":"Al Munassir","type":"artificial reef","country":"Iran"}},{"type":"Feature","geometry":{"type":"Point","coordinates":[-5.0058,51.4169]},"properties":{"name":"Hirano Maru (ship, 1908)","country":"United Kingdom"}},{"type":"Feature","geometry":{"type":"Point","coordinates":[25.1372,37.0816]},"properties":{"name":"French ship Superbe","type":"seventy-four"}},{"type":"Feature","geometry":{"type":"Point","coordinates":[118.4037,-34.8698]},"properties":{"name":"Arpenteur","country":"Australia"}},{"type":"Feature","geometry":{"type":"Point","coordinates":[23.4939,59.2575]},"properties":{"name":"Kazanets","type":"destroyer","country":"Estonia"}},{"type":"Feature","geometry":{"type":"Point","coordinates":[0.5243,50.8469]},"properties":{"name":"Amsterdam","type":"cargo ship","country":"United Kingdom"}},{"type":"Feature","geometry":{"type":"Point","coordinates":[18.4667,-33.2667]},"properties":{"name":"SAS Transvaal","type":"frigate"}},{"type":"Feature","geometry":{"type":"Point","coordinates":[-93.7169,46.5403]},"properties":{"name":"Andy Gibson","type":"steamboat","country":"United States"}},{"type":"Feature","geometry":{"type":"Point","coordinates":[-73.2431,44.4853]},"properties":{"name":"Burlington Bay Horse Ferry","country":"United States"}},{"type":"Feature","geometry":{"type":"Point","coordinates":[-73.2283,44.4719]},"properties":{"name":"General Butler","country":"United States"}},{"type":"Feature","geometry":{"type":"Point","coordinates":[-73.2408,44.4789]},"properties":{"name":"O.J. Walker","country":"United States"}},{"type":"Feature","geometry":{"type":"Point","coordinates":[-73.3311,44.5531]},"properties":{"name":"Phoenix","country":"United States"}},{"type":"Feature","geometry":{"type":"Point","coordinates":[-5.2743,50.0393]},"properties":{"name":"HMS Schiedam","type":"fluyt","country":"United Kingdom"}},{"type":"Feature","geometry":{"type":"Point","coordinates":[156.0,-23.0]},"properties":{"name":"HMS Echo","type":"sloop-of-war"}},{"type":"Feature","geometry":{"type":"Point","coordinates":[-5.0119,55.4997]},"properties":{"name":"HMS Ulysses","type":"destroyer","country":"United Kingdom"}},{"type":"Feature","geometry":{"type":"Point","coordinates":[-3.4568,58.8678]},"properties":{"name":"HMS Pheasant","type":"destroyer","country":"United Kingdom"}},{"type":"Feature","geometry":{"type":"Point","coordinates":[-4.6074,53.3102]},"properties":{"name":"HMS Nimrod","type":"brig-sloop","country":"United Kingdom"}},{"type":"Feature","geometry":{"type":"Point","coordinates":[-4.6027,51.2134]},"properties":{"name":"South Australian","type":"clipper","country":"United Kingdom"}},{"type":"Feature","geometry":{"type":"Point","coordinates":[-83.2789,45.3117]},"properties":{"name":"Norman","country":"United States"}},{"type":"Feature","geometry":{"type":"Point","coordinates":[-83.4353,45.3836]},"properties":{"name":"Kyle Spangler","country":"United States"}},{"type":"Feature","geometry":{"type":"Point","coordinates":[-4.9066,55.9451]},"properties":{"name":"Akka","type":"general cargo ship"}},{"type":"Feature","geometry":{"type":"Point","coordinates":[11.8667,33.0833]},"properties":{"name":"HM LST-429","type":"tank landing ship"}},{"type":"Feature","geometry":{"type":"Point","coordinates":[151.0767,-33.8332]},"properties":{"name":"SS Ayrfield","type":"collier","country":"Australia"}},{"type":"Feature","geometry":{"type":"Point","coordinates":[-66.4139,45.0922]},"properties":{"name":"HMS Plumper","type":"gun-brig","country":"Canada"}},{"type":"Feature","geometry":{"type":"Point","coordinates":[1.5076,51.2005]},"properties":{"name":"Admiral Gardner","country":"United Kingdom"}},{"type":"Feature","geometry":{"type":"Point","coordinates":[-46.3168,-23.9789]},"properties":{"name":"Kestrel","country":"Brazil"}},{"type":"Feature","geometry":{"type":"Point","coordinates":[-82.465,43.4314]},"properties":{"name":"Sport","type":"tug","country":"United States"}},{"type":"Feature","geometry":{"type":"Point","coordinates":[-91.7773,46.8462]},"properties":{"name":"SS Onoko","type":"lake freighter","country":"United States"}},{"type":"Feature","geometry":{"type":"Point","coordinates":[118.0517,-35.0104]},"properties":{"name":"SS Ben Dearg","country":"United Kingdom"}},{"type":"Feature","geometry":{"type":"Point","coordinates":[-83.5093,45.5343]},"properties":{"name":"SS Choctaw","country":"United States"}},{"type":"Feature","geometry":{"type":"Point","coordinates":[-91.7289,46.8473]},"properties":{"name":"SS Robert Wallace","country":"United States"}},{"type":"Feature","geometry":{"type":"Point","coordinates":[-87.4517,43.384]},"properties":{"name":"SS Senator","type":"lake freighter","country":"United States"}},{"type":"Feature","geometry":{"type":"Point","coordinates":[-87.1887,44.789]},"properties":{"name":"SS Lakeland","country":"United States"}},{"type":"Feature","geometry":{"type":"Point","coordinates":[-87.7827,43.5709]},"properties":{"name":"SS Atlanta","country":"United States"}},{"type":"Feature","geometry":{"type":"Point","coordinates":[-92.0067,46.802]},"properties":{"name":"May Flower (shipwreck)","country":"United States"}},{"type":"Feature","geometry":{"type":"Point","coordinates":[-87.8855,43.0015]},"properties":{"name":"Light Vessel No. 57","country":"United States"}},{"type":"Feature","geometry":{"type":"Point","coordinates":[-4.9232,55.9055]},"properties":{"name":"HMS Seagull","type":"torpedo gunboat","country":"United Kingdom"}},{"type":"Feature","geometry":{"type":"Point","coordinates":[-90.8252,46.685]},"properties":{"name":"Antelope","type":"steamship","country":"United States"}},{"type":"Feature","geometry":{"type":"Point","coordinates":[-6.4793,56.5956]},"properties":{"name":"HMS Jason","type":"torpedo gunboat","country":"United Kingdom"}},{"type":"Feature","geometry":{"type":"Point","coordinates":[150.635,-35.169]},"properties":{"name":"Hive shipwreck","country":"Australia"}},{"type":"Feature","geometry":{"type":"Point","coordinates":[151.383,-33.673]},"properties":{"name":"M24 Japanese Midget Submarine wreck site","country":"Australia"}},{"type":"Feature","geometry":{"type":"Point","coordinates":[-12.1167,34.85]},"properties":{"name":"SS Wegadesk"}},{"type":"Feature","geometry":{"type":"Point","coordinates":[-115.2167,28.1833]},"properties":{"name":"HMS Conway","type":"post ship"}},{"type":"Feature","geometry":{"type":"Point","coordinates":[-82.7019,27.4689]},"properties":{"name":"SS Regina","type":"tanker","country":"United States"}},{"type":"Feature","geometry":{"type":"Point","coordinates":[0.7867,51.4658]},"properties":{"name":"SS Richard Montgomery","type":"liberty ship"}},{"type":"Feature","geometry":{"type":"Point","coordinates":[43.0,75.95]},"properties":{"name":"SS River Afton","type":"merchant vessel"}},{"type":"Feature","geometry":{"type":"Point","coordinates":[-94.7863,29.3442]},"properties":{"name":"SS Selma","country":"United States"}},{"type":"Feature","geometry":{"type":"Point","coordinates":[18.3801,-34.2732]},"properties":{"name":"SS Thomas T. Tucker","type":"recreational dive site","country":"South Africa"}},{"type":"Feature","geometry":{"type":"Point","coordinates":[-3.45,61.1333]},"properties":{"name":"SS Trondhjemsfjord","type":"ocean liner"}},{"type":"Feature","geometry":{"type":"Point","coordinates":[-3.2492,56.0401]},"properties":{"name":"Blessing of Burntisland","country":"United Kingdom"}},{"type":"Feature","geometry":{"type":"Point","coordinates":[-87.3953,44.8436]},"properties":{"name":"Bullhead Point Historical and Archeological District","type":"archaeological site","country":"United States"}},{"type":"Feature","geometry":{"type":"Point","coordinates":[-86.9672,45.3244]},"properties":{"name":"Grape Shot","type":"schooner","country":"United States"}},{"type":"Feature","geometry":{"type":"Point","coordinates":[-83.7906,45.8047]},"properties":{"name":"SS Etruria","type":"lake freighter"}},{"type":"Feature","geometry":{"type":"Point","coordinates":[-28.9856,37.5286]},"properties":{"name":"Felicity Ace","type":"car carrier"}},{"type":"Feature","geometry":{"type":"Point","coordinates":[42.6,15.1333]},"properties":{"name":"FSO Safer","type":"oil tanker"}},{"type":"Feature","geometry":{"type":"Point","coordinates":[-5.0003,55.8622]},"properties":{"name":"Penola","country":"United Kingdom"}},{"type":"Feature","geometry":{"type":"Point","coordinates":[-2.7155,58.4721]},"properties":{"name":"HMS Sword Dance (possibly)","country":"United Kingdom"}},{"type":"Feature","geometry":{"type":"Point","coordinates":[-2.0512,57.1404]},"properties":{"name":"Oscar - Canmore 206146","country":"United Kingdom"}},{"type":"Feature","geometry":{"type":"Point","coordinates":[-87.5038,41.7388]},"properties":{"name":"M/V Material Service","country":"United States"}},{"type":"Feature","geometry":{"type":"Point","coordinates":[115.7,-32.0167]},"properties":{"name":"Rockingham","country":"Australia"}},{"type":"Feature","geometry":{"type":"Point","coordinates":[2.4961,51.0822]},"properties":{"name":"HMS Crested Eagle","type":"paddle steamer","country":"France"}},{"type":"Feature","geometry":{"type":"Point","coordinates":[-0.6925,37.7364]},"properties":{"name":"Bajo de la Campana shipwreck","country":"Spain"}},{"type":"Feature","geometry":{"type":"Point","coordinates":[-3.2019,58.8454]},"properties":{"name":"SMS V44","type":"destroyer","country":"United Kingdom"}},{"type":"Feature","geometry":{"type":"Point","coordinates":[129.3789,36.28]},"properties":{"name":"USS LST-120","type":"tank landing ship","country":"South Korea"}},{"type":"Feature","geometry":{"type":"Point","coordinates":[12.9167,41.0]},"properties":{"name":"HM LST-418","type":"tank landing ship"}},{"type":"Feature","geometry":{"type":"Point","coordinates":[115.8567,9.791]},"properties":{"name":"BRP Sierra Madre","type":"tank landing ship"}},{"type":"Feature","geometry":{"type":"Point","coordinates":[14.3286,35.9878]},"properties":{"name":"MV Rozi","type":"tug"}},{"type":"Feature","geometry":{"type":"Point","coordinates":[33.7333,69.4333]},"properties":{"name":"HMS Lapwing","type":"sloop-of-war"}},{"type":"Feature","geometry":{"type":"Point","coordinates":[-92.0258,47.8958]},"properties":{"name":"Bull-of-the-Woods Logging Scow","country":"United States"}},{"type":"Feature","geometry":{"type":"Point","coordinates":[-123.8208,39.355]},"properties":{"name":"Frolic","type":"brig","country":"United States"}},{"type":"Feature","geometry":{"type":"Point","coordinates":[13.2,40.15]},"properties":{"name":"HMS Alisma","type":"corvet"}},{"type":"Feature","geometry":{"type":"Point","coordinates":[-37.25,-11.5]},"properties":{"name":"SS Negley D. Cochran"}},{"type":"Feature","geometry":{"type":"Point","coordinates":[-91.4833,46.8667]},"properties":{"name":"Thomas Friant","type":"ferry","country":"United States"}},{"type":"Feature","geometry":{"type":"Point","coordinates":[5.77,59.3]},"properties":{"name":"Birgo","type":"cargo ship"}},{"type":"Feature","geometry":{"type":"Point","coordinates":[-87.3044,43.7417]},"properties":{"name":"SS Pere Marquette 18","type":"train ferry","country":"United States"}},{"type":"Feature","geometry":{"type":"Point","coordinates":[-87.4122,44.2022]},"properties":{"name":"SS Vernon"}},{"type":"Feature","geometry":{"type":"Point","coordinates":[-87.555,43.6917]},"properties":{"name":"Robert C. Pringle","type":"tug","country":"United States"}},{"type":"Feature","geometry":{"type":"Point","coordinates":[-4.6477,51.1847]},"properties":{"name":"Iona II","type":"paddle steamer","country":"United Kingdom"}},{"type":"Feature","geometry":{"type":"Point","coordinates":[-3.4873,50.5491]},"properties":{"name":"Church Rocks Wreck","country":"United Kingdom"}},{"type":"Feature","geometry":{"type":"Point","coordinates":[-0.8593,50.7522]},"properties":{"name":"Hazardous","country":"United Kingdom"}},{"type":"Feature","geometry":{"type":"Point","coordinates":[-6.3315,49.9061]},"properties":{"name":"Bartholomew Ledges Wreck","country":"United Kingdom"}},{"type":"Feature","geometry":{"type":"Point","coordinates":[-3.9543,50.3074]},"properties":{"name":"Erme Estuary Wreck","country":"United Kingdom"}},{"type":"Feature","geometry":{"type":"Point","coordinates":[-3.958,50.3031]},"properties":{"name":"Erme Ingot Site","type":"archaeological site","country":"United Kingdom"}},{"type":"Feature","geometry":{"type":"Point","coordinates":[1.6404,52.2527]},"properties":{"name":"Dunwich Bank Wreck","country":"United Kingdom"}},{"type":"Feature","geometry":{"type":"Point","coordinates":[-2.0593,50.543]},"properties":{"name":"HMT Arfon","type":"fishing trawler","country":"United Kingdom"}},{"type":"Feature","geometry":{"type":"Point","coordinates":[-4.6579,51.1857]},"properties":{"name":"Gull Rock Wreck","country":"United Kingdom"}},{"type":"Feature","geometry":{"type":"Point","coordinates":[-2.5343,50.6109]},"properties":{"name":"Chesil Beach cannon","country":"United Kingdom"}},{"type":"Feature","geometry":{"type":"Point","coordinates":[1.4335,51.2328]},"properties":{"name":"Goodwins & Downs 8","country":"United Kingdom"}},{"type":"Feature","geometry":{"type":"Point","coordinates":[0.3967,50.6504]},"properties":{"name":"Wreck site of the Klein Hollandia","country":"United Kingdom"}},{"type":"Feature","geometry":{"type":"Point","coordinates":[-1.4947,50.7092]},"properties":{"name":"Yarmouth Roads Wreck","country":"United Kingdom"}},{"type":"Feature","geometry":{"type":"Point","coordinates":[-2.7785,50.7041]},"properties":{"name":"West Bay Wreck","country":"United Kingdom"}},{"type":"Feature","geometry":{"type":"Point","coordinates":[-1.3562,50.7482]},"properties":{"name":"Unknown Wreck off Thorness Bay","country":"United Kingdom"}},{"type":"Feature","geometry":{"type":"Point","coordinates":[-6.4422,49.8706]},"properties":{"name":"Tearing Ledge Wreck","country":"United Kingdom"}},{"type":"Feature","geometry":{"type":"Point","coordinates":[1.3449,51.1272]},"properties":{"name":"Langdon Bay Wreck","country":"United Kingdom"}},{"type":"Feature","geometry":{"type":"Point","coordinates":[-5.2906,50.0633]},"properties":{"name":"Loe Bar Wreck","country":"United Kingdom"}},{"type":"Feature","geometry":{"type":"Point","coordinates":[-3.74,50.2122]},"properties":{"name":"Moor Sand site","country":"United Kingdom"}},{"type":"Feature","geometry":{"type":"Point","coordinates":[-1.9144,50.6614]},"properties":{"name":"Studland Bay Wreck","country":"United Kingdom"}},{"type":"Feature","geometry":{"type":"Point","coordinates":[1.2464,51.5294]},"properties":{"name":"South Edinburgh Channel Wreck","country":"United Kingdom"}},{"type":"Feature","geometry":{"type":"Point","coordinates":[-16.978,14.408]},"properties":{"name":"2020 Senegal shipwreck"}},{"type":"Feature","geometry":{"type":"Point","coordinates":[-86.6547,48.6981]},"properties":{"name":"115 (barge)","country":"Canada"}},{"type":"Feature","geometry":{"type":"Point","coordinates":[144.6525,13.4582]},"properties":{"name":"Kitsugawa Maru"}},{"type":"Feature","geometry":{"type":"Point","coordinates":[-20.0833,66.6333]},"properties":{"name":"HMS Crispin","type":"cargo ship"}},{"type":"Feature","geometry":{"type":"Point","coordinates":[37.4333,19.7]},"properties":{"name":"HMS Tuscarora","type":"steam yacht"}},{"type":"Feature","geometry":{"type":"Point","coordinates":[-74.4287,-48.7458]},"properties":{"name":"Capitán Leonidas","country":"Chile"}},{"type":"Feature","geometry":{"type":"Point","coordinates":[108.6,16.04]},"properties":{"name":"Hội An wreck","country":"Vietnam"}},{"type":"Feature","geometry":{"type":"Point","coordinates":[-85.19,45.7206]},"properties":{"name":"SS Cayuga","type":"lake freighter","country":"United States"}},{"type":"Feature","geometry":{"type":"Point","coordinates":[1.9167,51.3]},"properties":{"name":"HMS LST-364","type":"tank landing ship"}},{"type":"Feature","geometry":{"type":"Point","coordinates":[12.5167,41.2333]},"properties":{"name":"HMS LST-305","type":"tank landing ship"}},{"type":"Feature","geometry":{"type":"Point","coordinates":[-17.3833,48.0]},"properties":{"name":"HMS LST-362","type":"tank landing ship"}},{"type":"Feature","geometry":{"type":"Point","coordinates":[100.7933,12.9562]},"properties":{"name":"USS LSM-333","type":"landing ship","country":"Thailand"}},{"type":"Feature","geometry":{"type":"Point","coordinates":[-4.7844,51.6348]},"properties":{"name":"HMS Tormentor","type":"destroyer","country":"United Kingdom"}},{"type":"Feature","geometry":{"type":"Point","coordinates":[28.0522,30.5736]},"properties":{"name":"Serçe Limanı Shipwreck"}},{"type":"Feature","geometry":{"type":"Point","coordinates":[4.938,53.054]},"properties":{"name":"Palmwood shipwreck","country":"Netherlands"}},{"type":"Feature","geometry":{"type":"Point","coordinates":[32.3866,34.7875]},"properties":{"name":"Demetrios II","type":"cargo ship","country":"Cyprus"}},{"type":"Feature","geometry":{"type":"Point","coordinates":[-80.2998,24.4338]},"properties":{"name":"Gulfstate","country":"United States"}},{"type":"Feature","geometry":{"type":"Point","coordinates":[-82.4931,41.6392]},"properties":{"name":"Argo"}},{"type":"Feature","geometry":{"type":"Point","coordinates":[1.3276,52.093]},"properties":{"name":"Lady Alice Kenlis","type":"archaeological site","country":"United Kingdom"}},{"type":"Feature","geometry":{"type":"Point","coordinates":[-61.1772,14.7456]},"properties":{"name":"Wrecks of Saint-Pierre harbor","country":"France"}},{"type":"Feature","geometry":{"type":"Point","coordinates":[13.504,45.4754]},"properties":{"name":"Zambratija shipwreck","country":"Croatia"}},{"type":"Feature","geometry":{"type":"Point","coordinates":[-83.2785,45.2343]},"properties":{"name":"Defiance","type":"schooner"}},{"type":"Feature","geometry":{"type":"Point","coordinates":[-83.1598,45.136]},"properties":{"name":"MV Nordmeer"}},{"type":"Feature","geometry":{"type":"Point","coordinates":[12.6799,55.6549]},"properties":{"name":"Svælget 2","type":"cog","country":"Denmark"}},{"type":"Feature","geometry":{"type":"Point","coordinates":[-1.9247,50.6583]},"properties":{"name":"Mortar Wreck"}},{"type":"Feature","geometry":{"type":"Point","coordinates":[-85.11,46.9983]},"properties":{"name":"SS Edmund Fitzgerald","type":"archaeological site","country":"Canada","deaths":29}},{"type":"Feature","geometry":{"type":"Point","coordinates":[-178.4167,54.0833]},"properties":{"name":"Akebono Maru","type":"fishing trawler","country":"United States","deaths":32}},{"type":"Feature","geometry":{"type":"Point","coordinates":[149.73,-38.25]},"properties":{"name":"SS Iron Crown","type":"bulk carrier","country":"Australia","deaths":38}}]}