{"type":"FeatureCollection","features":[{"type":"Feature","geometry":{"type":"Point","coordinates":[12.453,41.904]},"properties":{"name":"Vatican City","country":"Vatican City","cat":"cultural"}},{"type":"Feature","geometry":{"type":"Point","coordinates":[-3.3876,55.9984]},"properties":{"name":"Forth Bridge","country":"United Kingdom","cat":"cultural"}},{"type":"Feature","geometry":{"type":"Point","coordinates":[-110.5,44.6]},"properties":{"name":"Yellowstone National Park","country":"United States","cat":"natural"}},{"type":"Feature","geometry":{"type":"Point","coordinates":[10.9928,45.4386]},"properties":{"name":"Verona","country":"Italy","cat":"cultural"}},{"type":"Feature","geometry":{"type":"Point","coordinates":[-47.8828,-15.7939]},"properties":{"name":"Brasília","country":"Brazil","cat":"cultural"}},{"type":"Feature","geometry":{"type":"Point","coordinates":[2.1203,48.8047]},"properties":{"name":"Palace of Versailles","country":"France","cat":"cultural"}},{"type":"Feature","geometry":{"type":"Point","coordinates":[-6.8414,34.0211]},"properties":{"name":"Rabat","country":"Morocco","cat":"cultural"}},{"type":"Feature","geometry":{"type":"Point","coordinates":[115.9667,29.5667]},"properties":{"name":"Lushan Quaternary Glaciation National Geopark","country":"People's Republic of China","cat":"cultural"}},{"type":"Feature","geometry":{"type":"Point","coordinates":[103.8311,32.7408]},"properties":{"name":"Huanglong","country":"People's Republic of China","cat":"natural"}},{"type":"Feature","geometry":{"type":"Point","coordinates":[103.9,33.2]},"properties":{"name":"Jiuzhaigou Valley","country":"People's Republic of China","cat":"natural"}},{"type":"Feature","geometry":{"type":"Point","coordinates":[116.2689,39.9975]},"properties":{"name":"Summer Palace","country":"People's Republic of China","cat":"cultural"}},{"type":"Feature","geometry":{"type":"Point","coordinates":[6.9583,50.9414]},"properties":{"name":"Cologne Cathedral","country":"Germany","cat":"cultural"}},{"type":"Feature","geometry":{"type":"Point","coordinates":[110.4667,29.3456]},"properties":{"name":"Wulingyuan","country":"People's Republic of China","cat":"natural"}},{"type":"Feature","geometry":{"type":"Point","coordinates":[48.2914,38.2486]},"properties":{"name":"Sheikh Safi al-Din Khānegāh and Shrine Ensemble","country":"Iran","cat":"cultural"}},{"type":"Feature","geometry":{"type":"Point","coordinates":[46.2923,38.0808]},"properties":{"name":"Tabriz Bazaar","country":"Iran","cat":"cultural"}},{"type":"Feature","geometry":{"type":"Point","coordinates":[84.9914,24.696]},"properties":{"name":"Mahabodhi Temple","country":"India","cat":"cultural"}},{"type":"Feature","geometry":{"type":"Point","coordinates":[137.8333,-4.75]},"properties":{"name":"Lorentz National Park","country":"Indonesia","cat":"natural"}},{"type":"Feature","geometry":{"type":"Point","coordinates":[51.6773,32.6582]},"properties":{"name":"Naqsh-e Jahan Square","country":"Iran","cat":"cultural"}},{"type":"Feature","geometry":{"type":"Point","coordinates":[119.5766,-8.6516]},"properties":{"name":"Komodo National Park","country":"Indonesia","cat":"natural"}},{"type":"Feature","geometry":{"type":"Point","coordinates":[101.5,-2.5]},"properties":{"name":"Tropical Rainforest Heritage of Sumatra","country":"Indonesia","cat":"natural"}},{"type":"Feature","geometry":{"type":"Point","coordinates":[105.3333,-6.75]},"properties":{"name":"Ujung Kulon National Park","country":"Indonesia","cat":"natural"}},{"type":"Feature","geometry":{"type":"Point","coordinates":[48.5208,32.0083]},"properties":{"name":"Chogha Zanbil","country":"Iran","cat":"cultural"}},{"type":"Feature","geometry":{"type":"Point","coordinates":[77.0611,10.1697]},"properties":{"name":"Western Ghats","country":"India","cat":"natural"}},{"type":"Feature","geometry":{"type":"Point","coordinates":[48.7975,36.4347]},"properties":{"name":"Soltaniyeh","country":"Iran","cat":"cultural"}},{"type":"Feature","geometry":{"type":"Point","coordinates":[9.121,47.6746]},"properties":{"name":"prehistoric pile dwellings around the Alps","country":"Italy","cat":"cultural"}},{"type":"Feature","geometry":{"type":"Point","coordinates":[108.0047,53.3028]},"properties":{"name":"Lake Baikal","country":"Russia","cat":"natural"}},{"type":"Feature","geometry":{"type":"Point","coordinates":[20.9708,55.2744]},"properties":{"name":"Curonian Spit","country":"Lithuania","cat":"cultural"}},{"type":"Feature","geometry":{"type":"Point","coordinates":[80.4108,8.335]},"properties":{"name":"Anuradhapura","country":"Sri Lanka","cat":"cultural"}},{"type":"Feature","geometry":{"type":"Point","coordinates":[68.1389,27.3292]},"properties":{"name":"Mohenjo-daro","country":"Pakistan","cat":"cultural"}},{"type":"Feature","geometry":{"type":"Point","coordinates":[38.2672,34.56]},"properties":{"name":"Palmyra","country":"Syria","cat":"cultural"}},{"type":"Feature","geometry":{"type":"Point","coordinates":[35.4403,30.3289]},"properties":{"name":"Petra","country":"Jordan","cat":"cultural"}},{"type":"Feature","geometry":{"type":"Point","coordinates":[38.7215,14.125]},"properties":{"name":"Axum","country":"Ethiopia","cat":"cultural"}},{"type":"Feature","geometry":{"type":"Point","coordinates":[-88.5686,20.6831]},"properties":{"name":"Chichen Itza","country":"Mexico","cat":"cultural"}},{"type":"Feature","geometry":{"type":"Point","coordinates":[6.0839,50.7747]},"properties":{"name":"Aachen Cathedral","country":"Germany","cat":"cultural"}},{"type":"Feature","geometry":{"type":"Point","coordinates":[11.8039,51.1547]},"properties":{"name":"Naumburg Cathedral","country":"Germany","cat":"cultural"}},{"type":"Feature","geometry":{"type":"Point","coordinates":[100.7783,-0.6828]},"properties":{"name":"Sawahlunto","country":"Indonesia","cat":"cultural"}},{"type":"Feature","geometry":{"type":"Point","coordinates":[19.1783,50.0358]},"properties":{"name":"Auschwitz","country":"Poland","cat":"cultural"}},{"type":"Feature","geometry":{"type":"Point","coordinates":[145.8,-16.4]},"properties":{"name":"Great Barrier Reef","country":"Australia","cat":"natural"}},{"type":"Feature","geometry":{"type":"Point","coordinates":[4.8281,45.7631]},"properties":{"name":"Vieux Lyon","country":"France","cat":"cultural"}},{"type":"Feature","geometry":{"type":"Point","coordinates":[78.0419,27.175]},"properties":{"name":"Taj Mahal","country":"India","cat":"cultural"}},{"type":"Feature","geometry":{"type":"Point","coordinates":[83.2758,27.4814]},"properties":{"name":"Lumbini","country":"Nepal","cat":"cultural"}},{"type":"Feature","geometry":{"type":"Point","coordinates":[57.5031,-20.1586]},"properties":{"name":"Aapravasi Ghat","country":"Mauritius","cat":"cultural"}},{"type":"Feature","geometry":{"type":"Point","coordinates":[29.6635,30.841]},"properties":{"name":"Abu Mena","country":"Egypt","cat":"cultural"}},{"type":"Feature","geometry":{"type":"Point","coordinates":[-3.0074,16.7735]},"properties":{"name":"Timbuktu","country":"Mali","cat":"cultural"}},{"type":"Feature","geometry":{"type":"Point","coordinates":[70.2167,23.8861]},"properties":{"name":"Dholavira","country":"India","cat":"cultural"}},{"type":"Feature","geometry":{"type":"Point","coordinates":[4.9278,52.55]},"properties":{"name":"Beemster","country":"Netherlands","cat":"cultural"}},{"type":"Feature","geometry":{"type":"Point","coordinates":[8.95,45.9167]},"properties":{"name":"Monte San Giorgio","country":"Switzerland","cat":"natural"}},{"type":"Feature","geometry":{"type":"Point","coordinates":[22.3673,37.074]},"properties":{"name":"Mystras","country":"Greece","cat":"cultural"}},{"type":"Feature","geometry":{"type":"Point","coordinates":[13.45,52.4483]},"properties":{"name":"Berlin Modernism Housing Estates","country":"Germany","cat":"cultural"}},{"type":"Feature","geometry":{"type":"Point","coordinates":[8.8076,53.0759]},"properties":{"name":"Town Hall of Bremen","country":"Germany","cat":"cultural"}},{"type":"Feature","geometry":{"type":"Point","coordinates":[26.2389,39.9575]},"properties":{"name":"Troy","country":"Turkey","cat":"cultural"}},{"type":"Feature","geometry":{"type":"Point","coordinates":[8.4425,49.3172]},"properties":{"name":"Speyer Cathedral","country":"Germany","cat":"cultural"}},{"type":"Feature","geometry":{"type":"Point","coordinates":[-2.3597,51.3814]},"properties":{"name":"Bath","country":"United Kingdom","cat":"cultural"}},{"type":"Feature","geometry":{"type":"Point","coordinates":[106.15,17.5333]},"properties":{"name":"Phong Nha–Ke Bang National Park","country":"Vietnam","cat":"natural"}},{"type":"Feature","geometry":{"type":"Point","coordinates":[14.5125,35.8978]},"properties":{"name":"Valletta","country":"Malta","cat":"cultural"}},{"type":"Feature","geometry":{"type":"Point","coordinates":[57.5361,22.9989]},"properties":{"name":"Aflaj Irrigation System of Oman","country":"Oman","cat":"cultural"}},{"type":"Feature","geometry":{"type":"Point","coordinates":[56.745,23.27]},"properties":{"name":"Bat, Al-Khutm and Al-Ayn archaeological sites","country":"Oman","cat":"cultural"}},{"type":"Feature","geometry":{"type":"Point","coordinates":[76.4622,15.3345]},"properties":{"name":"Hampi","country":"India","cat":"cultural"}},{"type":"Feature","geometry":{"type":"Point","coordinates":[37.9528,26.7917]},"properties":{"name":"Hegra","country":"Saudi Arabia","cat":"cultural"}},{"type":"Feature","geometry":{"type":"Point","coordinates":[-75.617,4.9026]},"properties":{"name":"Coffee Cultural Landscape of Colombia","country":"Colombia","cat":"cultural"}},{"type":"Feature","geometry":{"type":"Point","coordinates":[-73.7667,-42.5]},"properties":{"name":"Churches of Chiloé","country":"Chile","cat":"cultural"}},{"type":"Feature","geometry":{"type":"Point","coordinates":[-89.3562,13.8275]},"properties":{"name":"Joya de Cerén","country":"El Salvador","cat":"cultural"}},{"type":"Feature","geometry":{"type":"Point","coordinates":[-65.3489,-23.1999]},"properties":{"name":"Quebrada de Humahuaca","country":"Argentina","cat":"cultural"}},{"type":"Feature","geometry":{"type":"Point","coordinates":[-88.0528,17.2625]},"properties":{"name":"Belize Barrier Reef","country":"Belize","cat":"natural"}},{"type":"Feature","geometry":{"type":"Point","coordinates":[-103.3373,20.6769]},"properties":{"name":"Hospicio Cabañas","country":"Mexico","cat":"cultural"}},{"type":"Feature","geometry":{"type":"Point","coordinates":[110.2036,-7.6078]},"properties":{"name":"Borobudur Temple Compounds","country":"Indonesia","cat":"cultural"}},{"type":"Feature","geometry":{"type":"Point","coordinates":[68.271,43.2976]},"properties":{"name":"Mausoleum of Khoja Ahmed Yasawi","country":"Kazakhstan","cat":"cultural"}},{"type":"Feature","geometry":{"type":"Point","coordinates":[166.104,-50.75]},"properties":{"name":"New Zealand Subantarctic Islands","country":"New Zealand","cat":"natural"}},{"type":"Feature","geometry":{"type":"Point","coordinates":[19.0397,47.4961]},"properties":{"name":"Buda Castle","country":"Hungary","cat":"cultural"}},{"type":"Feature","geometry":{"type":"Point","coordinates":[158.86,-54.63]},"properties":{"name":"Macquarie Island","country":"Australia","cat":"natural"}},{"type":"Feature","geometry":{"type":"Point","coordinates":[110.4912,-7.752]},"properties":{"name":"Prambanan Temple","country":"Indonesia","cat":"cultural"}},{"type":"Feature","geometry":{"type":"Point","coordinates":[-83.7167,22.6167]},"properties":{"name":"Viñales Valley","country":"Cuba","cat":"cultural"}},{"type":"Feature","geometry":{"type":"Point","coordinates":[-74.8579,20.4967]},"properties":{"name":"Alexander von Humboldt National Park","country":"Cuba","cat":"natural"}},{"type":"Feature","geometry":{"type":"Point","coordinates":[15.831,47.643]},"properties":{"name":"Semmering railway","country":"Austria","cat":"cultural"}},{"type":"Feature","geometry":{"type":"Point","coordinates":[141.917,-38.0667]},"properties":{"name":"Budj Bim","country":"Australia","cat":"cultural"}},{"type":"Feature","geometry":{"type":"Point","coordinates":[14.9,0.8]},"properties":{"name":"Odzala National Park","country":"Republic of the Congo","cat":"natural"}},{"type":"Feature","geometry":{"type":"Point","coordinates":[25.8581,-17.9248]},"properties":{"name":"Victoria Falls","country":"Zambia","cat":"natural"}},{"type":"Feature","geometry":{"type":"Point","coordinates":[94.8042,40.0372]},"properties":{"name":"Mogao Caves","country":"People's Republic of China","cat":"cultural"}},{"type":"Feature","geometry":{"type":"Point","coordinates":[21.85,32.8167]},"properties":{"name":"Cyrene","country":"Libya","cat":"cultural"}},{"type":"Feature","geometry":{"type":"Point","coordinates":[151.2149,-33.8571]},"properties":{"name":"Sydney Opera House","country":"Australia","cat":"cultural"}},{"type":"Feature","geometry":{"type":"Point","coordinates":[80.6483,7.8566]},"properties":{"name":"Dambulla cave temple","country":"Sri Lanka","cat":"cultural"}},{"type":"Feature","geometry":{"type":"Point","coordinates":[104.6803,14.3906]},"properties":{"name":"Preah Vihear Temple","country":"Cambodia","cat":"cultural"}},{"type":"Feature","geometry":{"type":"Point","coordinates":[77.2403,28.6558]},"properties":{"name":"Red Fort","country":"India","cat":"cultural"}},{"type":"Feature","geometry":{"type":"Point","coordinates":[7.6858,45.0725]},"properties":{"name":"Residences of the Royal House of Savoy","country":"Italy","cat":"cultural"}},{"type":"Feature","geometry":{"type":"Point","coordinates":[33.0958,34.9203]},"properties":{"name":"Painted Churches in the Troödos Region","country":"Cyprus","cat":"cultural"}},{"type":"Feature","geometry":{"type":"Point","coordinates":[-6.44,37.02]},"properties":{"name":"Doñana National Park","country":"Spain","cat":"natural"}},{"type":"Feature","geometry":{"type":"Point","coordinates":[1.17,45.0575]},"properties":{"name":"Prehistoric Sites and Decorated Caves of the Vézère Valley","country":"France","cat":"cultural"}},{"type":"Feature","geometry":{"type":"Point","coordinates":[-83.425,35.6111]},"properties":{"name":"Great Smoky Mountains National Park","country":"United States","cat":"natural"}},{"type":"Feature","geometry":{"type":"Point","coordinates":[-5.3836,50.1361]},"properties":{"name":"Cornwall and West Devon Mining Landscape","country":"United Kingdom","cat":"cultural"}},{"type":"Feature","geometry":{"type":"Point","coordinates":[37.4697,12.6081]},"properties":{"name":"Fasil Ghebbi","country":"Ethiopia","cat":"cultural"}},{"type":"Feature","geometry":{"type":"Point","coordinates":[-92.0464,17.4842]},"properties":{"name":"Palenque","country":"Mexico","cat":"cultural"}},{"type":"Feature","geometry":{"type":"Point","coordinates":[75.7005,20.5534]},"properties":{"name":"Ajanta Caves","country":"India","cat":"cultural"}},{"type":"Feature","geometry":{"type":"Point","coordinates":[29.5,45.2]},"properties":{"name":"Danube Delta","country":"Ukraine","cat":"natural"}},{"type":"Feature","geometry":{"type":"Point","coordinates":[26.5594,41.6781]},"properties":{"name":"Selimiye Mosque","country":"Turkey","cat":"cultural"}},{"type":"Feature","geometry":{"type":"Point","coordinates":[35.3539,31.3156]},"properties":{"name":"Masada","country":"Israel","cat":"cultural"}},{"type":"Feature","geometry":{"type":"Point","coordinates":[77.1852,28.5244]},"properties":{"name":"Qutb Minar","country":"India","cat":"cultural"}},{"type":"Feature","geometry":{"type":"Point","coordinates":[-0.2936,51.4789]},"properties":{"name":"Kew Gardens","country":"United Kingdom","cat":"cultural"}},{"type":"Feature","geometry":{"type":"Point","coordinates":[4.5506,7.7549]},"properties":{"name":"Osun-Osogbo Grove","country":"Nigeria","cat":"cultural"}},{"type":"Feature","geometry":{"type":"Point","coordinates":[19.5917,47.9961]},"properties":{"name":"Hollókő","country":"Hungary","cat":"cultural"}},{"type":"Feature","geometry":{"type":"Point","coordinates":[-59.6139,13.0967]},"properties":{"name":"Garrison Historic Area","country":"Barbados","cat":"cultural"}},{"type":"Feature","geometry":{"type":"Point","coordinates":[-61.2833,15.2667]},"properties":{"name":"Morne Trois Pitons National Park","country":"Dominica","cat":"natural"}},{"type":"Feature","geometry":{"type":"Point","coordinates":[130.5286,30.3586]},"properties":{"name":"Yakushima","country":"Japan","cat":"natural"}},{"type":"Feature","geometry":{"type":"Point","coordinates":[-86.1011,37.1869]},"properties":{"name":"Mammoth Cave National Park","country":"United States","cat":"natural"}},{"type":"Feature","geometry":{"type":"Point","coordinates":[-17.3983,14.6669]},"properties":{"name":"Gorée","country":"Senegal","cat":"cultural"}},{"type":"Feature","geometry":{"type":"Point","coordinates":[9.1711,45.4658]},"properties":{"name":"Santa Maria delle Grazie","country":"Italy","cat":"cultural"}},{"type":"Feature","geometry":{"type":"Point","coordinates":[-8.4064,43.3858]},"properties":{"name":"Tower of Hercules","country":"Spain","cat":"cultural"}},{"type":"Feature","geometry":{"type":"Point","coordinates":[130.9857,-25.3221]},"properties":{"name":"Uluṟu-Kata Tjuṯa National Park","country":"Australia","cat":"mixed"}},{"type":"Feature","geometry":{"type":"Point","coordinates":[-105.5417,36.4389]},"properties":{"name":"Taos Pueblo","country":"United States","cat":"cultural"}},{"type":"Feature","geometry":{"type":"Point","coordinates":[8.9999,39.7029]},"properties":{"name":"Su Nuraxi di Barumini","country":"Italy","cat":"cultural"}},{"type":"Feature","geometry":{"type":"Point","coordinates":[-57.7381,49.6894]},"properties":{"name":"Gros Morne National Park","country":"Canada","cat":"natural"}},{"type":"Feature","geometry":{"type":"Point","coordinates":[20.0166,39.7571]},"properties":{"name":"Butrint","country":"Albania","cat":"cultural"}},{"type":"Feature","geometry":{"type":"Point","coordinates":[134.6936,34.8394]},"properties":{"name":"Himeji Castle","country":"Japan","cat":"cultural"}},{"type":"Feature","geometry":{"type":"Point","coordinates":[10.8833,33.7837]},"properties":{"name":"Djerba","country":"Tunisia","cat":"cultural"}},{"type":"Feature","geometry":{"type":"Point","coordinates":[-55.5312,51.5953]},"properties":{"name":"L'Anse aux Meadows","country":"Canada","cat":"cultural"}},{"type":"Feature","geometry":{"type":"Point","coordinates":[12.6219,56.0386]},"properties":{"name":"Kronborg Castle","country":"Denmark","cat":"cultural"}},{"type":"Feature","geometry":{"type":"Point","coordinates":[12.5325,41.8414]},"properties":{"name":"Appian Way","country":"Italy","cat":"cultural"}},{"type":"Feature","geometry":{"type":"Point","coordinates":[75.1792,20.0264]},"properties":{"name":"Ellora Caves","country":"India","cat":"cultural"}},{"type":"Feature","geometry":{"type":"Point","coordinates":[77.2506,28.5933]},"properties":{"name":"Humayun's Tomb","country":"India","cat":"cultural"}},{"type":"Feature","geometry":{"type":"Point","coordinates":[4.5355,43.9473]},"properties":{"name":"Pont du Gard","country":"France","cat":"cultural"}},{"type":"Feature","geometry":{"type":"Point","coordinates":[15.616,44.8804]},"properties":{"name":"Plitvice Lakes National Park","country":"Croatia","cat":"natural"}},{"type":"Feature","geometry":{"type":"Point","coordinates":[-56.5,4.0]},"properties":{"name":"Central Suriname Nature Reserve","country":"Suriname","cat":"natural"}},{"type":"Feature","geometry":{"type":"Point","coordinates":[9.0,25.6667]},"properties":{"name":"Tassili n'Ajjer","country":"Algeria","cat":"mixed"}},{"type":"Feature","geometry":{"type":"Point","coordinates":[105.6047,20.0781]},"properties":{"name":"Citadel of the Hồ Dynasty","country":"Vietnam","cat":"cultural"}},{"type":"Feature","geometry":{"type":"Point","coordinates":[107.2,20.9]},"properties":{"name":"Ha Long Bay","country":"Vietnam","cat":"natural"}},{"type":"Feature","geometry":{"type":"Point","coordinates":[102.1347,19.89]},"properties":{"name":"Luang Prabang","country":"Laos","cat":"cultural"}},{"type":"Feature","geometry":{"type":"Point","coordinates":[14.2922,32.6367]},"properties":{"name":"Leptis Magna","country":"Libya","cat":"cultural"}},{"type":"Feature","geometry":{"type":"Point","coordinates":[132.3201,34.2958]},"properties":{"name":"Itsukushima Shrine","country":"Japan","cat":"cultural"}},{"type":"Feature","geometry":{"type":"Point","coordinates":[15.4342,48.3644]},"properties":{"name":"Wachau","country":"Austria","cat":"cultural"}},{"type":"Feature","geometry":{"type":"Point","coordinates":[25.6494,52.2894]},"properties":{"name":"Struve Geodetic Arc","country":"Norway","cat":"cultural"}},{"type":"Feature","geometry":{"type":"Point","coordinates":[18.37,-33.805]},"properties":{"name":"Robben Island","country":"South Africa","cat":"cultural"}},{"type":"Feature","geometry":{"type":"Point","coordinates":[48.6267,15.9269]},"properties":{"name":"Shibam","country":"Yemen","cat":"cultural"}},{"type":"Feature","geometry":{"type":"Point","coordinates":[32.8283,37.6675]},"properties":{"name":"Çatalhöyük","country":"Turkey","cat":"cultural"}},{"type":"Feature","geometry":{"type":"Point","coordinates":[23.95,52.75]},"properties":{"name":"Białowieża Forest","country":"Poland","cat":"natural"}},{"type":"Feature","geometry":{"type":"Point","coordinates":[93.35,26.6667]},"properties":{"name":"Kaziranga National Park","country":"India","cat":"natural"}},{"type":"Feature","geometry":{"type":"Point","coordinates":[62.1925,37.6628]},"properties":{"name":"Merv","country":"Turkmenistan","cat":"cultural"}},{"type":"Feature","geometry":{"type":"Point","coordinates":[35.2076,31.7043]},"properties":{"name":"Church of the Nativity","country":"Palestine","cat":"cultural"}},{"type":"Feature","geometry":{"type":"Point","coordinates":[-1.1733,45.5863]},"properties":{"name":"Cordouan Lighthouse","country":"France","cat":"cultural"}},{"type":"Feature","geometry":{"type":"Point","coordinates":[43.2625,35.4567]},"properties":{"name":"Assur","country":"Iraq","cat":"cultural"}},{"type":"Feature","geometry":{"type":"Point","coordinates":[47.5628,-18.7592]},"properties":{"name":"Ambohimanga","country":"Madagascar","cat":"cultural"}},{"type":"Feature","geometry":{"type":"Point","coordinates":[6.4687,35.4842]},"properties":{"name":"Timgad","country":"Algeria","cat":"cultural"}},{"type":"Feature","geometry":{"type":"Point","coordinates":[-98.8439,19.6925]},"properties":{"name":"Teotihuacan","country":"Mexico","cat":"cultural"}},{"type":"Feature","geometry":{"type":"Point","coordinates":[-139.6,-8.9]},"properties":{"name":"Marquesas Islands","country":"France","cat":"mixed"}},{"type":"Feature","geometry":{"type":"Point","coordinates":[25.269,37.3895]},"properties":{"name":"Delos","country":"Greece","cat":"cultural"}},{"type":"Feature","geometry":{"type":"Point","coordinates":[35.6468,34.1195]},"properties":{"name":"Byblos","country":"Lebanon","cat":"cultural"}},{"type":"Feature","geometry":{"type":"Point","coordinates":[132.4375,35.1072]},"properties":{"name":"Iwami Ginzan Silver Mine","country":"Japan","cat":"cultural"}},{"type":"Feature","geometry":{"type":"Point","coordinates":[-8.8261,39.6592]},"properties":{"name":"Batalha Monastery","country":"Portugal","cat":"cultural"}},{"type":"Feature","geometry":{"type":"Point","coordinates":[-20.6047,63.304]},"properties":{"name":"Surtsey","country":"Iceland","cat":"natural"}},{"type":"Feature","geometry":{"type":"Point","coordinates":[36.2006,34.0154]},"properties":{"name":"Baalbek","country":"Lebanon","cat":"cultural"}},{"type":"Feature","geometry":{"type":"Point","coordinates":[77.6611,27.0911]},"properties":{"name":"Fatehpur Sikri","country":"India","cat":"cultural"}},{"type":"Feature","geometry":{"type":"Point","coordinates":[-76.033,2.583]},"properties":{"name":"Tierradentro","country":"Colombia","cat":"cultural"}},{"type":"Feature","geometry":{"type":"Point","coordinates":[10.1,35.6833]},"properties":{"name":"Kairouan","country":"Tunisia","cat":"cultural"}},{"type":"Feature","geometry":{"type":"Point","coordinates":[14.9358,38.4967]},"properties":{"name":"Aeolian Islands","country":"Italy","cat":"natural"}},{"type":"Feature","geometry":{"type":"Point","coordinates":[1.4878,48.4478]},"properties":{"name":"Notre-Dame de Chartres","country":"France","cat":"cultural"}},{"type":"Feature","geometry":{"type":"Point","coordinates":[-119.5375,37.7425]},"properties":{"name":"Yosemite National Park","country":"United States","cat":"natural"}},{"type":"Feature","geometry":{"type":"Point","coordinates":[48.2561,32.1894]},"properties":{"name":"Susa","country":"Iran","cat":"cultural"}},{"type":"Feature","geometry":{"type":"Point","coordinates":[77.7397,23.4794]},"properties":{"name":"Sanchi","country":"India","cat":"cultural"}},{"type":"Feature","geometry":{"type":"Point","coordinates":[4.4737,51.031]},"properties":{"name":"Béguinages in Flanders","country":"Belgium","cat":"cultural"}},{"type":"Feature","geometry":{"type":"Point","coordinates":[-42.55,-8.6667]},"properties":{"name":"Serra da Capivara National Park","country":"Brazil","cat":"cultural"}},{"type":"Feature","geometry":{"type":"Point","coordinates":[37.5566,55.726]},"properties":{"name":"Novodevichy Convent","country":"Russia","cat":"cultural"}},{"type":"Feature","geometry":{"type":"Point","coordinates":[80.7597,7.9569]},"properties":{"name":"Sigiriya","country":"Sri Lanka","cat":"cultural"}},{"type":"Feature","geometry":{"type":"Point","coordinates":[36.4833,32.5167]},"properties":{"name":"Bosra","country":"Syria","cat":"cultural"}},{"type":"Feature","geometry":{"type":"Point","coordinates":[46.4164,-9.4164]},"properties":{"name":"Aldabra","country":"Seychelles","cat":"natural"}},{"type":"Feature","geometry":{"type":"Point","coordinates":[-89.8106,18.105]},"properties":{"name":"Calakmul","country":"Mexico","cat":"mixed"}},{"type":"Feature","geometry":{"type":"Point","coordinates":[12.7753,41.9419]},"properties":{"name":"Hadrian's Villa","country":"Italy","cat":"cultural"}},{"type":"Feature","geometry":{"type":"Point","coordinates":[-9.2056,38.6978]},"properties":{"name":"Jerónimos Monastery","country":"Portugal","cat":"cultural"}},{"type":"Feature","geometry":{"type":"Point","coordinates":[-104.4439,32.1753]},"properties":{"name":"Carlsbad Caverns National Park","country":"United States","cat":"natural"}},{"type":"Feature","geometry":{"type":"Point","coordinates":[36.0138,4.4969]},"properties":{"name":"Omo River","country":"Ethiopia","cat":"cultural"}},{"type":"Feature","geometry":{"type":"Point","coordinates":[112.4697,34.5556]},"properties":{"name":"Longmen Grottoes","country":"People's Republic of China","cat":"cultural"}},{"type":"Feature","geometry":{"type":"Point","coordinates":[-80.6875,25.3125]},"properties":{"name":"Everglades National Park","country":"United States","cat":"natural"}},{"type":"Feature","geometry":{"type":"Point","coordinates":[23.2662,42.6447]},"properties":{"name":"Boyana Church","country":"Bulgaria","cat":"cultural"}},{"type":"Feature","geometry":{"type":"Point","coordinates":[125.415,38.8631]},"properties":{"name":"Goguryeo tombs","country":"North Korea","cat":"cultural"}},{"type":"Feature","geometry":{"type":"Point","coordinates":[-79.075,-8.1106]},"properties":{"name":"Chan Chan","country":"Peru","cat":"cultural"}},{"type":"Feature","geometry":{"type":"Point","coordinates":[93.0,69.0]},"properties":{"name":"Putorana Plateau","country":"Russia","cat":"natural"}},{"type":"Feature","geometry":{"type":"Point","coordinates":[127.3617,61.1069]},"properties":{"name":"Lena Pillars","country":"Russia","cat":"natural"}},{"type":"Feature","geometry":{"type":"Point","coordinates":[-47.6846,-14.0057]},"properties":{"name":"Cerrado","country":"Brazil","cat":"natural"}},{"type":"Feature","geometry":{"type":"Point","coordinates":[11.5787,49.9443]},"properties":{"name":"Margravial Opera House","country":"Germany","cat":"cultural"}},{"type":"Feature","geometry":{"type":"Point","coordinates":[6.6331,49.75]},"properties":{"name":"Roman Monuments, Cathedral of St. Peter and Church of Our Lady in Trier UNESCO World Heritage Site","country":"Germany","cat":"cultural"}},{"type":"Feature","geometry":{"type":"Point","coordinates":[-111.485,50.7617]},"properties":{"name":"Dinosaur Provincial Park","country":"Canada","cat":"natural"}},{"type":"Feature","geometry":{"type":"Point","coordinates":[13.0953,52.4142]},"properties":{"name":"Glienicke Palace","country":"Germany","cat":"cultural"}},{"type":"Feature","geometry":{"type":"Point","coordinates":[25.3992,42.6256]},"properties":{"name":"Thracian Tomb of Kazanlak","country":"Bulgaria","cat":"cultural"}},{"type":"Feature","geometry":{"type":"Point","coordinates":[88.9769,25.0311]},"properties":{"country":"Bangladesh","cat":"cultural"}},{"type":"Feature","geometry":{"type":"Point","coordinates":[-77.15,7.8]},"properties":{"name":"Los Katíos National Park","country":"Colombia","cat":"natural"}},{"type":"Feature","geometry":{"type":"Point","coordinates":[113.1222,40.1097]},"properties":{"name":"Yungang Grottoes","country":"People's Republic of China","cat":"cultural"}},{"type":"Feature","geometry":{"type":"Point","coordinates":[10.3333,24.8334]},"properties":{"name":"Tadrart Acacus","country":"Libya","cat":"cultural"}},{"type":"Feature","geometry":{"type":"Point","coordinates":[29.25,4.0]},"properties":{"name":"Garamba National Park","country":"Democratic Republic of the Congo","cat":"natural"}},{"type":"Feature","geometry":{"type":"Point","coordinates":[32.5533,0.3292]},"properties":{"name":"Kasubi Tombs","country":"Uganda","cat":"cultural"}},{"type":"Feature","geometry":{"type":"Point","coordinates":[-7.1333,31.05]},"properties":{"name":"Aït Benhaddou","country":"Morocco","cat":"cultural"}},{"type":"Feature","geometry":{"type":"Point","coordinates":[32.5,-28.0]},"properties":{"name":"iSimangaliso Wetland Park","country":"South Africa","cat":"natural"}},{"type":"Feature","geometry":{"type":"Point","coordinates":[49.6219,25.4294]},"properties":{"name":"Al-Ahsa Oasis","country":"Saudi Arabia","cat":"cultural"}},{"type":"Feature","geometry":{"type":"Point","coordinates":[9.25,46.9167]},"properties":{"name":"Glarus thrust","country":"Switzerland","cat":"natural"}},{"type":"Feature","geometry":{"type":"Point","coordinates":[8.6665,49.8754]},"properties":{"name":"Artists' Colony in Darmstadt","country":"Germany","cat":"cultural"}},{"type":"Feature","geometry":{"type":"Point","coordinates":[-62.836,17.347]},"properties":{"name":"Brimstone Hill Fortress National Park","country":"Saint Kitts and Nevis","cat":"cultural"}},{"type":"Feature","geometry":{"type":"Point","coordinates":[2.7006,48.4022]},"properties":{"name":"Palace of Fontainebleau","country":"France","cat":"cultural"}},{"type":"Feature","geometry":{"type":"Point","coordinates":[1.4183,43.6111]},"properties":{"name":"Canal du Midi","country":"France","cat":"cultural"}},{"type":"Feature","geometry":{"type":"Point","coordinates":[175.5833,-39.2]},"properties":{"name":"Tongariro National Park","country":"New Zealand","cat":"mixed"}},{"type":"Feature","geometry":{"type":"Point","coordinates":[80.635,7.2931]},"properties":{"name":"Kandy","country":"Sri Lanka","cat":"cultural"}},{"type":"Feature","geometry":{"type":"Point","coordinates":[1.5172,47.6161]},"properties":{"name":"Château de Chambord","country":"France","cat":"cultural"}},{"type":"Feature","geometry":{"type":"Point","coordinates":[-155.1236,19.4008]},"properties":{"name":"Hawaiʻi Volcanoes National Park","country":"United States","cat":"natural"}},{"type":"Feature","geometry":{"type":"Point","coordinates":[105.8397,21.0325]},"properties":{"name":"Imperial Citadel of Thang Long","country":"Vietnam","cat":"cultural"}},{"type":"Feature","geometry":{"type":"Point","coordinates":[44.009,36.191]},"properties":{"name":"Citadel of Erbil","country":"Iraq","cat":"cultural"}},{"type":"Feature","geometry":{"type":"Point","coordinates":[-10.5406,51.7711]},"properties":{"name":"Skellig Michael","country":"Ireland","cat":"cultural"}},{"type":"Feature","geometry":{"type":"Point","coordinates":[117.6833,27.7167]},"properties":{"name":"Wuyi Mountains","country":"People's Republic of China","cat":"mixed"}},{"type":"Feature","geometry":{"type":"Point","coordinates":[38.7408,37.9807]},"properties":{"name":"Mount Nemrut","country":"Turkey","cat":"cultural"}},{"type":"Feature","geometry":{"type":"Point","coordinates":[2.3992,47.0822]},"properties":{"name":"Bourges Cathedral","country":"France","cat":"cultural"}},{"type":"Feature","geometry":{"type":"Point","coordinates":[-1.3609,51.8414]},"properties":{"name":"Blenheim Palace","country":"United Kingdom","cat":"cultural"}},{"type":"Feature","geometry":{"type":"Point","coordinates":[17.8864,59.3217]},"properties":{"name":"Drottningholm Palace","country":"Sweden","cat":"cultural"}},{"type":"Feature","geometry":{"type":"Point","coordinates":[30.933,-20.27]},"properties":{"name":"Great Zimbabwe","country":"Zimbabwe","cat":"cultural"}},{"type":"Feature","geometry":{"type":"Point","coordinates":[26.4729,53.4513]},"properties":{"name":"Mir Castle Complex","country":"Belarus","cat":"cultural"}},{"type":"Feature","geometry":{"type":"Point","coordinates":[12.0803,55.6427]},"properties":{"name":"Roskilde Cathedral","country":"Denmark","cat":"cultural"}},{"type":"Feature","geometry":{"type":"Point","coordinates":[19.2879,43.7825]},"properties":{"name":"Mehmed Paša Sokolović Bridge","country":"Bosnia and Herzegovina","cat":"cultural"}},{"type":"Feature","geometry":{"type":"Point","coordinates":[51.4203,35.6797]},"properties":{"name":"Golestan Palace","country":"Iran","cat":"cultural"}},{"type":"Feature","geometry":{"type":"Point","coordinates":[7.3225,61.2981]},"properties":{"name":"Urnes Stave Church","country":"Norway","cat":"cultural"}},{"type":"Feature","geometry":{"type":"Point","coordinates":[-4.067,55.967]},"properties":{"name":"Antonine Wall","country":"United Kingdom","cat":"cultural"}},{"type":"Feature","geometry":{"type":"Point","coordinates":[-4.8678,37.8861]},"properties":{"name":"Madinat Al-Zahra","country":"Spain","cat":"cultural"}},{"type":"Feature","geometry":{"type":"Point","coordinates":[-3.1667,54.5]},"properties":{"name":"Lake District","country":"United Kingdom","cat":"cultural"}},{"type":"Feature","geometry":{"type":"Point","coordinates":[38.1307,56.3103]},"properties":{"name":"Trinity Lavra of St. Sergius","country":"Russia","cat":"cultural"}},{"type":"Feature","geometry":{"type":"Point","coordinates":[14.6,40.6333]},"properties":{"name":"Amalfi Coast","country":"Italy","cat":"cultural"}},{"type":"Feature","geometry":{"type":"Point","coordinates":[-63.9333,-42.5]},"properties":{"name":"Valdes Peninsula","country":"Argentina","cat":"natural"}},{"type":"Feature","geometry":{"type":"Point","coordinates":[18.0994,59.2756]},"properties":{"name":"Skogskyrkogården","country":"Sweden","cat":"cultural"}},{"type":"Feature","geometry":{"type":"Point","coordinates":[21.7542,-18.7717]},"properties":{"name":"Tsodilo","country":"Botswana","cat":"cultural"}},{"type":"Feature","geometry":{"type":"Point","coordinates":[-89.1424,14.838]},"properties":{"name":"Copán","country":"Honduras","cat":"cultural"}},{"type":"Feature","geometry":{"type":"Point","coordinates":[38.9225,37.2231]},"properties":{"name":"Göbekli Tepe","country":"Turkey","cat":"cultural"}},{"type":"Feature","geometry":{"type":"Point","coordinates":[4.3525,50.8467]},"properties":{"name":"Grand-Place","country":"Belgium","cat":"cultural"}},{"type":"Feature","geometry":{"type":"Point","coordinates":[16.2709,41.0848]},"properties":{"name":"Castel del Monte","country":"Italy","cat":"cultural"}},{"type":"Feature","geometry":{"type":"Point","coordinates":[-73.2342,-50.3305]},"properties":{"name":"Los Glaciares National Park","country":"Argentina","cat":"natural"}},{"type":"Feature","geometry":{"type":"Point","coordinates":[117.1,36.2667]},"properties":{"name":"Mount Tai","country":"People's Republic of China","cat":"mixed"}},{"type":"Feature","geometry":{"type":"Point","coordinates":[85.4438,25.1368]},"properties":{"name":"Nalanda Mahavihara","country":"India","cat":"cultural"}},{"type":"Feature","geometry":{"type":"Point","coordinates":[26.64,61.062]},"properties":{"name":"Verla","country":"Finland","cat":"cultural"}},{"type":"Feature","geometry":{"type":"Point","coordinates":[11.55,43.0667]},"properties":{"name":"Val d'Orcia","country":"Italy","cat":"cultural"}},{"type":"Feature","geometry":{"type":"Point","coordinates":[-77.5203,-10.8936]},"properties":{"country":"Peru","cat":"cultural"}},{"type":"Feature","geometry":{"type":"Point","coordinates":[59.1586,42.3167]},"properties":{"name":"Konye-Urgench","country":"Turkmenistan","cat":"cultural"}},{"type":"Feature","geometry":{"type":"Point","coordinates":[-86.8781,12.435]},"properties":{"name":"León Cathedral","country":"Nicaragua","cat":"cultural"}},{"type":"Feature","geometry":{"type":"Point","coordinates":[-77.5472,7.7361]},"properties":{"name":"Darién National Park","country":"Panama","cat":"natural"}},{"type":"Feature","geometry":{"type":"Point","coordinates":[-16.3167,28.4853]},"properties":{"name":"San Cristóbal de La Laguna","country":"Spain","cat":"cultural"}},{"type":"Feature","geometry":{"type":"Point","coordinates":[9.41,51.7778]},"properties":{"name":"Princely Abbey of Corvey","country":"Germany","cat":"cultural"}},{"type":"Feature","geometry":{"type":"Point","coordinates":[-2.2925,55.0242]},"properties":{"name":"Hadrian's Wall","country":"United Kingdom","cat":"cultural"}},{"type":"Feature","geometry":{"type":"Point","coordinates":[35.9297,33.7258]},"properties":{"name":"Anjar","country":"Lebanon","cat":"cultural"}},{"type":"Feature","geometry":{"type":"Point","coordinates":[114.8125,4.0425]},"properties":{"name":"Gunung Mulu National Park","country":"Malaysia","cat":"natural"}},{"type":"Feature","geometry":{"type":"Point","coordinates":[-68.6733,-16.5547]},"properties":{"name":"Tiwanaku","country":"Bolivia","cat":"cultural"}},{"type":"Feature","geometry":{"type":"Point","coordinates":[21.1568,47.5946]},"properties":{"name":"Hortobágy National Park","country":"Hungary","cat":"cultural"}},{"type":"Feature","geometry":{"type":"Point","coordinates":[-0.0762,51.5082]},"properties":{"name":"Tower of London","country":"United Kingdom","cat":"cultural"}},{"type":"Feature","geometry":{"type":"Point","coordinates":[75.82,26.915]},"properties":{"name":"Jaipur","country":"India","cat":"cultural"}},{"type":"Feature","geometry":{"type":"Point","coordinates":[5.7717,52.6386]},"properties":{"name":"Schokland","country":"Netherlands","cat":"cultural"}},{"type":"Feature","geometry":{"type":"Point","coordinates":[19.0278,54.0397]},"properties":{"name":"Malbork Castle","country":"Poland","cat":"cultural"}},{"type":"Feature","geometry":{"type":"Point","coordinates":[-116.4797,51.4247]},"properties":{"name":"Canadian Rocky Mountain Parks World Heritage Site","country":"Canada","cat":"natural"}},{"type":"Feature","geometry":{"type":"Point","coordinates":[128.9039,32.8022]},"properties":{"name":"Hidden Christian Sites in the Nagasaki Region","country":"Japan","cat":"cultural"}},{"type":"Feature","geometry":{"type":"Point","coordinates":[4.0945,50.4714]},"properties":{"name":"lifts on the old Canal du Centre","country":"Belgium","cat":"cultural"}},{"type":"Feature","geometry":{"type":"Point","coordinates":[32.6103,25.7206]},"properties":{"name":"Thebes","country":"Egypt","cat":"cultural"}},{"type":"Feature","geometry":{"type":"Point","coordinates":[-6.5117,55.2408]},"properties":{"name":"Giant's Causeway","country":"United Kingdom","cat":"natural"}},{"type":"Feature","geometry":{"type":"Point","coordinates":[58.3569,29.1061]},"properties":{"name":"Bam","country":"Iran","cat":"cultural"}},{"type":"Feature","geometry":{"type":"Point","coordinates":[2.3021,49.8946]},"properties":{"name":"Notre-Dame d'Amiens","country":"France","cat":"cultural"}},{"type":"Feature","geometry":{"type":"Point","coordinates":[-21.125,64.2581]},"properties":{"name":"Thingvellir National Park","country":"Iceland","cat":"cultural"}},{"type":"Feature","geometry":{"type":"Point","coordinates":[47.2342,36.6047]},"properties":{"name":"Takht-e Soleyman","country":"Iran","cat":"cultural"}},{"type":"Feature","geometry":{"type":"Point","coordinates":[53.6476,18.2533]},"properties":{"name":"Land of Frankincense","country":"Oman","cat":"cultural"}},{"type":"Feature","geometry":{"type":"Point","coordinates":[113.5669,39.0814]},"properties":{"name":"Mount Wutai","country":"People's Republic of China","cat":"cultural"}},{"type":"Feature","geometry":{"type":"Point","coordinates":[7.0441,51.4865]},"properties":{"name":"Zollverein Coal Mine Industrial Complex","country":"Germany","cat":"cultural"}},{"type":"Feature","geometry":{"type":"Point","coordinates":[27.0722,44.1111]},"properties":{"name":"Srebarna Nature Reserve","country":"Bulgaria","cat":"natural"}},{"type":"Feature","geometry":{"type":"Point","coordinates":[116.4066,39.8822]},"properties":{"name":"Temple of Heaven","country":"People's Republic of China","cat":"cultural"}},{"type":"Feature","geometry":{"type":"Point","coordinates":[35.0839,32.9261]},"properties":{"name":"Acre","country":"Israel","cat":"cultural"}},{"type":"Feature","geometry":{"type":"Point","coordinates":[6.8453,49.2506]},"properties":{"name":"Völklingen Ironworks","country":"Germany","cat":"cultural"}},{"type":"Feature","geometry":{"type":"Point","coordinates":[52.89,29.935]},"properties":{"name":"Persepolis","country":"Iran","cat":"cultural"}},{"type":"Feature","geometry":{"type":"Point","coordinates":[-99.1881,19.3322]},"properties":{"name":"Ciudad Universitaria","country":"Mexico","cat":"cultural"}},{"type":"Feature","geometry":{"type":"Point","coordinates":[23.7261,37.9717]},"properties":{"name":"Acropolis of Athens","country":"Greece","cat":"cultural"}},{"type":"Feature","geometry":{"type":"Point","coordinates":[73.517,-53.0935]},"properties":{"name":"Heard Island and McDonald Islands","country":"Australia","cat":"natural"}},{"type":"Feature","geometry":{"type":"Point","coordinates":[126.1872,41.1569]},"properties":{"name":"Capital Cities and Tombs of the Ancient Koguryo Kingdom","country":"People's Republic of China","cat":"cultural"}},{"type":"Feature","geometry":{"type":"Point","coordinates":[153.15,-25.24]},"properties":{"name":"K'gari","country":"Australia","cat":"natural"}},{"type":"Feature","geometry":{"type":"Point","coordinates":[146.1729,-42.5957]},"properties":{"name":"Tasmanian Wilderness","country":"Australia","cat":"mixed"}},{"type":"Feature","geometry":{"type":"Point","coordinates":[43.3167,14.2]},"properties":{"name":"Zabid","country":"Yemen","cat":"cultural"}},{"type":"Feature","geometry":{"type":"Point","coordinates":[20.5316,43.4867]},"properties":{"name":"Studenica monastery","country":"Serbia","cat":"cultural"}},{"type":"Feature","geometry":{"type":"Point","coordinates":[10.3064,50.9661]},"properties":{"name":"Wartburg","country":"Germany","cat":"cultural"}},{"type":"Feature","geometry":{"type":"Point","coordinates":[13.3956,52.5214]},"properties":{"name":"Museum Island","country":"Germany","cat":"cultural"}},{"type":"Feature","geometry":{"type":"Point","coordinates":[165.4,11.6]},"properties":{"name":"Bikini Atoll","country":"Marshall Islands","cat":"cultural"}},{"type":"Feature","geometry":{"type":"Point","coordinates":[5.3233,60.3975]},"properties":{"name":"Bryggen","country":"Norway","cat":"cultural"}},{"type":"Feature","geometry":{"type":"Point","coordinates":[73.5764,32.9653]},"properties":{"name":"Rohtas Fort","country":"Pakistan","cat":"cultural"}},{"type":"Feature","geometry":{"type":"Point","coordinates":[86.0,50.4667]},"properties":{"name":"Golden Mountains of Altai","country":"Russia","cat":"natural"}},{"type":"Feature","geometry":{"type":"Point","coordinates":[9.3772,47.4231]},"properties":{"name":"Abbey of Saint Gall","country":"Switzerland","cat":"cultural"}},{"type":"Feature","geometry":{"type":"Point","coordinates":[74.3097,31.5903]},"properties":{"name":"Fort and Shalamar Gardens in Lahore","country":"Pakistan","cat":"cultural"}},{"type":"Feature","geometry":{"type":"Point","coordinates":[17.0772,51.1069]},"properties":{"name":"Centennial Hall","country":"Poland","cat":"cultural"}},{"type":"Feature","geometry":{"type":"Point","coordinates":[15.0,49.0]},"properties":{"name":"Ancient and Primeval Beech Forests of the Carpathians and Other Regions of Europe","country":"Spain","cat":"natural"}},{"type":"Feature","geometry":{"type":"Point","coordinates":[25.9249,48.2966]},"properties":{"name":"Residence of Bukovinian and Dalmatian Metropolitans","country":"Ukraine","cat":"cultural"}},{"type":"Feature","geometry":{"type":"Point","coordinates":[72.7875,33.7458]},"properties":{"name":"Taxila","country":"Pakistan","cat":"cultural"}},{"type":"Feature","geometry":{"type":"Point","coordinates":[6.9081,50.8275]},"properties":{"name":"Augustusburg and Falkenlust Palaces","country":"Germany","cat":"cultural"}},{"type":"Feature","geometry":{"type":"Point","coordinates":[14.7232,51.5476]},"properties":{"name":"Muskau Park","country":"Poland","cat":"cultural"}},{"type":"Feature","geometry":{"type":"Point","coordinates":[9.0631,47.6931]},"properties":{"name":"Reichenau Island","country":"Germany","cat":"cultural"}},{"type":"Feature","geometry":{"type":"Point","coordinates":[10.9004,47.6806]},"properties":{"name":"Wieskirche","country":"Germany","cat":"cultural"}},{"type":"Feature","geometry":{"type":"Point","coordinates":[12.2814,51.8636]},"properties":{"name":"Dessau-Wörlitz Garden Realm","country":"Germany","cat":"cultural"}},{"type":"Feature","geometry":{"type":"Point","coordinates":[8.5686,49.6537]},"properties":{"name":"Abbey and Altenmünster of Lorsch","country":"Germany","cat":"cultural"}},{"type":"Feature","geometry":{"type":"Point","coordinates":[-57.5,-17.4]},"properties":{"country":"Brazil","cat":"natural"}},{"type":"Feature","geometry":{"type":"Point","coordinates":[8.8129,49.0011]},"properties":{"name":"Maulbronn Monastery","country":"Germany","cat":"cultural"}},{"type":"Feature","geometry":{"type":"Point","coordinates":[-3.0878,52.9702]},"properties":{"name":"Pontcysyllte Aqueduct","country":"United Kingdom","cat":"cultural"}},{"type":"Feature","geometry":{"type":"Point","coordinates":[34.7739,32.0778]},"properties":{"name":"White City","country":"Israel","cat":"cultural"}},{"type":"Feature","geometry":{"type":"Point","coordinates":[13.0927,52.4054]},"properties":{"name":"Babelsberg Park","country":"Germany","cat":"cultural"}},{"type":"Feature","geometry":{"type":"Point","coordinates":[49.3889,40.1056]},"properties":{"name":"Gobustan State Historical and Cultural Reserve","country":"Azerbaijan","cat":"cultural"}},{"type":"Feature","geometry":{"type":"Point","coordinates":[-89.0403,15.2694]},"properties":{"name":"Quiriguá","country":"Guatemala","cat":"cultural"}},{"type":"Feature","geometry":{"type":"Point","coordinates":[27.1189,43.2774]},"properties":{"name":"Madara Rider","country":"Bulgaria","cat":"cultural"}},{"type":"Feature","geometry":{"type":"Point","coordinates":[-74.045,40.69]},"properties":{"name":"Liberty Island","country":"United States","cat":"cultural"}},{"type":"Feature","geometry":{"type":"Point","coordinates":[130.1056,34.245]},"properties":{"name":"Sacred Island of Okinoshima and Associated Sites in the Munakata Region","country":"Japan","cat":"cultural"}},{"type":"Feature","geometry":{"type":"Point","coordinates":[21.0,-2.0]},"properties":{"name":"Salonga National Park","country":"Democratic Republic of the Congo","cat":"natural"}},{"type":"Feature","geometry":{"type":"Point","coordinates":[-7.12,5.75]},"properties":{"name":"Taï National Park","country":"Ivory Coast","cat":"natural"}},{"type":"Feature","geometry":{"type":"Point","coordinates":[27.5,-27.0]},"properties":{"name":"Vredefort crater","country":"South Africa","cat":"natural"}},{"type":"Feature","geometry":{"type":"Point","coordinates":[40.7328,-15.0367]},"properties":{"name":"Island of Mozambique","country":"Mozambique","cat":"cultural"}},{"type":"Feature","geometry":{"type":"Point","coordinates":[77.6144,22.9386]},"properties":{"name":"Bhimbetka rock shelters","country":"India","cat":"cultural"}},{"type":"Feature","geometry":{"type":"Point","coordinates":[1.5944,42.4921]},"properties":{"name":"Madriu-Perafita-Claror Valley","country":"Andorra","cat":"cultural"}},{"type":"Feature","geometry":{"type":"Point","coordinates":[-90.0644,38.6539]},"properties":{"name":"Cahokia","country":"United States","cat":"cultural"}},{"type":"Feature","geometry":{"type":"Point","coordinates":[-6.4493,53.6928]},"properties":{"name":"Brú na Bóinne","country":"Ireland","cat":"cultural"}},{"type":"Feature","geometry":{"type":"Point","coordinates":[19.0713,47.5106]},"properties":{"country":"Hungary","cat":"cultural"}},{"type":"Feature","geometry":{"type":"Point","coordinates":[11.55,45.55]},"properties":{"name":"City of Vicenza and the Palladian Villas of the Veneto","country":"Italy","cat":"cultural"}},{"type":"Feature","geometry":{"type":"Point","coordinates":[-123.75,47.7]},"properties":{"name":"Olympic National Park","country":"United States","cat":"natural"}},{"type":"Feature","geometry":{"type":"Point","coordinates":[4.4161,44.3881]},"properties":{"name":"Chauvet Cave","country":"France","cat":"cultural"}},{"type":"Feature","geometry":{"type":"Point","coordinates":[80.28,6.24]},"properties":{"name":"Sinharaja Forest Reserve","country":"Sri Lanka","cat":"natural"}},{"type":"Feature","geometry":{"type":"Point","coordinates":[39.6821,-4.0712]},"properties":{"name":"Fort Jesus Museum","country":"Kenya","cat":"cultural"}},{"type":"Feature","geometry":{"type":"Point","coordinates":[24.2846,41.0121]},"properties":{"name":"Philippi","country":"Greece","cat":"cultural"}},{"type":"Feature","geometry":{"type":"Point","coordinates":[-128.325,-24.375]},"properties":{"name":"Henderson Island","country":"United Kingdom","cat":"natural"}},{"type":"Feature","geometry":{"type":"Point","coordinates":[33.3437,34.7967]},"properties":{"name":"Khirokitia","country":"Cyprus","cat":"cultural"}},{"type":"Feature","geometry":{"type":"Point","coordinates":[25.933,47.733]},"properties":{"name":"churches of Moldavia","country":"Romania","cat":"cultural"}},{"type":"Feature","geometry":{"type":"Point","coordinates":[2.3638,43.2064]},"properties":{"name":"Cité de Carcassonne","country":"France","cat":"cultural"}},{"type":"Feature","geometry":{"type":"Point","coordinates":[-75.15,39.9489]},"properties":{"name":"Independence Hall","country":"United States","cat":"cultural"}},{"type":"Feature","geometry":{"type":"Point","coordinates":[-71.66,-12.14]},"properties":{"name":"Manu National Park","country":"Peru","cat":"natural"}},{"type":"Feature","geometry":{"type":"Point","coordinates":[-5.5536,34.0711]},"properties":{"name":"Volubilis","country":"Morocco","cat":"cultural"}},{"type":"Feature","geometry":{"type":"Point","coordinates":[3.3889,50.6065]},"properties":{"name":"Tournai Cathedral","country":"Belgium","cat":"cultural"}},{"type":"Feature","geometry":{"type":"Point","coordinates":[-112.983,59.3833]},"properties":{"name":"Wood Buffalo National Park","country":"Canada","cat":"natural"}},{"type":"Feature","geometry":{"type":"Point","coordinates":[-125.852,61.5971]},"properties":{"name":"Nahanni National Park Reserve","country":"Canada","cat":"natural"}},{"type":"Feature","geometry":{"type":"Point","coordinates":[108.1244,15.7632]},"properties":{"name":"Mỹ Sơn","country":"Vietnam","cat":"cultural"}},{"type":"Feature","geometry":{"type":"Point","coordinates":[150.9944,-33.3783]},"properties":{"name":"Australian Convict Sites","country":"Australia","cat":"cultural"}},{"type":"Feature","geometry":{"type":"Point","coordinates":[15.8892,43.7356]},"properties":{"name":"Šibenik Cathedral","country":"Croatia","cat":"cultural"}},{"type":"Feature","geometry":{"type":"Point","coordinates":[3.5461,50.4625]},"properties":{"name":"northern French coal mining region","country":"France","cat":"cultural"}},{"type":"Feature","geometry":{"type":"Point","coordinates":[19.2784,49.0397]},"properties":{"name":"Vlkolínec","country":"Slovakia","cat":"cultural"}},{"type":"Feature","geometry":{"type":"Point","coordinates":[36.8442,36.3342]},"properties":{"name":"Dead Cities","country":"Syria","cat":"cultural"}},{"type":"Feature","geometry":{"type":"Point","coordinates":[81.0,7.9333]},"properties":{"name":"Polonnaruwa","country":"Sri Lanka","cat":"cultural"}},{"type":"Feature","geometry":{"type":"Point","coordinates":[114.3186,36.1225]},"properties":{"name":"Yinxu","country":"People's Republic of China","cat":"cultural"}},{"type":"Feature","geometry":{"type":"Point","coordinates":[-23.6042,14.9167]},"properties":{"name":"Cidade Velha","country":"Cape Verde","cat":"cultural"}},{"type":"Feature","geometry":{"type":"Point","coordinates":[4.3893,47.6397]},"properties":{"name":"Abbey of Fontenay","country":"France","cat":"cultural"}},{"type":"Feature","geometry":{"type":"Point","coordinates":[-17.2372,28.1262]},"properties":{"name":"Garajonay National Park","country":"Spain","cat":"natural"}},{"type":"Feature","geometry":{"type":"Point","coordinates":[-55.5317,-27.2553]},"properties":{"name":"Jesuit missions among the Guaraní","country":"Brazil","cat":"cultural"}},{"type":"Feature","geometry":{"type":"Point","coordinates":[42.7183,35.5881]},"properties":{"name":"Hatra","country":"Iraq","cat":"cultural"}},{"type":"Feature","geometry":{"type":"Point","coordinates":[11.3167,50.9833]},"properties":{"name":"Classical Weimar","country":"Germany","cat":"cultural"}},{"type":"Feature","geometry":{"type":"Point","coordinates":[19.5583,49.3361]},"properties":{"name":"wooden churches of the Slovak Carpathians","country":"Slovakia","cat":"cultural"}},{"type":"Feature","geometry":{"type":"Point","coordinates":[116.1852,42.358]},"properties":{"name":"Xanadu","country":"People's Republic of China","cat":"cultural"}},{"type":"Feature","geometry":{"type":"Point","coordinates":[126.9917,37.5794]},"properties":{"name":"Changdeokgung","country":"South Korea","cat":"cultural"}},{"type":"Feature","geometry":{"type":"Point","coordinates":[35.2234,62.0677]},"properties":{"name":"Kizhi Pogost","country":"Russia","cat":"cultural"}},{"type":"Feature","geometry":{"type":"Point","coordinates":[34.6578,31.0975]},"properties":{"name":"Incense Route – Desert Cities in the Negev","country":"Israel","cat":"cultural"}},{"type":"Feature","geometry":{"type":"Point","coordinates":[4.8858,52.3664]},"properties":{"name":"Grachtengordel","country":"Netherlands","cat":"cultural"}},{"type":"Feature","geometry":{"type":"Point","coordinates":[127.0102,37.2807]},"properties":{"name":"Hwaseong Fortress","country":"South Korea","cat":"cultural"}},{"type":"Feature","geometry":{"type":"Point","coordinates":[126.9936,37.5747]},"properties":{"name":"Jongmyo","country":"South Korea","cat":"cultural"}},{"type":"Feature","geometry":{"type":"Point","coordinates":[128.1,35.8]},"properties":{"name":"Haeinsa Temple Janggyeong Panjeon, the Depositories for the Tripitaka Koreana Woodblocks","country":"South Korea","cat":"cultural"}},{"type":"Feature","geometry":{"type":"Point","coordinates":[129.2267,35.7889]},"properties":{"name":"Gyeongju Historic Areas","country":"South Korea","cat":"cultural"}},{"type":"Feature","geometry":{"type":"Point","coordinates":[128.4528,37.1972]},"properties":{"name":"Royal Tombs of the Joseon Dynasty","country":"South Korea","cat":"cultural"}},{"type":"Feature","geometry":{"type":"Point","coordinates":[126.9292,34.9667]},"properties":{"name":"Gochang, Hwasun and Ganghwa Dolmen Sites","country":"South Korea","cat":"cultural"}},{"type":"Feature","geometry":{"type":"Point","coordinates":[128.1049,38.6568]},"properties":{"name":"Mount Kumgang","country":"North Korea","cat":"mixed"}},{"type":"Feature","geometry":{"type":"Point","coordinates":[126.5325,33.3614]},"properties":{"name":"Jeju Volcanic Island and Lava Tubes","country":"South Korea","cat":"natural"}},{"type":"Feature","geometry":{"type":"Point","coordinates":[15.0,37.7653]},"properties":{"name":"Etna Park","country":"Italy","cat":"natural"}},{"type":"Feature","geometry":{"type":"Point","coordinates":[36.5873,31.8017]},"properties":{"name":"Qasr Amra","country":"Jordan","cat":"cultural"}},{"type":"Feature","geometry":{"type":"Point","coordinates":[115.9248,39.689]},"properties":{"name":"Zhoukoudian site","country":"People's Republic of China","cat":"cultural"}},{"type":"Feature","geometry":{"type":"Point","coordinates":[14.25,-6.2667]},"properties":{"name":"M'banza-Kongo","country":"Angola","cat":"cultural"}},{"type":"Feature","geometry":{"type":"Point","coordinates":[4.7933,35.8139]},"properties":{"name":"Qal'at Bani Hammad","country":"Algeria","cat":"cultural"}},{"type":"Feature","geometry":{"type":"Point","coordinates":[13.9947,45.665]},"properties":{"name":"Škocjan Caves","country":"Slovenia","cat":"natural"}},{"type":"Feature","geometry":{"type":"Point","coordinates":[29.7167,-1.05]},"properties":{"name":"Bwindi Impenetrable National Park","country":"Uganda","cat":"natural"}},{"type":"Feature","geometry":{"type":"Point","coordinates":[-3.5906,8.8225]},"properties":{"name":"Comoé National Park","country":"Ivory Coast","cat":"natural"}},{"type":"Feature","geometry":{"type":"Point","coordinates":[140.1986,40.4503]},"properties":{"name":"Shirakami-Sanchi","country":"Japan","cat":"natural"}},{"type":"Feature","geometry":{"type":"Point","coordinates":[30.0439,29.2708]},"properties":{"name":"Wadi Al-Hitan","country":"Egypt","cat":"natural"}},{"type":"Feature","geometry":{"type":"Point","coordinates":[40.0167,-3.3092]},"properties":{"name":"Ruins of Gedi","country":"Kenya","cat":"cultural"}},{"type":"Feature","geometry":{"type":"Point","coordinates":[25.9881,43.6956]},"properties":{"name":"Rock-hewn Churches of Ivanovo","country":"Bulgaria","cat":"cultural"}},{"type":"Feature","geometry":{"type":"Point","coordinates":[-0.0444,16.2897]},"properties":{"name":"Tomb of Askia","country":"Mali","cat":"cultural"}},{"type":"Feature","geometry":{"type":"Point","coordinates":[21.5,8.5]},"properties":{"name":"Manovo-Gounda St. Floris National Park","country":"Central African Republic","cat":"natural"}},{"type":"Feature","geometry":{"type":"Point","coordinates":[38.0667,13.1833]},"properties":{"name":"Simien Mountains National Park","country":"Ethiopia","cat":"natural"}},{"type":"Feature","geometry":{"type":"Point","coordinates":[14.3346,37.3647]},"properties":{"name":"Villa Romana del Casale","country":"Italy","cat":"cultural"}},{"type":"Feature","geometry":{"type":"Point","coordinates":[90.9333,26.7167]},"properties":{"name":"Manas National Park","country":"India","cat":"natural"}},{"type":"Feature","geometry":{"type":"Point","coordinates":[1.0667,10.1]},"properties":{"name":"Koutammakou","country":"Togo","cat":"cultural"}},{"type":"Feature","geometry":{"type":"Point","coordinates":[75.825,26.9247]},"properties":{"name":"Jantar Mantar","country":"India","cat":"cultural"}},{"type":"Feature","geometry":{"type":"Point","coordinates":[9.0222,46.1928]},"properties":{"name":"Three Castles of Bellinzona","country":"Switzerland","cat":"cultural"}},{"type":"Feature","geometry":{"type":"Point","coordinates":[-1.1072,40.3439]},"properties":{"name":"Teruel Cathedral","country":"Spain","cat":"cultural"}},{"type":"Feature","geometry":{"type":"Point","coordinates":[88.75,21.75]},"properties":{"name":"Sundarbans National Park","country":"India","cat":"natural"}},{"type":"Feature","geometry":{"type":"Point","coordinates":[60.3595,41.3777]},"properties":{"name":"Itchan Kala","country":"Uzbekistan","cat":"cultural"}},{"type":"Feature","geometry":{"type":"Point","coordinates":[-16.1089,20.2347]},"properties":{"name":"Banc d'Arguin National Park","country":"Mauritania","cat":"natural"}},{"type":"Feature","geometry":{"type":"Point","coordinates":[-1.5814,54.1097]},"properties":{"name":"Fountains Abbey","country":"United Kingdom","cat":"cultural"}},{"type":"Feature","geometry":{"type":"Point","coordinates":[31.9786,39.6501]},"properties":{"name":"Gordion","country":"Turkey","cat":"cultural"}},{"type":"Feature","geometry":{"type":"Point","coordinates":[100.5583,14.3586]},"properties":{"name":"Phra Ratchawang Boran","country":"Thailand","cat":"cultural"}},{"type":"Feature","geometry":{"type":"Point","coordinates":[77.1851,28.5247]},"properties":{"name":"iron pillar of Delhi","country":"India","cat":"cultural"}},{"type":"Feature","geometry":{"type":"Point","coordinates":[43.5728,40.5075]},"properties":{"name":"Ani","country":"Turkey","cat":"cultural"}},{"type":"Feature","geometry":{"type":"Point","coordinates":[20.6667,18.9833]},"properties":{"name":"Lakes of Ounianga","country":"Chad","cat":"natural"}},{"type":"Feature","geometry":{"type":"Point","coordinates":[-112.9161,27.6556]},"properties":{"name":"Rock Paintings of Sierra de San Francisco","country":"Mexico","cat":"cultural"}},{"type":"Feature","geometry":{"type":"Point","coordinates":[-7.1167,41.0333]},"properties":{"name":"Prehistoric Rock Art Sites in the Côa Valley","country":"Portugal","cat":"cultural"}},{"type":"Feature","geometry":{"type":"Point","coordinates":[-8.5025,33.2566]},"properties":{"name":"Mazagan","country":"Morocco","cat":"cultural"}},{"type":"Feature","geometry":{"type":"Point","coordinates":[-4.1325,40.9525]},"properties":{"name":"Royal Alcázar of Segovia","country":"Spain","cat":"cultural"}},{"type":"Feature","geometry":{"type":"Point","coordinates":[-16.4986,13.8353]},"properties":{"name":"Saloum Delta","country":"Senegal","cat":"cultural"}},{"type":"Feature","geometry":{"type":"Point","coordinates":[-87.7917,19.3833]},"properties":{"name":"Sian Ka'an","country":"Mexico","cat":"natural"}},{"type":"Feature","geometry":{"type":"Point","coordinates":[127.1842,37.478]},"properties":{"name":"Namhansanseong","country":"South Korea","cat":"cultural"}},{"type":"Feature","geometry":{"type":"Point","coordinates":[49.7025,-14.4597]},"properties":{"name":"Rainforests of the Atsinanana","country":"Madagascar","cat":"natural"}},{"type":"Feature","geometry":{"type":"Point","coordinates":[66.8333,39.05]},"properties":{"name":"Shahrisabz","country":"Uzbekistan","cat":"cultural"}},{"type":"Feature","geometry":{"type":"Point","coordinates":[-69.7944,-20.2083]},"properties":{"name":"Humberstone and Santa Laura Saltpeter Works","country":"Chile","cat":"cultural"}},{"type":"Feature","geometry":{"type":"Point","coordinates":[55.7375,-4.3292]},"properties":{"name":"Vallée de Mai","country":"Seychelles","cat":"natural"}},{"type":"Feature","geometry":{"type":"Point","coordinates":[11.3042,43.8578]},"properties":{"name":"Medici Villas and Gardens in Tuscany","country":"Italy","cat":"cultural"}},{"type":"Feature","geometry":{"type":"Point","coordinates":[98.4064,27.895]},"properties":{"name":"Three Parallel Rivers National Park","country":"People's Republic of China","cat":"natural"}},{"type":"Feature","geometry":{"type":"Point","coordinates":[167.32,-45.036]},"properties":{"name":"Te Wahipounamu","country":"New Zealand","cat":"natural"}},{"type":"Feature","geometry":{"type":"Point","coordinates":[-2.9899,50.7056]},"properties":{"name":"Jurassic Coast","country":"United Kingdom","cat":"natural"}},{"type":"Feature","geometry":{"type":"Point","coordinates":[38.1216,39.3712]},"properties":{"name":"Divriği Great Mosque and Hospital","country":"Turkey","cat":"cultural"}},{"type":"Feature","geometry":{"type":"Point","coordinates":[103.3583,17.5486]},"properties":{"name":"Ban Chiang","country":"Thailand","cat":"cultural"}},{"type":"Feature","geometry":{"type":"Point","coordinates":[-1.8253,51.1789]},"properties":{"name":"Stonehenge, Avebury and Associated Sites","country":"United Kingdom","cat":"cultural"}},{"type":"Feature","geometry":{"type":"Point","coordinates":[-0.3783,39.4744]},"properties":{"name":"Llotja de la Seda","country":"Spain","cat":"cultural"}},{"type":"Feature","geometry":{"type":"Point","coordinates":[-70.3825,-34.085]},"properties":{"name":"Sewell","country":"Chile","cat":"cultural"}},{"type":"Feature","geometry":{"type":"Point","coordinates":[16.189,51.0539]},"properties":{"name":"Churches of Peace","country":"Poland","cat":"cultural"}},{"type":"Feature","geometry":{"type":"Point","coordinates":[-8.9786,39.5486]},"properties":{"name":"Alcobaça Monastery","country":"Portugal","cat":"cultural"}},{"type":"Feature","geometry":{"type":"Point","coordinates":[60.15,65.0667]},"properties":{"name":"Virgin Komi Forests","country":"Russia","cat":"natural"}},{"type":"Feature","geometry":{"type":"Point","coordinates":[4.3982,51.2183]},"properties":{"name":"Museum Plantin-Moretus","country":"Belgium","cat":"cultural"}},{"type":"Feature","geometry":{"type":"Point","coordinates":[11.8807,45.3995]},"properties":{"name":"Padova botanical garden","country":"Italy","cat":"cultural"}},{"type":"Feature","geometry":{"type":"Point","coordinates":[-9.3264,38.9369]},"properties":{"name":"Palace of Mafra","country":"Portugal","cat":"cultural"}},{"type":"Feature","geometry":{"type":"Point","coordinates":[5.5438,53.1874]},"properties":{"name":"Eise Eisinga Planetarium","country":"Netherlands","cat":"cultural"}},{"type":"Feature","geometry":{"type":"Point","coordinates":[49.1072,55.7974]},"properties":{"name":"Qazan Kremlin","country":"Russia","cat":"cultural"}},{"type":"Feature","geometry":{"type":"Point","coordinates":[-140.992,61.1975]},"properties":{"name":"Kluane / Wrangell – St. Elias / Glacier Bay / Tatshenshini-Alsek","country":"Canada","cat":"natural"}},{"type":"Feature","geometry":{"type":"Point","coordinates":[103.0,30.8333]},"properties":{"name":"Sichuan Giant Panda Sanctuaries","country":"People's Republic of China","cat":"natural"}},{"type":"Feature","geometry":{"type":"Point","coordinates":[-66.3694,48.1106]},"properties":{"name":"Miguasha National Park","country":"Canada","cat":"natural"}},{"type":"Feature","geometry":{"type":"Point","coordinates":[15.6308,60.6047]},"properties":{"name":"Falun Mine","country":"Sweden","cat":"cultural"}},{"type":"Feature","geometry":{"type":"Point","coordinates":[-75.3914,20.03]},"properties":{"name":"Archaeological Landscape of the First Coffee Plantations in the South-East of Cuba","country":"Cuba","cat":"cultural"}},{"type":"Feature","geometry":{"type":"Point","coordinates":[13.59,37.2897]},"properties":{"name":"Valle dei Templi","country":"Italy","cat":"cultural"}},{"type":"Feature","geometry":{"type":"Point","coordinates":[8.7567,49.9175]},"properties":{"name":"Messel pit","country":"Germany","cat":"natural"}},{"type":"Feature","geometry":{"type":"Point","coordinates":[-61.0704,13.8071]},"properties":{"name":"Pitons","country":"Saint Lucia","cat":"natural"}},{"type":"Feature","geometry":{"type":"Point","coordinates":[39.0404,12.0294]},"properties":{"name":"Monolithic churches in Lalibela","country":"Ethiopia","cat":"cultural"}},{"type":"Feature","geometry":{"type":"Point","coordinates":[149.6,-29.6]},"properties":{"name":"Gondwana Rainforests of Australia","country":"Australia","cat":"natural"}},{"type":"Feature","geometry":{"type":"Point","coordinates":[13.5936,45.2286]},"properties":{"name":"Euphrasian Basilica","country":"Croatia","cat":"cultural"}},{"type":"Feature","geometry":{"type":"Point","coordinates":[1.0825,41.3808]},"properties":{"name":"Poblet Monastery","country":"Spain","cat":"cultural"}},{"type":"Feature","geometry":{"type":"Point","coordinates":[-1.556,53.108]},"properties":{"name":"Derwent Valley Mills","country":"United Kingdom","cat":"cultural"}},{"type":"Feature","geometry":{"type":"Point","coordinates":[-43.1333,-2.4833]},"properties":{"name":"Lençóis Maranhenses National Park","country":"Brazil","cat":"natural"}},{"type":"Feature","geometry":{"type":"Point","coordinates":[-2.4728,52.6264]},"properties":{"name":"Ironbridge Gorge","country":"United Kingdom","cat":"cultural"}},{"type":"Feature","geometry":{"type":"Point","coordinates":[-54.953,5.4133]},"properties":{"name":"Jodensavanne","country":"Suriname","cat":"cultural"}},{"type":"Feature","geometry":{"type":"Point","coordinates":[72.9314,18.9633]},"properties":{"name":"Elephanta Caves","country":"India","cat":"cultural"}},{"type":"Feature","geometry":{"type":"Point","coordinates":[-7.5442,41.2114]},"properties":{"name":"Alto Douro Wine Region","country":"Portugal","cat":"cultural"}},{"type":"Feature","geometry":{"type":"Point","coordinates":[26.7663,43.745]},"properties":{"name":"Thracian Tomb of Sveshtari","country":"Bulgaria","cat":"cultural"}},{"type":"Feature","geometry":{"type":"Point","coordinates":[-3.3167,14.4167]},"properties":{"name":"Bandiagara Escarpment","country":"Mali","cat":"mixed"}},{"type":"Feature","geometry":{"type":"Point","coordinates":[-60.8467,-14.2303]},"properties":{"name":"Noel Kempff Mercado National Park","country":"Bolivia","cat":"natural"}},{"type":"Feature","geometry":{"type":"Point","coordinates":[22.9,-19.4]},"properties":{"name":"Okavango Delta","country":"Botswana","cat":"natural"}},{"type":"Feature","geometry":{"type":"Point","coordinates":[105.7069,29.7133]},"properties":{"name":"Dazu Rock Carvings","country":"People's Republic of China","cat":"cultural"}},{"type":"Feature","geometry":{"type":"Point","coordinates":[23.4878,41.6722]},"properties":{"name":"Pirin National Park","country":"Bulgaria","cat":"natural"}},{"type":"Feature","geometry":{"type":"Point","coordinates":[19.9369,50.0621]},"properties":{"name":"Kraków Old Town","country":"Poland","cat":"cultural"}},{"type":"Feature","geometry":{"type":"Point","coordinates":[3.0603,36.7833]},"properties":{"name":"Casbah of Algiers","country":"Algeria","cat":"cultural"}},{"type":"Feature","geometry":{"type":"Point","coordinates":[-8.6109,41.1407]},"properties":{"name":"Alminhas da Ponte","country":"Portugal","cat":"cultural"}},{"type":"Feature","geometry":{"type":"Point","coordinates":[4.3561,43.8382]},"properties":{"name":"Maison Carrée","country":"France","cat":"cultural"}},{"type":"Feature","geometry":{"type":"Point","coordinates":[3.9826,50.42]},"properties":{"name":"Neolithic flint mines of Spiennes","country":"Belgium","cat":"cultural"}},{"type":"Feature","geometry":{"type":"Point","coordinates":[9.0621,47.6987]},"properties":{"name":"Abbey of Reichenau","country":"Germany","cat":"cultural"}},{"type":"Feature","geometry":{"type":"Point","coordinates":[128.5461,-17.4488]},"properties":{"name":"Purnululu National Park","country":"Australia","cat":"natural"}},{"type":"Feature","geometry":{"type":"Point","coordinates":[-12.7222,13.0742]},"properties":{"name":"Niokolo-Koba National Park","country":"Senegal","cat":"natural"}},{"type":"Feature","geometry":{"type":"Point","coordinates":[42.7681,42.2947]},"properties":{"name":"Gelati Monastery","country":"Georgia","cat":"cultural"}},{"type":"Feature","geometry":{"type":"Point","coordinates":[59.3699,22.7]},"properties":{"name":"Qalhat","country":"Oman","cat":"cultural"}},{"type":"Feature","geometry":{"type":"Point","coordinates":[-113.625,49.7494]},"properties":{"name":"Head-Smashed-In Buffalo Jump","country":"Canada","cat":"cultural"}},{"type":"Feature","geometry":{"type":"Point","coordinates":[-76.8414,17.9375]},"properties":{"name":"Port Royal","country":"Jamaica","cat":"cultural"}},{"type":"Feature","geometry":{"type":"Point","coordinates":[9.8126,51.9837]},"properties":{"name":"Fagus Factory","country":"Germany","cat":"cultural"}},{"type":"Feature","geometry":{"type":"Point","coordinates":[7.4503,46.9481]},"properties":{"name":"Old City of Bern","country":"Switzerland","cat":"cultural"}},{"type":"Feature","geometry":{"type":"Point","coordinates":[6.7461,46.4919]},"properties":{"name":"Lavaux","country":"Switzerland","cat":"cultural"}},{"type":"Feature","geometry":{"type":"Point","coordinates":[9.4867,54.4775]},"properties":{"name":"Danevirke","country":"Germany","cat":"cultural"}},{"type":"Feature","geometry":{"type":"Point","coordinates":[79.1325,10.7831]},"properties":{"name":"Great Living Chola Temples","country":"India","cat":"cultural"}},{"type":"Feature","geometry":{"type":"Point","coordinates":[48.5162,34.8065]},"properties":{"name":"Ecbatana","country":"Iran","cat":"cultural"}},{"type":"Feature","geometry":{"type":"Point","coordinates":[-6.759,42.4587]},"properties":{"name":"Las Médulas","country":"Spain","cat":"cultural"}},{"type":"Feature","geometry":{"type":"Point","coordinates":[94.86,21.1725]},"properties":{"name":"Bagan","country":"Myanmar","cat":"cultural"}},{"type":"Feature","geometry":{"type":"Point","coordinates":[120.2239,30.2614]},"properties":{"name":"Grand Canal","country":"People's Republic of China","cat":"cultural"}},{"type":"Feature","geometry":{"type":"Point","coordinates":[9.2203,36.4233]},"properties":{"name":"Dougga","country":"Tunisia","cat":"cultural"}},{"type":"Feature","geometry":{"type":"Point","coordinates":[-62.5072,-16.2748]},"properties":{"name":"Jesuit Missions of Chiquitos","country":"Bolivia","cat":"cultural"}},{"type":"Feature","geometry":{"type":"Point","coordinates":[-65.7533,-19.5892]},"properties":{"name":"Potosí","country":"Bolivia","cat":"cultural"}},{"type":"Feature","geometry":{"type":"Point","coordinates":[118.1667,30.125]},"properties":{"name":"Huangshan","country":"People's Republic of China","cat":"mixed"}},{"type":"Feature","geometry":{"type":"Point","coordinates":[108.3327,15.8777]},"properties":{"name":"Hội An","country":"Vietnam","cat":"cultural"}},{"type":"Feature","geometry":{"type":"Point","coordinates":[-90.55,-0.6667]},"properties":{"name":"Galapagos Islands","country":"Ecuador","cat":"natural"}},{"type":"Feature","geometry":{"type":"Point","coordinates":[21.63,37.6383]},"properties":{"name":"Olympia","country":"Greece","cat":"cultural"}},{"type":"Feature","geometry":{"type":"Point","coordinates":[-1.8261,51.1789]},"properties":{"name":"Stonehenge","country":"United Kingdom","cat":"cultural"}},{"type":"Feature","geometry":{"type":"Point","coordinates":[35.4199,29.5765]},"properties":{"name":"Wadi Rum","country":"Jordan","cat":"mixed"}},{"type":"Feature","geometry":{"type":"Point","coordinates":[58.3685,29.1169]},"properties":{"name":"Bam Citadel","country":"Iran","cat":"cultural"}},{"type":"Feature","geometry":{"type":"Point","coordinates":[10.6386,35.8278]},"properties":{"name":"Medina of Sousse","country":"Tunisia","cat":"cultural"}},{"type":"Feature","geometry":{"type":"Point","coordinates":[135.7764,33.8369]},"properties":{"name":"Sacred Sites and Pilgrimage Routes in the Kii Mountain Range","country":"Japan","cat":"cultural"}},{"type":"Feature","geometry":{"type":"Point","coordinates":[16.6386,43.1817]},"properties":{"name":"Stari Grad Plain","country":"Croatia","cat":"cultural"}},{"type":"Feature","geometry":{"type":"Point","coordinates":[30.3156,59.9389]},"properties":{"name":"Historic Centre of Saint Petersburg and Related Groups of Monuments","country":"Russia","cat":"cultural"}},{"type":"Feature","geometry":{"type":"Point","coordinates":[8.0333,46.5]},"properties":{"name":"Jungfrau-Aletsch protected area","country":"Switzerland","cat":"natural"}},{"type":"Feature","geometry":{"type":"Point","coordinates":[-112.122,36.0553]},"properties":{"name":"Grand Canyon National Park","country":"United States","cat":"natural"}},{"type":"Feature","geometry":{"type":"Point","coordinates":[37.6708,55.6672]},"properties":{"name":"Church of the Ascension, Kolomenskoye","country":"Russia","cat":"cultural"}},{"type":"Feature","geometry":{"type":"Point","coordinates":[-70.6667,-47.15]},"properties":{"name":"Cueva de las Manos","country":"Argentina","cat":"cultural"}},{"type":"Feature","geometry":{"type":"Point","coordinates":[29.5,-0.5]},"properties":{"name":"Virunga National Park","country":"Democratic Republic of the Congo","cat":"natural"}},{"type":"Feature","geometry":{"type":"Point","coordinates":[53.1794,30.2]},"properties":{"name":"Pasargadae","country":"Iran","cat":"cultural"}},{"type":"Feature","geometry":{"type":"Point","coordinates":[132.4536,34.3956]},"properties":{"name":"Hiroshima Peace Memorial","country":"Japan","cat":"cultural"}},{"type":"Feature","geometry":{"type":"Point","coordinates":[120.3869,17.5747]},"properties":{"country":"Philippines","cat":"cultural"}},{"type":"Feature","geometry":{"type":"Point","coordinates":[77.5167,27.1667]},"properties":{"name":"Kevladev National Park","country":"India","cat":"natural"}},{"type":"Feature","geometry":{"type":"Point","coordinates":[72.8355,18.9398]},"properties":{"name":"Chhatrapati Shivaji Maharaj Terminus","country":"India","cat":"cultural"}},{"type":"Feature","geometry":{"type":"Point","coordinates":[-108.4944,37.2604]},"properties":{"name":"Mesa Verde National Park","country":"United States","cat":"cultural"}},{"type":"Feature","geometry":{"type":"Point","coordinates":[4.4162,50.8351]},"properties":{"name":"Stoclet Palace","country":"Belgium","cat":"cultural"}},{"type":"Feature","geometry":{"type":"Point","coordinates":[21.7752,61.1177]},"properties":{"name":"Sammallahdenmäki","country":"Finland","cat":"cultural"}},{"type":"Feature","geometry":{"type":"Point","coordinates":[-131.2175,52.0989]},"properties":{"name":"Ninstints","country":"Canada","cat":"cultural"}},{"type":"Feature","geometry":{"type":"Point","coordinates":[-33.8019,-3.8664]},"properties":{"name":"Rocas Atoll","country":"Brazil","cat":"natural"}},{"type":"Feature","geometry":{"type":"Point","coordinates":[51.3983,35.6583]},"properties":{"name":"Trans-Iranian Railway","country":"Iran","cat":"cultural"}},{"type":"Feature","geometry":{"type":"Point","coordinates":[-8.5875,57.815]},"properties":{"name":"St Kilda","country":"United Kingdom","cat":"mixed"}},{"type":"Feature","geometry":{"type":"Point","coordinates":[43.8857,34.1959]},"properties":{"name":"Samarra","country":"Iraq","cat":"cultural"}},{"type":"Feature","geometry":{"type":"Point","coordinates":[78.0213,27.1796]},"properties":{"name":"Agra Fort","country":"India","cat":"cultural"}},{"type":"Feature","geometry":{"type":"Point","coordinates":[16.55,56.4667]},"properties":{"name":"Southern Öland cultural landscape","country":"Sweden","cat":"cultural"}},{"type":"Feature","geometry":{"type":"Point","coordinates":[67.5667,39.5167]},"properties":{"name":"Sarazm","country":"Tajikistan","cat":"cultural"}},{"type":"Feature","geometry":{"type":"Point","coordinates":[80.8021,7.4524]},"properties":{"name":"Central Highlands of Sri Lanka","country":"Sri Lanka","cat":"natural"}},{"type":"Feature","geometry":{"type":"Point","coordinates":[98.9167,15.3333]},"properties":{"name":"Thungyai Naresuan Wildlife Sanctuary","country":"Thailand","cat":"natural"}},{"type":"Feature","geometry":{"type":"Point","coordinates":[23.1878,69.9469]},"properties":{"name":"Rock carvings at Alta","country":"Norway","cat":"cultural"}},{"type":"Feature","geometry":{"type":"Point","coordinates":[25.1839,62.2501]},"properties":{"name":"Petäjävesi Old Church","country":"Finland","cat":"cultural"}},{"type":"Feature","geometry":{"type":"Point","coordinates":[25.2833,54.6833]},"properties":{"name":"Vilnius Old Town","country":"Lithuania","cat":"cultural"}},{"type":"Feature","geometry":{"type":"Point","coordinates":[9.4,51.3167]},"properties":{"name":"Bergpark Wilhelmshöhe","country":"Germany","cat":"cultural"}},{"type":"Feature","geometry":{"type":"Point","coordinates":[13.059,52.4187]},"properties":{"name":"Belvedere on the Pfingstberg","country":"Germany","cat":"cultural"}},{"type":"Feature","geometry":{"type":"Point","coordinates":[28.5,2.0]},"properties":{"name":"Okapi Wildlife Reserve","country":"Democratic Republic of the Congo","cat":"natural"}},{"type":"Feature","geometry":{"type":"Point","coordinates":[28.7587,-2.3148]},"properties":{"name":"Kahuzi-Biéga National Park","country":"Democratic Republic of the Congo","cat":"natural"}},{"type":"Feature","geometry":{"type":"Point","coordinates":[5.7367,36.3206]},"properties":{"name":"Djemila","country":"Algeria","cat":"cultural"}},{"type":"Feature","geometry":{"type":"Point","coordinates":[16.6158,49.2072]},"properties":{"name":"Villa Tugendhat","country":"Czech Republic","cat":"cultural"}},{"type":"Feature","geometry":{"type":"Point","coordinates":[79.6175,30.73]},"properties":{"name":"Valley of Flowers National Park","country":"India","cat":"natural"}},{"type":"Feature","geometry":{"type":"Point","coordinates":[55.169,37.2581]},"properties":{"name":"Gonbad-e Qabus","country":"Iran","cat":"cultural"}},{"type":"Feature","geometry":{"type":"Point","coordinates":[20.4953,48.4718]},"properties":{"name":"Caves of Aggtelek Karst and Slovak Karst","country":"Hungary","cat":"natural"}},{"type":"Feature","geometry":{"type":"Point","coordinates":[89.7585,22.661]},"properties":{"name":"Mosque City of Bagerhat","country":"Bangladesh","cat":"cultural"}},{"type":"Feature","geometry":{"type":"Point","coordinates":[13.0933,52.4076]},"properties":{"name":"Babelsberg Palace","country":"Germany","cat":"cultural"}},{"type":"Feature","geometry":{"type":"Point","coordinates":[38.3611,38.3819]},"properties":{"name":"Arslantepe","country":"Turkey","cat":"cultural"}},{"type":"Feature","geometry":{"type":"Point","coordinates":[-16.6181,28.2647]},"properties":{"name":"Teide National Park","country":"Spain","cat":"natural"}},{"type":"Feature","geometry":{"type":"Point","coordinates":[116.975,24.6587]},"properties":{"name":"Fujian Tulou sites","country":"People's Republic of China","cat":"cultural"}},{"type":"Feature","geometry":{"type":"Point","coordinates":[3.6814,32.4872]},"properties":{"name":"M'zab","country":"Algeria","cat":"cultural"}},{"type":"Feature","geometry":{"type":"Point","coordinates":[24.7453,59.4372]},"properties":{"name":"Tallinn Old Town","country":"Estonia","cat":"cultural"}},{"type":"Feature","geometry":{"type":"Point","coordinates":[9.5361,45.5967]},"properties":{"name":"Crespi d'Adda","country":"Italy","cat":"cultural"}},{"type":"Feature","geometry":{"type":"Point","coordinates":[23.3119,45.6231]},"properties":{"name":"Dacian Fortresses of the Orăștie Mountains","country":"Romania","cat":"cultural"}},{"type":"Feature","geometry":{"type":"Point","coordinates":[-77.1785,-9.5928]},"properties":{"name":"Chavin de Huantar","country":"Peru","cat":"cultural"}},{"type":"Feature","geometry":{"type":"Point","coordinates":[22.9478,40.6386]},"properties":{"name":"Paleochristian and Byzantine monuments of Thessaloniki","country":"Greece","cat":"cultural"}},{"type":"Feature","geometry":{"type":"Point","coordinates":[24.0069,45.1686]},"properties":{"name":"Horezu monastery","country":"Romania","cat":"cultural"}},{"type":"Feature","geometry":{"type":"Point","coordinates":[-16.2741,16.3585]},"properties":{"name":"Djoudj National Bird Sanctuary","country":"Senegal","cat":"natural"}},{"type":"Feature","geometry":{"type":"Point","coordinates":[16.775,48.7758]},"properties":{"name":"Lednice-Valtice Cultural Landscape","country":"Czech Republic","cat":"cultural"}},{"type":"Feature","geometry":{"type":"Point","coordinates":[-8.4193,39.6036]},"properties":{"name":"Convent of Christ","country":"Portugal","cat":"cultural"}},{"type":"Feature","geometry":{"type":"Point","coordinates":[0.8636,46.5661]},"properties":{"name":"Saint-Savin","country":"France","cat":"cultural"}},{"type":"Feature","geometry":{"type":"Point","coordinates":[50.5206,26.2336]},"properties":{"name":"Qal’at al Bahrain","country":"Bahrain","cat":"cultural"}},{"type":"Feature","geometry":{"type":"Point","coordinates":[-74.425,9.2394]},"properties":{"name":"Santa Cruz de Mompós","country":"Colombia","cat":"cultural"}},{"type":"Feature","geometry":{"type":"Point","coordinates":[-81.79,7.48]},"properties":{"name":"Coiba","country":"Panama","cat":"natural"}},{"type":"Feature","geometry":{"type":"Point","coordinates":[-54.4333,-25.6833]},"properties":{"name":"Iguaçu National Park","country":"Brazil","cat":"natural"}},{"type":"Feature","geometry":{"type":"Point","coordinates":[17.2505,49.594]},"properties":{"name":"Holy Trinity Column in Olomouc","country":"Czech Republic","cat":"cultural"}},{"type":"Feature","geometry":{"type":"Point","coordinates":[-3.7814,55.6636]},"properties":{"name":"New Lanark","country":"United Kingdom","cat":"cultural"}},{"type":"Feature","geometry":{"type":"Point","coordinates":[-3.7045,42.3408]},"properties":{"name":"Burgos Cathedral","country":"Spain","cat":"cultural"}},{"type":"Feature","geometry":{"type":"Point","coordinates":[12.7961,41.9625]},"properties":{"name":"Villa d'Este","country":"Italy","cat":"cultural"}},{"type":"Feature","geometry":{"type":"Point","coordinates":[143.1014,-33.6181]},"properties":{"name":"Willandra Lakes Region","country":"Australia","cat":"mixed"}},{"type":"Feature","geometry":{"type":"Point","coordinates":[72.7833,40.5294]},"properties":{"name":"Sulaiman-Too","country":"Kyrgyzstan","cat":"cultural"}},{"type":"Feature","geometry":{"type":"Point","coordinates":[10.3948,43.7234]},"properties":{"name":"Piazza del Duomo, Pisa","country":"Italy","cat":"cultural"}},{"type":"Feature","geometry":{"type":"Point","coordinates":[-5.3275,39.4528]},"properties":{"name":"Royal Monastery of Saint Mary of Guadalupe","country":"Spain","cat":"cultural"}},{"type":"Feature","geometry":{"type":"Point","coordinates":[3.5148,50.6353]},"properties":{"name":"Belfries of Belgium and France","country":"Belgium","cat":"cultural"}},{"type":"Feature","geometry":{"type":"Point","coordinates":[-99.4639,21.2039]},"properties":{"name":"Franciscan Missions in the Sierra Gorda","country":"Mexico","cat":"cultural"}},{"type":"Feature","geometry":{"type":"Point","coordinates":[86.0946,19.8874]},"properties":{"name":"Konark Sun Temple","country":"India","cat":"cultural"}},{"type":"Feature","geometry":{"type":"Point","coordinates":[-84.73,15.25]},"properties":{"name":"Río Plátano Biosphere Reserve","country":"Honduras","cat":"natural"}},{"type":"Feature","geometry":{"type":"Point","coordinates":[15.9419,49.58]},"properties":{"name":"Pilgrimage Church of Saint John of Nepomuk","country":"Czech Republic","cat":"cultural"}},{"type":"Feature","geometry":{"type":"Point","coordinates":[9.1696,45.9746]},"properties":{"name":"Sacri Monti of Piedmont and Lombardy","country":"Italy","cat":"cultural"}},{"type":"Feature","geometry":{"type":"Point","coordinates":[14.2694,36.0492]},"properties":{"name":"Megalithic Temples of Malta","country":"Malta","cat":"cultural"}},{"type":"Feature","geometry":{"type":"Point","coordinates":[10.9253,44.6464]},"properties":{"name":"Modena Cathedral","country":"Italy","cat":"cultural"}},{"type":"Feature","geometry":{"type":"Point","coordinates":[-97.3782,20.4481]},"properties":{"name":"Tajín Veracruz","country":"Mexico","cat":"cultural"}},{"type":"Feature","geometry":{"type":"Point","coordinates":[14.3726,-20.5956]},"properties":{"name":"Twyfelfontein","country":"Namibia","cat":"cultural"}},{"type":"Feature","geometry":{"type":"Point","coordinates":[49.8333,40.3667]},"properties":{"name":"Walled City of Baku with the Shirvanshahs' Palace and Maiden Tower","country":"Azerbaijan","cat":"cultural"}},{"type":"Feature","geometry":{"type":"Point","coordinates":[-58.3317,-33.1178]},"properties":{"name":"Fray Bentos Industrial Landscape","country":"Uruguay","cat":"cultural"}},{"type":"Feature","geometry":{"type":"Point","coordinates":[11.8039,51.1547]},"properties":{"name":"Naumburg Cathedral and the High Medieval Cultural Landscape of the Rivers Saale and Unstrut","country":"Germany","cat":"cultural"}},{"type":"Feature","geometry":{"type":"Point","coordinates":[9.6636,45.7033]},"properties":{"name":"The Venetian Works of defence between 15th and 17th centuries","country":"Italy","cat":"cultural"}},{"type":"Feature","geometry":{"type":"Point","coordinates":[-45.5981,61.1644]},"properties":{"name":"Kujataa","country":"Greenland","cat":"cultural"}},{"type":"Feature","geometry":{"type":"Point","coordinates":[54.3696,31.9006]},"properties":{"name":"Heritage district of Yazd","country":"Iran","cat":"cultural"}},{"type":"Feature","geometry":{"type":"Point","coordinates":[20.3746,-25.6876]},"properties":{"name":"Khomani Cultural Landscape","country":"South Africa","cat":"cultural"}},{"type":"Feature","geometry":{"type":"Point","coordinates":[35.1083,31.5253]},"properties":{"name":"Old City of Hebron","country":"Palestine","cat":"cultural"}},{"type":"Feature","geometry":{"type":"Point","coordinates":[99.4002,12.8657]},"properties":{"name":"Kaeng Krachan Forest Complex","country":"Thailand","cat":"natural"}},{"type":"Feature","geometry":{"type":"Point","coordinates":[113.6047,-25.929]},"properties":{"name":"Shark Bay","country":"Australia","cat":"natural"}},{"type":"Feature","geometry":{"type":"Point","coordinates":[21.9004,37.4297]},"properties":{"name":"Temple of Apollo Epicurius in Bassae","country":"Greece","cat":"cultural"}},{"type":"Feature","geometry":{"type":"Point","coordinates":[19.9219,39.6247]},"properties":{"name":"Old town of Corfu","country":"Greece","cat":"cultural"}},{"type":"Feature","geometry":{"type":"Point","coordinates":[-6.4147,43.335]},"properties":{"name":"Routes of Santiago de Compostela: Camino Francés and Routes of Northern Spain","country":"Spain","cat":"cultural"}},{"type":"Feature","geometry":{"type":"Point","coordinates":[-6.6611,40.6975]},"properties":{"name":"Prehistoric Rock-Art Site of the Côa Valley and Siega Verde","country":"Spain","cat":"cultural"}},{"type":"Feature","geometry":{"type":"Point","coordinates":[89.5167,22.0333]},"properties":{"name":"Sundarbans Reserved Forest","country":"Bangladesh","cat":"natural"}},{"type":"Feature","geometry":{"type":"Point","coordinates":[118.4442,24.7103]},"properties":{"name":"Quanzhou: Emporium of the World in Song-Yuan China","country":"People's Republic of China","cat":"cultural"}},{"type":"Feature","geometry":{"type":"Point","coordinates":[11.4189,53.6242]},"properties":{"name":"Residence Ensemble Schwerin","country":"Germany","cat":"cultural"}},{"type":"Feature","geometry":{"type":"Point","coordinates":[43.0114,42.9164]},"properties":{"name":"Upper Svaneti","country":"Georgia","cat":"cultural"}},{"type":"Feature","geometry":{"type":"Point","coordinates":[49.0564,54.9789]},"properties":{"name":"Bolgar Historical and Archaeological Complex","country":"Russia","cat":"cultural"}},{"type":"Feature","geometry":{"type":"Point","coordinates":[-3.3631,40.4829]},"properties":{"name":"University and Historic Precinct of Alcalá de Henares","country":"Spain","cat":"cultural"}},{"type":"Feature","geometry":{"type":"Point","coordinates":[7.9896,16.9744]},"properties":{"name":"Historic Center of Agadez","country":"Niger","cat":"cultural"}},{"type":"Feature","geometry":{"type":"Point","coordinates":[23.1306,46.3061]},"properties":{"name":"Roșia Montană Mining Landscape","country":"Romania","cat":"cultural"}},{"type":"Feature","geometry":{"type":"Point","coordinates":[18.8512,50.4427]},"properties":{"name":"Tarnowskie Góry Lead-Silver-Zinc Mine and its Underground Water Management System","country":"Poland","cat":"cultural"}},{"type":"Feature","geometry":{"type":"Point","coordinates":[100.0145,22.2019]},"properties":{"name":"Cultural Landscape of Old Tea Forests of the Jingmai Mountain in Pu’er","country":"People's Republic of China","cat":"cultural"}},{"type":"Feature","geometry":{"type":"Point","coordinates":[14.725,51.55]},"properties":{"name":"Muskauer Park (Sachgesamtheit)","country":"Germany","cat":"cultural"}},{"type":"Feature","geometry":{"type":"Point","coordinates":[67.8268,34.832]},"properties":{"name":"Cultural Landscape and Archaeological Remains of the Bamiyan Valley","country":"Afghanistan","cat":"cultural"}},{"type":"Feature","geometry":{"type":"Point","coordinates":[40.8525,-2.2844]},"properties":{"name":"Lamu Old Town","country":"Kenya","cat":"cultural"}},{"type":"Feature","geometry":{"type":"Point","coordinates":[6.1325,49.6106]},"properties":{"name":"City of Luxembourg: its Old Quarters and Fortifications","country":"Luxembourg","cat":"cultural"}},{"type":"Feature","geometry":{"type":"Point","coordinates":[10.3308,36.8579]},"properties":{"name":"archaeological site of Carthage","country":"Tunisia","cat":"cultural"}},{"type":"Feature","geometry":{"type":"Point","coordinates":[8.9308,44.412]},"properties":{"name":"Via Cairoli","country":"Italy","cat":"cultural"}},{"type":"Feature","geometry":{"type":"Point","coordinates":[-8.293,41.44]},"properties":{"name":"Couros Zone","country":"Portugal","cat":"cultural"}},{"type":"Feature","geometry":{"type":"Point","coordinates":[-9.3264,38.9369]},"properties":{"name":"Royal Building of Mafra","country":"Portugal","cat":"cultural"}},{"type":"Feature","geometry":{"type":"Point","coordinates":[10.902,48.3655]},"properties":{"name":"Water Management System of Augsburg","country":"Germany","cat":"cultural"}},{"type":"Feature","geometry":{"type":"Point","coordinates":[-16.0833,11.25]},"properties":{"name":"Bijagos Archipelago Biosphere Reserve","country":"Guinea-Bissau","cat":"natural"}},{"type":"Feature","geometry":{"type":"Point","coordinates":[37.4831,5.25]},"properties":{"name":"Konso Cultural Landscape","country":"Ethiopia","cat":"cultural"}},{"type":"Feature","geometry":{"type":"Point","coordinates":[-123.9981,41.3739]},"properties":{"name":"Redwood National and State Parks","country":"United States","cat":"natural"}},{"type":"Feature","geometry":{"type":"Point","coordinates":[3.7483,47.4664]},"properties":{"name":"Vézelay, Church and Hill","country":"France","cat":"cultural"}},{"type":"Feature","geometry":{"type":"Point","coordinates":[32.4056,34.7583]},"properties":{"name":"Paphos","country":"Cyprus","cat":"cultural"}},{"type":"Feature","geometry":{"type":"Point","coordinates":[23.9292,54.8969]},"properties":{"name":"Modernist Kaunas: Architecture of Optimism, 1919-1939","country":"Lithuania","cat":"cultural"}},{"type":"Feature","geometry":{"type":"Point","coordinates":[14.5022,46.0433]},"properties":{"name":"The works of Jože Plečnik in Ljubljana – Human Centred Urban Design","country":"Slovenia","cat":"cultural"}},{"type":"Feature","geometry":{"type":"Point","coordinates":[10.3892,55.3919]},"properties":{"name":"Viking Age Ring Fortresses","country":"Denmark","cat":"cultural"}},{"type":"Feature","geometry":{"type":"Point","coordinates":[39.75,6.75]},"properties":{"name":"Bale Mountains National Park","country":"Ethiopia","cat":"natural"}},{"type":"Feature","geometry":{"type":"Point","coordinates":[122.2355,10.6419]},"properties":{"name":"Baroque Churches of the Philippines","country":"Philippines","cat":"cultural"}},{"type":"Feature","geometry":{"type":"Point","coordinates":[112.65,31.0167]},"properties":{"name":"Imperial Tombs of the Ming and Qing Dynasties","country":"People's Republic of China","cat":"cultural"}},{"type":"Feature","geometry":{"type":"Point","coordinates":[75.8146,15.9513]},"properties":{"name":"Pattadakal Group of Monuments","country":"India","cat":"cultural"}},{"type":"Feature","geometry":{"type":"Point","coordinates":[35.9197,31.4997]},"properties":{"name":"Umm ar-Rasas","country":"Jordan","cat":"cultural"}},{"type":"Feature","geometry":{"type":"Point","coordinates":[118.9167,10.1667]},"properties":{"name":"Puerto Princesa Subterranean River National Park","country":"Philippines","cat":"natural"}},{"type":"Feature","geometry":{"type":"Point","coordinates":[14.2667,48.9667]},"properties":{"name":"Holašovice","country":"Czech Republic","cat":"cultural"}},{"type":"Feature","geometry":{"type":"Point","coordinates":[-49.55,69.15]},"properties":{"name":"Ilulissat Icefjord","country":"Greenland","cat":"natural"}},{"type":"Feature","geometry":{"type":"Point","coordinates":[-113.9042,48.9961]},"properties":{"name":"Waterton-Glacier International Peace Park","country":"Canada","cat":"natural"}},{"type":"Feature","geometry":{"type":"Point","coordinates":[-71.8989,-42.8075]},"properties":{"name":"Los Alerces National Park","country":"Argentina","cat":"natural"}},{"type":"Feature","geometry":{"type":"Point","coordinates":[24.0558,47.8194]},"properties":{"name":"wooden churches of Maramureș","country":"Romania","cat":"cultural"}},{"type":"Feature","geometry":{"type":"Point","coordinates":[21.5132,61.1283]},"properties":{"name":"Old Rauma","country":"Finland","cat":"cultural"}},{"type":"Feature","geometry":{"type":"Point","coordinates":[11.9,65.6333]},"properties":{"name":"Vega Archipelago","country":"Norway","cat":"cultural"}},{"type":"Feature","geometry":{"type":"Point","coordinates":[30.5144,50.4528]},"properties":{"name":"Saint Sophia Cathedral","country":"Ukraine","cat":"cultural"}},{"type":"Feature","geometry":{"type":"Point","coordinates":[35.1281,32.7042]},"properties":{"name":"Beit She'arim National Park","country":"Israel","cat":"cultural"}},{"type":"Feature","geometry":{"type":"Point","coordinates":[34.2792,-14.2933]},"properties":{"name":"Chongoni Rock Art Area","country":"Malawi","cat":"cultural"}},{"type":"Feature","geometry":{"type":"Point","coordinates":[14.2628,40.8514]},"properties":{"name":"Historic Centre of Naples","country":"Italy","cat":"cultural"}},{"type":"Feature","geometry":{"type":"Point","coordinates":[2.7589,50.2825]},"properties":{"name":"Fortifications of Vauban","country":"France","cat":"cultural"}},{"type":"Feature","geometry":{"type":"Point","coordinates":[116.65,6.15]},"properties":{"name":"Kinabalu Park","country":"Malaysia","cat":"natural"}},{"type":"Feature","geometry":{"type":"Point","coordinates":[-4.2769,53.1397]},"properties":{"name":"Castles and Town Walls of King Edward in Gwynedd","country":"United Kingdom","cat":"cultural"}},{"type":"Feature","geometry":{"type":"Point","coordinates":[-64.4353,-31.6561]},"properties":{"name":"Jesuit Block and Estancias of Córdoba","country":"Argentina","cat":"cultural"}},{"type":"Feature","geometry":{"type":"Point","coordinates":[38.5675,59.9564]},"properties":{"name":"Ferapontov Monastery","country":"Russia","cat":"cultural"}},{"type":"Feature","geometry":{"type":"Point","coordinates":[40.4167,56.15]},"properties":{"name":"White Monuments of Vladimir and Suzdal","country":"Russia","cat":"cultural"}},{"type":"Feature","geometry":{"type":"Point","coordinates":[-1.7903,53.8372]},"properties":{"name":"Saltaire","country":"United Kingdom","cat":"cultural"}},{"type":"Feature","geometry":{"type":"Point","coordinates":[29.95,0.4]},"properties":{"name":"Rwenzori Mountains National Park","country":"Uganda","cat":"natural"}},{"type":"Feature","geometry":{"type":"Point","coordinates":[-78.3333,-1.8333]},"properties":{"name":"Sangay National Park","country":"Ecuador","cat":"natural"}},{"type":"Feature","geometry":{"type":"Point","coordinates":[45.4733,38.9789]},"properties":{"name":"Armenian Monastic Ensembles of Iran","country":"Iran","cat":"cultural"}},{"type":"Feature","geometry":{"type":"Point","coordinates":[110.85,-7.45]},"properties":{"name":"Sangiran","country":"Indonesia","cat":"cultural"}},{"type":"Feature","geometry":{"type":"Point","coordinates":[12.9833,3.0167]},"properties":{"name":"Dja Faunal Reserve","country":"Cameroon","cat":"natural"}},{"type":"Feature","geometry":{"type":"Point","coordinates":[39.1988,-6.1649]},"properties":{"name":"Stone Town","country":"Tanzania","cat":"cultural"}},{"type":"Feature","geometry":{"type":"Point","coordinates":[127.3311,34.9966]},"properties":{"name":"Sansa, Buddhist Mountain Monasteries in Korea","country":"South Korea","cat":"cultural"}},{"type":"Feature","geometry":{"type":"Point","coordinates":[9.4541,54.4619]},"properties":{"name":"Archaeological Border complex of Hedeby and the Danevirke","country":"Germany","cat":"cultural"}},{"type":"Feature","geometry":{"type":"Point","coordinates":[51.5705,29.7775]},"properties":{"name":"Sassanid Archaeological Landscape of Fars Region","country":"Iran","cat":"cultural"}},{"type":"Feature","geometry":{"type":"Point","coordinates":[-15.6613,28.0436]},"properties":{"name":"Risco Caido","country":"Spain","cat":"cultural"}},{"type":"Feature","geometry":{"type":"Point","coordinates":[7.7489,48.5844]},"properties":{"name":"Strasbourg: from Grande-île to Neustadt, a European urban scene","country":"France","cat":"cultural"}},{"type":"Feature","geometry":{"type":"Point","coordinates":[135.6094,34.5622]},"properties":{"name":"Mozu-Furuichi Kofun Group: Mounded Tombs of Ancient Japan","country":"Japan","cat":"cultural"}},{"type":"Feature","geometry":{"type":"Point","coordinates":[6.8293,46.4684]},"properties":{"name":"The Architectural Work of Le Corbusier","country":"Japan","cat":"cultural"}},{"type":"Feature","geometry":{"type":"Point","coordinates":[16.6103,40.6664]},"properties":{"name":"The Sassi and the Park of the Rupestrian Churches of Matera","country":"Italy","cat":"cultural"}},{"type":"Feature","geometry":{"type":"Point","coordinates":[-43.5447,-23.0238]},"properties":{"name":"Sítio Roberto Burle Marx","country":"Brazil","cat":"cultural"}},{"type":"Feature","geometry":{"type":"Point","coordinates":[-54.4,-25.6667]},"properties":{"name":"Iguazú National Park World Heritage Site","country":"Argentina","cat":"natural"}},{"type":"Feature","geometry":{"type":"Point","coordinates":[-5.3419,36.1225]},"properties":{"name":"Gorham's Cave complex","country":"United Kingdom","cat":"cultural"}},{"type":"Feature","geometry":{"type":"Point","coordinates":[29.0623,40.1847]},"properties":{"name":"Bursa and Cumalıkızık: the Birth of the Ottoman Empire","country":"Turkey","cat":"cultural"}},{"type":"Feature","geometry":{"type":"Point","coordinates":[18.9,48.4611]},"properties":{"name":"historical town of Banska Stiavnica and the technical monuments in its vicinity","country":"Slovakia","cat":"cultural"}},{"type":"Feature","geometry":{"type":"Point","coordinates":[73.5333,22.4833]},"properties":{"name":"Champaner-Pavagadh Archaeological Park","country":"India","cat":"cultural"}},{"type":"Feature","geometry":{"type":"Point","coordinates":[158.3322,6.8419]},"properties":{"name":"Nan Madol","country":"Federated States of Micronesia","cat":"cultural"}},{"type":"Feature","geometry":{"type":"Point","coordinates":[-112.7639,18.8214]},"properties":{"name":"Revillagigedo Islands","country":"Mexico","cat":"natural"}},{"type":"Feature","geometry":{"type":"Point","coordinates":[20.2664,42.5469]},"properties":{"name":"Visoki Dečani","country":"Serbia","cat":"cultural"}},{"type":"Feature","geometry":{"type":"Point","coordinates":[19.0707,47.4824]},"properties":{"name":"Budapest, including the Banks of the Danube, the Buda Castle Quarter and Andrássy Avenue","country":"Hungary","cat":"cultural"}},{"type":"Feature","geometry":{"type":"Point","coordinates":[-116.467,51.4333]},"properties":{"name":"Burgess Shale","country":"Canada","cat":"natural"}},{"type":"Feature","geometry":{"type":"Point","coordinates":[13.0333,52.4]},"properties":{"name":"Palaces and Parks of Potsdam and Berlin","country":"Germany","cat":"cultural"}},{"type":"Feature","geometry":{"type":"Point","coordinates":[160.3333,-11.6833]},"properties":{"name":"East Rennell","country":"Solomon Islands","cat":"natural"}},{"type":"Feature","geometry":{"type":"Point","coordinates":[-100.2417,19.6064]},"properties":{"name":"Monarch Butterfly Biosphere Reserve","country":"Mexico","cat":"natural"}},{"type":"Feature","geometry":{"type":"Point","coordinates":[-107.9556,30.3758]},"properties":{"name":"Casas Grandes","country":"Mexico","cat":"cultural"}},{"type":"Feature","geometry":{"type":"Point","coordinates":[110.3544,24.9233]},"properties":{"name":"South China Karst","country":"People's Republic of China","cat":"natural"}},{"type":"Feature","geometry":{"type":"Point","coordinates":[21.1861,49.6306]},"properties":{"name":"Wooden churches of Southern Lesser Poland","country":"Poland","cat":"cultural"}},{"type":"Feature","geometry":{"type":"Point","coordinates":[58.2124,37.9511]},"properties":{"name":"Nisa","country":"Turkmenistan","cat":"cultural"}},{"type":"Feature","geometry":{"type":"Point","coordinates":[-172.8575,-3.6497]},"properties":{"name":"Phoenix Islands Protected Area","country":"Kiribati","cat":"natural"}},{"type":"Feature","geometry":{"type":"Point","coordinates":[99.7036,17.0211]},"properties":{"name":"Historic Town of Sukhothai and Associated Historic Towns","country":"Thailand","cat":"cultural"}},{"type":"Feature","geometry":{"type":"Point","coordinates":[35.7272,32.0392]},"properties":{"name":"Salt","country":"Jordan","cat":"cultural"}},{"type":"Feature","geometry":{"type":"Point","coordinates":[103.1525,19.4311]},"properties":{"name":"Plain of Jars","country":"Laos","cat":"cultural"}},{"type":"Feature","geometry":{"type":"Point","coordinates":[118.0519,28.9519]},"properties":{"name":"Mount Sanqing","country":"People's Republic of China","cat":"natural"}},{"type":"Feature","geometry":{"type":"Point","coordinates":[135.7528,35.0603]},"properties":{"name":"Historic Monuments of Ancient Kyoto","country":"Japan","cat":"cultural"}},{"type":"Feature","geometry":{"type":"Point","coordinates":[-63.819,-18.1784]},"properties":{"name":"El Fuerte de Samaipata","country":"Bolivia","cat":"cultural"}},{"type":"Feature","geometry":{"type":"Point","coordinates":[28.2269,36.4431]},"properties":{"name":"Medieval City of Rhodes","country":"Greece","cat":"cultural"}},{"type":"Feature","geometry":{"type":"Point","coordinates":[136.9064,36.2569]},"properties":{"name":"Historic Villages of Shirakawa-gō and Gokayama","country":"Japan","cat":"cultural"}},{"type":"Feature","geometry":{"type":"Point","coordinates":[20.7358,42.2114]},"properties":{"name":"Our Lady of Promise","country":"Serbia","cat":"cultural"}},{"type":"Feature","geometry":{"type":"Point","coordinates":[-4.1161,43.3825]},"properties":{"name":"Cave of Altamira and Paleolithic Cave Art of Northern Spain","country":"Spain","cat":"cultural"}},{"type":"Feature","geometry":{"type":"Point","coordinates":[-95.6563,18.613]},"properties":{"name":"Tlacotalpan","country":"Mexico","cat":"cultural"}},{"type":"Feature","geometry":{"type":"Point","coordinates":[22.1862,43.8993]},"properties":{"name":"Gamzigrad","country":"Serbia","cat":"cultural"}},{"type":"Feature","geometry":{"type":"Point","coordinates":[-77.6333,19.8833]},"properties":{"name":"Desembarco del Granma National Park","country":"Cuba","cat":"natural"}},{"type":"Feature","geometry":{"type":"Point","coordinates":[109.2539,34.3817]},"properties":{"name":"Mausoleum of the First Qin Emperor","country":"People's Republic of China","cat":"cultural"}},{"type":"Feature","geometry":{"type":"Point","coordinates":[-75.8703,19.9687]},"properties":{"name":"Castillo de San Pedro de la Roca","country":"Cuba","cat":"cultural"}},{"type":"Feature","geometry":{"type":"Point","coordinates":[18.1091,42.6409]},"properties":{"name":"Old city (Dubrovnik)","country":"Croatia","cat":"cultural"}},{"type":"Feature","geometry":{"type":"Point","coordinates":[-102.3792,22.6081]},"properties":{"name":"El Camino Real de Tierra Adentro","country":"United States","cat":"cultural"}},{"type":"Feature","geometry":{"type":"Point","coordinates":[5.1476,52.0853]},"properties":{"name":"Rietveld Schröder House","country":"Netherlands","cat":"cultural"}},{"type":"Feature","geometry":{"type":"Point","coordinates":[-77.4,-9.4]},"properties":{"name":"Huascarán National Park","country":"Peru","cat":"natural"}},{"type":"Feature","geometry":{"type":"Point","coordinates":[28.6667,-20.5833]},"properties":{"name":"Matobo Hills","country":"Zimbabwe","cat":"cultural"}},{"type":"Feature","geometry":{"type":"Point","coordinates":[12.4044,57.114]},"properties":{"name":"Grimeton VLF transmitter","country":"Sweden","cat":"cultural"}},{"type":"Feature","geometry":{"type":"Point","coordinates":[2.0278,41.3638]},"properties":{"name":"Works of Antoni Gaudí","country":"Spain","cat":"cultural"}},{"type":"Feature","geometry":{"type":"Point","coordinates":[-91.4114,32.6367]},"properties":{"name":"Poverty Point","country":"United States","cat":"cultural"}},{"type":"Feature","geometry":{"type":"Point","coordinates":[-7.9867,31.6314]},"properties":{"name":"Medina of Marrakesh","country":"Morocco","cat":"cultural"}},{"type":"Feature","geometry":{"type":"Point","coordinates":[85.3086,27.7039]},"properties":{"name":"Kathmandu Valley","country":"Nepal","cat":"cultural"}},{"type":"Feature","geometry":{"type":"Point","coordinates":[179.4,71.2333]},"properties":{"name":"Zapovednik Wrangel Island","country":"Russia","cat":"natural"}},{"type":"Feature","geometry":{"type":"Point","coordinates":[106.9997,20.8]},"properties":{"name":"Cat Ba Island","country":"Vietnam","cat":"natural"}},{"type":"Feature","geometry":{"type":"Point","coordinates":[109.1667,48.7833]},"properties":{"name":"Burkhan Khaldun","country":"Mongolia","cat":"cultural"}},{"type":"Feature","geometry":{"type":"Point","coordinates":[55.3756,30.1681]},"properties":{"name":"Maymand","country":"Iran","cat":"cultural"}},{"type":"Feature","geometry":{"type":"Point","coordinates":[100.5575,14.3516]},"properties":{"name":"Ayutthaya Historical Park","country":"Thailand","cat":"cultural"}},{"type":"Feature","geometry":{"type":"Point","coordinates":[118.0619,24.4475]},"properties":{"name":"Gulangyu","country":"People's Republic of China","cat":"cultural"}},{"type":"Feature","geometry":{"type":"Point","coordinates":[61.3319,30.5953]},"properties":{"name":"Shahr-e Sukhteh","country":"Iran","cat":"cultural"}},{"type":"Feature","geometry":{"type":"Point","coordinates":[24.1082,56.9485]},"properties":{"name":"Vecrīga","country":"Latvia","cat":"cultural"}},{"type":"Feature","geometry":{"type":"Point","coordinates":[87.6852,23.6776]},"properties":{"name":"Santiniketan","country":"India","cat":"cultural"}},{"type":"Feature","geometry":{"type":"Point","coordinates":[13.6464,47.5594]},"properties":{"name":"Hallstatt-Dachstein Salzkammergut cultural landscape","country":"Austria","cat":"cultural"}},{"type":"Feature","geometry":{"type":"Point","coordinates":[116.9844,35.5965]},"properties":{"name":"Temple and Cemetery of Confucius and the Kong Family Mansion in Qufu","country":"People's Republic of China","cat":"cultural"}},{"type":"Feature","geometry":{"type":"Point","coordinates":[-99.1925,19.4111]},"properties":{"name":"Luis Barragán House and Studio","country":"Mexico","cat":"cultural"}},{"type":"Feature","geometry":{"type":"Point","coordinates":[117.9375,40.9875]},"properties":{"name":"Chengde Mountain Resort and its outlying temples","country":"People's Republic of China","cat":"cultural"}},{"type":"Feature","geometry":{"type":"Point","coordinates":[135.8394,34.6756]},"properties":{"name":"Historic Monuments of Ancient Nara","country":"Japan","cat":"cultural"}},{"type":"Feature","geometry":{"type":"Point","coordinates":[-66.8906,10.4908]},"properties":{"name":"University City of Caracas","country":"Venezuela","cat":"cultural"}},{"type":"Feature","geometry":{"type":"Point","coordinates":[139.5994,36.7565]},"properties":{"name":"Shrines and Temples of Nikkō","country":"Japan","cat":"cultural"}},{"type":"Feature","geometry":{"type":"Point","coordinates":[105.9872,38.435]},"properties":{"name":"Western Xia Mausoleums","country":"People's Republic of China","cat":"cultural"}},{"type":"Feature","geometry":{"type":"Point","coordinates":[168.234,-17.6936]},"properties":{"name":"Chief Roi Mata’s Domain","country":"Vanuatu","cat":"cultural"}},{"type":"Feature","geometry":{"type":"Point","coordinates":[77.1854,28.5244]},"properties":{"name":"Qutb complex","country":"India","cat":"cultural"}},{"type":"Feature","geometry":{"type":"Point","coordinates":[84.3333,27.5]},"properties":{"name":"Chitwan National Park","country":"Nepal","cat":"natural"}},{"type":"Feature","geometry":{"type":"Point","coordinates":[24.7922,46.2178]},"properties":{"name":"Historic Centre of Sighișoara","country":"Romania","cat":"cultural"}},{"type":"Feature","geometry":{"type":"Point","coordinates":[34.8833,-14.0333]},"properties":{"name":"Lake Malawi National Park","country":"Malawi","cat":"natural"}},{"type":"Feature","geometry":{"type":"Point","coordinates":[0.8036,42.5047]},"properties":{"name":"Catalan Romanesque Churches of the Vall de Boí","country":"Spain","cat":"cultural"}},{"type":"Feature","geometry":{"type":"Point","coordinates":[-64.3092,45.1089]},"properties":{"name":"Grand-Pré","country":"Canada","cat":"cultural"}},{"type":"Feature","geometry":{"type":"Point","coordinates":[31.2627,30.046]},"properties":{"name":"Islamic Cairo","country":"Egypt","cat":"cultural"}},{"type":"Feature","geometry":{"type":"Point","coordinates":[-16.5044,16.0278]},"properties":{"name":"Island of Saint-Louis","country":"Senegal","cat":"cultural"}},{"type":"Feature","geometry":{"type":"Point","coordinates":[5.6789,52.8458]},"properties":{"name":"Ir.D.F. Woudagemaal","country":"Netherlands","cat":"cultural"}},{"type":"Feature","geometry":{"type":"Point","coordinates":[13.5717,10.7406]},"properties":{"name":"Sukur","country":"Nigeria","cat":"cultural"}},{"type":"Feature","geometry":{"type":"Point","coordinates":[-88.5686,20.6829]},"properties":{"name":"Temple of Kukulcan","country":"Mexico","cat":"cultural"}},{"type":"Feature","geometry":{"type":"Point","coordinates":[57.3136,-20.4606]},"properties":{"name":"Le Morne Brabant","country":"Mauritius","cat":"cultural"}},{"type":"Feature","geometry":{"type":"Point","coordinates":[27.6624,-25.9672]},"properties":{"name":"Cradle of Humankind","country":"South Africa","cat":"cultural"}},{"type":"Feature","geometry":{"type":"Point","coordinates":[145.8,-17.2]},"properties":{"name":"Wet Tropics of Queensland","country":"Australia","cat":"natural"}},{"type":"Feature","geometry":{"type":"Point","coordinates":[29.3879,-22.2117]},"properties":{"name":"Mapungubwe Cultural Landscape","country":"South Africa","cat":"cultural"}},{"type":"Feature","geometry":{"type":"Point","coordinates":[33.4914,44.6108]},"properties":{"name":"Ancient City of Tauric Chersonese and its Chora","country":"Russia","cat":"cultural"}},{"type":"Feature","geometry":{"type":"Point","coordinates":[21.35,48.15]},"properties":{"name":"Tokaj Wine Region Historic Cultural Landscape","country":"Hungary","cat":"cultural"}},{"type":"Feature","geometry":{"type":"Point","coordinates":[5.1683,52.0586]},"properties":{"name":"Dutch Water Defence Lines","country":"Netherlands","cat":"cultural"}},{"type":"Feature","geometry":{"type":"Point","coordinates":[8.5561,53.5286]},"properties":{"name":"Wadden Sea","country":"Denmark","cat":"natural"}},{"type":"Feature","geometry":{"type":"Point","coordinates":[6.3916,53.0422]},"properties":{"name":"Colonies of Benevolence","country":"Belgium","cat":"cultural"}},{"type":"Feature","geometry":{"type":"Point","coordinates":[16.3133,48.1867]},"properties":{"name":"Palace and gardens of Schönbrunn","country":"Austria","cat":"cultural"}},{"type":"Feature","geometry":{"type":"Point","coordinates":[27.73,42.6561]},"properties":{"name":"Ancient City of Nessebar","country":"Bulgaria","cat":"cultural"}},{"type":"Feature","geometry":{"type":"Point","coordinates":[23.4,42.1167]},"properties":{"name":"Rila Monastery","country":"Bulgaria","cat":"cultural"}},{"type":"Feature","geometry":{"type":"Point","coordinates":[14.3167,48.8167]},"properties":{"name":"Historic Centre of Český Krumlov","country":"Czech Republic","cat":"cultural"}},{"type":"Feature","geometry":{"type":"Point","coordinates":[14.4194,50.0897]},"properties":{"name":"Historic Centre of Prague","country":"Czech Republic","cat":"cultural"}},{"type":"Feature","geometry":{"type":"Point","coordinates":[15.45,49.1833]},"properties":{"name":"Historic Centre of Telč","country":"Czech Republic","cat":"cultural"}},{"type":"Feature","geometry":{"type":"Point","coordinates":[17.3814,49.2972]},"properties":{"name":"Gardens and Castle at Kroměříž","country":"Czech Republic","cat":"cultural"}},{"type":"Feature","geometry":{"type":"Point","coordinates":[15.4843,50.0567]},"properties":{"name":"Landscape for Breeding and Training of Ceremonial Carriage Horses at Kladruby nad Labem","country":"Czech Republic","cat":"cultural"}},{"type":"Feature","geometry":{"type":"Point","coordinates":[28.7236,37.7083]},"properties":{"name":"Aphrodisias","country":"Turkey","cat":"cultural"}},{"type":"Feature","geometry":{"type":"Point","coordinates":[27.3594,37.9292]},"properties":{"name":"Ephesus","country":"Turkey","cat":"cultural"}},{"type":"Feature","geometry":{"type":"Point","coordinates":[34.6206,40.0139]},"properties":{"name":"Hattusha: the Hittite Capital","country":"Turkey","cat":"cultural"}},{"type":"Feature","geometry":{"type":"Point","coordinates":[27.18,39.1258]},"properties":{"name":"Pergamon and its Multi-Layered Cultural Landscape","country":"Turkey","cat":"cultural"}},{"type":"Feature","geometry":{"type":"Point","coordinates":[32.6897,41.26]},"properties":{"name":"City of Safranbolu","country":"Turkey","cat":"cultural"}},{"type":"Feature","geometry":{"type":"Point","coordinates":[34.85,38.6667]},"properties":{"name":"Göreme National Park and the Rock Sites of Cappadocia","country":"Turkey","cat":"mixed"}},{"type":"Feature","geometry":{"type":"Point","coordinates":[30.5296,38.755]},"properties":{"name":"Wooden Hypostyle Mosques of Medieval Anatolia","country":"Turkey","cat":"cultural"}},{"type":"Feature","geometry":{"type":"Point","coordinates":[28.0453,38.4819]},"properties":{"name":"Sardis and the Lydian Tumuli of Bin Tepe","country":"Turkey","cat":"cultural"}},{"type":"Feature","geometry":{"type":"Point","coordinates":[25.1625,35.2972]},"properties":{"name":"Minoan Palatial Centres","country":"Greece","cat":"cultural"}},{"type":"Feature","geometry":{"type":"Point","coordinates":[157.8299,52.0]},"properties":{"name":"Volcanoes of Kamchatka","country":"Russia","cat":"natural"}},{"type":"Feature","geometry":{"type":"Point","coordinates":[14.5069,35.8696]},"properties":{"name":"Hypogeum of Ħal Saflieni","country":"Malta","cat":"cultural"}},{"type":"Feature","geometry":{"type":"Point","coordinates":[37.3667,-3.0667]},"properties":{"name":"Kilimanjaro National Park","country":"Tanzania","cat":"natural"}},{"type":"Feature","geometry":{"type":"Point","coordinates":[10.4478,46.6292]},"properties":{"name":"Saint John Abbey","country":"Switzerland","cat":"cultural"}},{"type":"Feature","geometry":{"type":"Point","coordinates":[59.2411,30.2639]},"properties":{"name":"Dasht-e Lut","country":"Iran","cat":"natural"}},{"type":"Feature","geometry":{"type":"Point","coordinates":[-85.6167,10.85]},"properties":{"name":"Area de Conservación Guanacaste World Heritage Site","country":"Costa Rica","cat":"natural"}},{"type":"Feature","geometry":{"type":"Point","coordinates":[-1.241,5.1037]},"properties":{"name":"Forts and Castles, Volta, Greater Accra, Central and Western Regions","country":"Ghana","cat":"cultural"}},{"type":"Feature","geometry":{"type":"Point","coordinates":[-171.7333,25.7]},"properties":{"name":"Papahānaumokuākea Marine National Monument","country":"United States","cat":"mixed"}},{"type":"Feature","geometry":{"type":"Point","coordinates":[9.0,18.0]},"properties":{"name":"Aïr and Ténéré National Nature Reserve","country":"Niger","cat":"natural"}},{"type":"Feature","geometry":{"type":"Point","coordinates":[-99.2966,18.8043]},"properties":{"name":"Xochicalco","country":"Mexico","cat":"cultural"}},{"type":"Feature","geometry":{"type":"Point","coordinates":[17.7611,47.5528]},"properties":{"name":"Pannonhalma Archabbey","country":"Hungary","cat":"cultural"}},{"type":"Feature","geometry":{"type":"Point","coordinates":[16.0103,59.9692]},"properties":{"name":"Engelsberg Ironworks","country":"Sweden","cat":"cultural"}},{"type":"Feature","geometry":{"type":"Point","coordinates":[28.4234,-20.1433]},"properties":{"name":"Khami","country":"Zimbabwe","cat":"cultural"}},{"type":"Feature","geometry":{"type":"Point","coordinates":[102.0003,40.3997]},"properties":{"name":"Badain Jaran Desert","country":"People's Republic of China","cat":"natural"}},{"type":"Feature","geometry":{"type":"Point","coordinates":[-77.25,-7.75]},"properties":{"name":"Río Abiseo National Park","country":"Peru","cat":"mixed"}},{"type":"Feature","geometry":{"type":"Point","coordinates":[75.535,43.8033]},"properties":{"name":"Tamgaly","country":"Kazakhstan","cat":"cultural"}},{"type":"Feature","geometry":{"type":"Point","coordinates":[10.35,46.0239]},"properties":{"name":"rock drawings in Valcamonica","country":"Italy","cat":"cultural"}},{"type":"Feature","geometry":{"type":"Point","coordinates":[-69.5917,-18.25]},"properties":{"name":"Inca road system","country":"Chile","cat":"cultural"}},{"type":"Feature","geometry":{"type":"Point","coordinates":[-3.5195,42.3501]},"properties":{"name":"Atapuerca","country":"Spain","cat":"cultural"}},{"type":"Feature","geometry":{"type":"Point","coordinates":[-8.391,7.603]},"properties":{"name":"Mount Nimba Strict Nature Reserve","country":"Guinea","cat":"natural"}},{"type":"Feature","geometry":{"type":"Point","coordinates":[119.8675,8.9533]},"properties":{"name":"Tubbataha Reef","country":"Philippines","cat":"natural"}},{"type":"Feature","geometry":{"type":"Point","coordinates":[18.2278,46.0744]},"properties":{"name":"Early Christian Necropolis of Pécs","country":"Hungary","cat":"cultural"}},{"type":"Feature","geometry":{"type":"Point","coordinates":[-0.6908,38.2644]},"properties":{"name":"Palmeral of Elche","country":"Spain","cat":"cultural"}},{"type":"Feature","geometry":{"type":"Point","coordinates":[150.0,-33.7]},"properties":{"name":"Greater Blue Mountains Area","country":"Australia","cat":"natural"}},{"type":"Feature","geometry":{"type":"Point","coordinates":[-91.7361,14.6458]},"properties":{"name":"Takalik Abaj","country":"Guatemala","cat":"cultural"}},{"type":"Feature","geometry":{"type":"Point","coordinates":[27.3899,-32.8757]},"properties":{"name":"Human Rights, Liberation and Reconciliation: Nelson Mandela Legacy Sites","country":"South Africa","cat":"cultural"}},{"type":"Feature","geometry":{"type":"Point","coordinates":[17.5833,67.3333]},"properties":{"name":"Laponian National Park","country":"Sweden","cat":"mixed"}},{"type":"Feature","geometry":{"type":"Point","coordinates":[68.5,37.25]},"properties":{"name":"Tigrovaya Balka Nature Reserve","country":"Tajikistan","cat":"natural"}},{"type":"Feature","geometry":{"type":"Point","coordinates":[21.0122,52.2497]},"properties":{"name":"Warsaw Old Town","country":"Poland","cat":"cultural"}},{"type":"Feature","geometry":{"type":"Point","coordinates":[-1.6258,6.4011]},"properties":{"name":"Asante Traditional Buildings","country":"Ghana","cat":"cultural"}},{"type":"Feature","geometry":{"type":"Point","coordinates":[-98.8978,18.9347]},"properties":{"name":"Monasteries on the slopes of Popocatépetl","country":"Mexico","cat":"cultural"}},{"type":"Feature","geometry":{"type":"Point","coordinates":[120.6256,31.3267]},"properties":{"name":"Classical Gardens of Suzhou","country":"People's Republic of China","cat":"cultural"}},{"type":"Feature","geometry":{"type":"Point","coordinates":[144.33,-5.7825]},"properties":{"name":"Kuk Swamp","country":"Papua New Guinea","cat":"cultural"}},{"type":"Feature","geometry":{"type":"Point","coordinates":[31.1304,29.976]},"properties":{"name":"Memphis and its Necropolis – the Pyramid Fields from Giza to Dahshur","country":"Egypt","cat":"cultural"}},{"type":"Feature","geometry":{"type":"Point","coordinates":[13.4331,46.0942]},"properties":{"name":"Longobards in Italy, Places of Power","country":"Italy","cat":"cultural"}},{"type":"Feature","geometry":{"type":"Point","coordinates":[35.46,-3.21]},"properties":{"name":"Ngorongoro Conservation Area","country":"Tanzania","cat":"mixed"}},{"type":"Feature","geometry":{"type":"Point","coordinates":[31.2856,58.5183]},"properties":{"name":"Historic Monuments of Novgorod and Surroundings","country":"Russia","cat":"cultural"}},{"type":"Feature","geometry":{"type":"Point","coordinates":[8.951,40.085]},"properties":{"name":"domus de janas","country":"Italy","cat":"cultural"}},{"type":"Feature","geometry":{"type":"Point","coordinates":[-61.7954,5.3193]},"properties":{"name":"Canaima National Park","country":"Venezuela","cat":"natural"}},{"type":"Feature","geometry":{"type":"Point","coordinates":[12.0969,49.0172]},"properties":{"name":"Old town of Regensburg with Stadtamhof","country":"Germany","cat":"cultural"}},{"type":"Feature","geometry":{"type":"Point","coordinates":[51.6853,32.6697]},"properties":{"name":"Jameh Mosque of Isfahan","country":"Iran","cat":"cultural"}},{"type":"Feature","geometry":{"type":"Point","coordinates":[6.4539,51.6622]},"properties":{"name":"Lower German Limes","country":"Netherlands","cat":"cultural"}},{"type":"Feature","geometry":{"type":"Point","coordinates":[-3.5631,10.3103]},"properties":{"name":"Ruins of Loropéni","country":"Burkina Faso","cat":"cultural"}},{"type":"Feature","geometry":{"type":"Point","coordinates":[4.6307,43.6776]},"properties":{"name":"Arles, Roman and Romanesque Monuments","country":"France","cat":"cultural"}},{"type":"Feature","geometry":{"type":"Point","coordinates":[19.6707,49.8603]},"properties":{"name":"Kalwaria Zebrzydowska park","country":"Poland","cat":"cultural"}},{"type":"Feature","geometry":{"type":"Point","coordinates":[21.5385,41.3616]},"properties":{"name":"Markovi Kuli","country":"North Macedonia","cat":"natural"}},{"type":"Feature","geometry":{"type":"Point","coordinates":[106.043,28.4219]},"properties":{"name":"China Danxia","country":"People's Republic of China","cat":"natural"}},{"type":"Feature","geometry":{"type":"Point","coordinates":[24.9844,60.1436]},"properties":{"name":"Suomenlinna","country":"Finland","cat":"cultural"}},{"type":"Feature","geometry":{"type":"Point","coordinates":[21.9536,42.2636]},"properties":{"name":"Kokino","country":"North Macedonia","cat":"cultural"}},{"type":"Feature","geometry":{"type":"Point","coordinates":[164.5664,-20.4119]},"properties":{"name":"New Caledonia Barrier Reef","country":"France","cat":"natural"}},{"type":"Feature","geometry":{"type":"Point","coordinates":[127.683,26.2086]},"properties":{"name":"Gusuku Sites and Related Properties of the Kingdom of Ryukyu","country":"Japan","cat":"cultural"}},{"type":"Feature","geometry":{"type":"Point","coordinates":[135.7342,34.6143]},"properties":{"name":"Buddhist Monuments in the Hōryū-ji Area","country":"Japan","cat":"cultural"}},{"type":"Feature","geometry":{"type":"Point","coordinates":[-3.1887,58.9961]},"properties":{"name":"Heart of Neolithic Orkney","country":"United Kingdom","cat":"cultural"}},{"type":"Feature","geometry":{"type":"Point","coordinates":[23.0,17.0]},"properties":{"name":"Ennedi Plateau","country":"Chad","cat":"mixed"}},{"type":"Feature","geometry":{"type":"Point","coordinates":[-17.0,64.5]},"properties":{"name":"Vatnajökull National Park","country":"Iceland","cat":"natural"}},{"type":"Feature","geometry":{"type":"Point","coordinates":[17.2039,-28.6]},"properties":{"name":"Richtersveld","country":"South Africa","cat":"cultural"}},{"type":"Feature","geometry":{"type":"Point","coordinates":[-0.8971,41.6565]},"properties":{"name":"Aljafería","country":"Spain","cat":"cultural"}},{"type":"Feature","geometry":{"type":"Point","coordinates":[29.2758,-2.5282]},"properties":{"name":"Nyungwe Forest","country":"Rwanda","cat":"natural"}},{"type":"Feature","geometry":{"type":"Point","coordinates":[39.5961,-3.9319]},"properties":{"name":"Sacred Mijikenda Kaya Forests","country":"Kenya","cat":"cultural"}},{"type":"Feature","geometry":{"type":"Point","coordinates":[5.4919,50.6747]},"properties":{"name":"Fort de Loncin","country":"Belgium","cat":"cultural"}},{"type":"Feature","geometry":{"type":"Point","coordinates":[35.8339,-4.7244]},"properties":{"name":"Kondoa Rock Art Sites","country":"Tanzania","cat":"cultural"}},{"type":"Feature","geometry":{"type":"Point","coordinates":[44.75,-18.6667]},"properties":{"name":"Tsingy de Bemaraha Strict Nature Reserve","country":"Madagascar","cat":"natural"}},{"type":"Feature","geometry":{"type":"Point","coordinates":[48.2972,42.053]},"properties":{"name":"Citadel, Ancient City and Fortress Buildings of Derbent","country":"Russia","cat":"cultural"}},{"type":"Feature","geometry":{"type":"Point","coordinates":[136.6611,46.6833]},"properties":{"name":"Central Sikhote-Alin","country":"Russia","cat":"natural"}},{"type":"Feature","geometry":{"type":"Point","coordinates":[115.4254,49.9302]},"properties":{"name":"Landscapes of Dauria","country":"Russia","cat":"natural"}},{"type":"Feature","geometry":{"type":"Point","coordinates":[92.7197,50.275]},"properties":{"name":"Uvs Nuur Basin","country":"Russia","cat":"natural"}},{"type":"Feature","geometry":{"type":"Point","coordinates":[40.0,44.0]},"properties":{"name":"Western Caucasus","country":"Russia","cat":"natural"}},{"type":"Feature","geometry":{"type":"Point","coordinates":[36.0126,61.7299]},"properties":{"name":"Petroglyphs of Lake Onega and the White Sea","country":"Russia","cat":"cultural"}},{"type":"Feature","geometry":{"type":"Point","coordinates":[9.9389,49.7928]},"properties":{"name":"Würzburg Residence with the Court Gardens and Residence Square","country":"Germany","cat":"cultural"}},{"type":"Feature","geometry":{"type":"Point","coordinates":[11.1125,47.4197]},"properties":{"name":"The Palaces of King Ludwig II of Bavaria: Neuschwanstein, Linderhof, Schachen and Herrenchiemsee","country":"Germany","cat":"cultural"}},{"type":"Feature","geometry":{"type":"Point","coordinates":[2.9651,45.7794]},"properties":{"name":"Chaîne des Puys - Limagne fault tectonic arena","country":"France","cat":"natural"}},{"type":"Feature","geometry":{"type":"Point","coordinates":[-61.0731,14.7582]},"properties":{"name":"Volcanoes and Forests of Mount Pelée and the Pitons of Northern Martinique","country":"France","cat":"natural"}},{"type":"Feature","geometry":{"type":"Point","coordinates":[2.6947,39.7308]},"properties":{"name":"Cultural Landscape of the Serra de Tramuntana","country":"Spain","cat":"cultural"}},{"type":"Feature","geometry":{"type":"Point","coordinates":[-1.1072,40.3439]},"properties":{"name":"Mudejar Architecture of Aragon","country":"Spain","cat":"cultural"}},{"type":"Feature","geometry":{"type":"Point","coordinates":[2.175,41.3878]},"properties":{"name":"Palau de la Música Catalana and Hospital de Sant Pau, Barcelona","country":"Spain","cat":"cultural"}},{"type":"Feature","geometry":{"type":"Point","coordinates":[3.9089,39.9975]},"properties":{"name":"Talayotic Culture of Minorca","country":"Spain","cat":"cultural"}},{"type":"Feature","geometry":{"type":"Point","coordinates":[15.2667,40.2833]},"properties":{"name":"Cilento and Vallo di Diano National Park with the Archeological Sites of Paestum and Velia, and the Certosa di Padula","country":"Italy","cat":"cultural"}},{"type":"Feature","geometry":{"type":"Point","coordinates":[12.1631,46.6131]},"properties":{"name":"The Dolomites","country":"Italy","cat":"natural"}},{"type":"Feature","geometry":{"type":"Point","coordinates":[12.2261,45.953]},"properties":{"name":"Le Colline del Prosecco di Conegliano e Valdobbiadene","country":"Italy","cat":"cultural"}},{"type":"Feature","geometry":{"type":"Point","coordinates":[132.5195,-13.0055]},"properties":{"name":"Kakadu National Park","country":"Australia","cat":"mixed"}},{"type":"Feature","geometry":{"type":"Point","coordinates":[128.8434,36.7273]},"properties":{"name":"Seowon, Korean Neo-Confucian Academies","country":"South Korea","cat":"cultural"}},{"type":"Feature","geometry":{"type":"Point","coordinates":[-83.5025,8.9385]},"properties":{"name":"Precolumbian Chiefdom Settlements with Stone Spheres of the Diquís","country":"Costa Rica","cat":"cultural"}},{"type":"Feature","geometry":{"type":"Point","coordinates":[-139.0,64.0]},"properties":{"name":"Tr'ondëk-Klondike","country":"Canada","cat":"cultural"}},{"type":"Feature","geometry":{"type":"Point","coordinates":[-82.35,23.1333]},"properties":{"name":"Old Havana and its Fortification System","country":"Cuba","cat":"cultural"}},{"type":"Feature","geometry":{"type":"Point","coordinates":[-80.4531,22.1424]},"properties":{"name":"Historic Centre of Camagüey","country":"Cuba","cat":"cultural"}},{"type":"Feature","geometry":{"type":"Point","coordinates":[-90.7338,14.5565]},"properties":{"name":"Antigua Guatemala","country":"Guatemala","cat":"cultural"}},{"type":"Feature","geometry":{"type":"Point","coordinates":[15.4078,-24.8853]},"properties":{"name":"Namib Sand Sea","country":"Namibia","cat":"natural"}},{"type":"Feature","geometry":{"type":"Point","coordinates":[-89.7703,20.3617]},"properties":{"name":"Pre-Hispanic Town of Uxmal","country":"Mexico","cat":"cultural"}},{"type":"Feature","geometry":{"type":"Point","coordinates":[-79.5347,8.9524]},"properties":{"name":"The Colonial Transisthmian Route of Panamá","country":"Panama","cat":"cultural"}},{"type":"Feature","geometry":{"type":"Point","coordinates":[-69.6833,11.4]},"properties":{"name":"Coro and its Port","country":"Venezuela","cat":"cultural"}},{"type":"Feature","geometry":{"type":"Point","coordinates":[-107.9708,36.0638]},"properties":{"name":"Chaco Culture World Heritage Site","country":"United States","cat":"cultural"}},{"type":"Feature","geometry":{"type":"Point","coordinates":[-0.9616,11.0897]},"properties":{"name":"Royal Court of Tiébélé","country":"Burkina Faso","cat":"cultural"}},{"type":"Feature","geometry":{"type":"Point","coordinates":[-3.329,12.5878]},"properties":{"name":"Ancient ferrous metallurgy sites of Burkina Faso","country":"Burkina Faso","cat":"cultural"}},{"type":"Feature","geometry":{"type":"Point","coordinates":[-6.4102,10.4903]},"properties":{"name":"Sudanese style mosques in northern Côte d'Ivoire","country":"Ivory Coast","cat":"cultural"}},{"type":"Feature","geometry":{"type":"Point","coordinates":[38.6667,5.1167]},"properties":{"name":"The Gedeo Cultural Landscape","country":"Ethiopia","cat":"cultural"}},{"type":"Feature","geometry":{"type":"Point","coordinates":[-6.8228,34.0242]},"properties":{"name":"Rabat, Modern Capital and Historic City","country":"Morocco","cat":"cultural"}},{"type":"Feature","geometry":{"type":"Point","coordinates":[18.4525,-32.3864]},"properties":{"name":"The Emergence of Modern Humans: The Pleistocene occupation sites of South Africa","country":"South Africa","cat":"cultural"}},{"type":"Feature","geometry":{"type":"Point","coordinates":[35.65,-15.9]},"properties":{"name":"Mulanje Massif","country":"Malawi","cat":"cultural"}},{"type":"Feature","geometry":{"type":"Point","coordinates":[-10.9833,7.5]},"properties":{"name":"Gola National Park","country":"Sierra Leone","cat":"natural"}},{"type":"Feature","geometry":{"type":"Point","coordinates":[12.5522,54.9642]},"properties":{"country":"Denmark","cat":"natural"}},{"type":"Feature","geometry":{"type":"Point","coordinates":[101.1501,15.4666]},"properties":{"name":"Si Thep historical park","country":"Thailand","cat":"cultural"}},{"type":"Feature","geometry":{"type":"Point","coordinates":[113.628,-22.739]},"properties":{"name":"Ningaloo Reef","country":"Australia","cat":"natural"}},{"type":"Feature","geometry":{"type":"Point","coordinates":[77.951,31.8043]},"properties":{"name":"Great Himalayan National Park","country":"India","cat":"natural"}},{"type":"Feature","geometry":{"type":"Point","coordinates":[-2.3071,53.2362]},"properties":{"name":"Jodrell Bank Observatory","country":"United Kingdom","cat":"cultural"}},{"type":"Feature","geometry":{"type":"Point","coordinates":[-43.8607,-20.5078]},"properties":{"name":"Sanctuary of Bom Jesus de Matosinhos","country":"Brazil","cat":"cultural"}},{"type":"Feature","geometry":{"type":"Point","coordinates":[12.45,55.2822]},"properties":{"name":"Stevns Klint","country":"Denmark","cat":"natural"}},{"type":"Feature","geometry":{"type":"Point","coordinates":[13.0853,54.3025]},"properties":{"name":"Historic Centres of Stralsund and Wismar","country":"Germany","cat":"cultural"}},{"type":"Feature","geometry":{"type":"Point","coordinates":[13.0486,47.7997]},"properties":{"name":"Historic Centre of the City of Salzburg","country":"Austria","cat":"cultural"}},{"type":"Feature","geometry":{"type":"Point","coordinates":[107.0423,22.2483]},"properties":{"name":"Rock Paintings of Hua Mountain","country":"People's Republic of China","cat":"cultural"}},{"type":"Feature","geometry":{"type":"Point","coordinates":[37.3367,-0.1239]},"properties":{"name":"Mount Kenya National Park","country":"Kenya","cat":"natural"}},{"type":"Feature","geometry":{"type":"Point","coordinates":[16.1958,61.7072]},"properties":{"name":"Decorated Farmhouses of Hälsingland","country":"Sweden","cat":"cultural"}},{"type":"Feature","geometry":{"type":"Point","coordinates":[57.0639,53.0444]},"properties":{"name":"Kapova Cave","country":"Russia","cat":"cultural"}},{"type":"Feature","geometry":{"type":"Point","coordinates":[36.5037,3.0513]},"properties":{"name":"Lake Turkana National Parks","country":"Kenya","cat":"natural"}},{"type":"Feature","geometry":{"type":"Point","coordinates":[79.8497,30.4186]},"properties":{"name":"Nanda Devi National Park","country":"India","cat":"natural"}},{"type":"Feature","geometry":{"type":"Point","coordinates":[144.3317,-5.7837]},"properties":{"country":"Papua New Guinea","cat":"cultural"}},{"type":"Feature","geometry":{"type":"Point","coordinates":[80.1917,12.6167]},"properties":{"name":"Descent of the Ganges","country":"India","cat":"cultural"}},{"type":"Feature","geometry":{"type":"Point","coordinates":[22.0286,65.6461]},"properties":{"name":"Gammelstad Church Town","country":"Sweden","cat":"cultural"}},{"type":"Feature","geometry":{"type":"Point","coordinates":[11.3364,58.7]},"properties":{"name":"Rock Carvings in Tanum","country":"Sweden","cat":"cultural"}},{"type":"Feature","geometry":{"type":"Point","coordinates":[-109.3486,-27.0729]},"properties":{"name":"Rapa Nui National Park","country":"Chile","cat":"cultural"}},{"type":"Feature","geometry":{"type":"Point","coordinates":[0.866,46.5648]},"properties":{"name":"Abbey Church of Saint-Savin-sur-Gartempe","country":"France","cat":"cultural"}},{"type":"Feature","geometry":{"type":"Point","coordinates":[2.1425,43.9283]},"properties":{"name":"Episcopal City of Albi","country":"France","cat":"cultural"}},{"type":"Feature","geometry":{"type":"Point","coordinates":[104.5333,13.7833]},"properties":{"name":"Koh Ker","country":"Cambodia","cat":"cultural"}},{"type":"Feature","geometry":{"type":"Point","coordinates":[18.2958,57.6417]},"properties":{"name":"Hanseatic town of Visby","country":"Sweden","cat":"cultural"}},{"type":"Feature","geometry":{"type":"Point","coordinates":[7.6942,50.1736]},"properties":{"name":"Rhine Gorge","country":"Germany","cat":"cultural"}},{"type":"Feature","geometry":{"type":"Point","coordinates":[91.0,35.15]},"properties":{"name":"Hoh Xil","country":"People's Republic of China","cat":"natural"}},{"type":"Feature","geometry":{"type":"Point","coordinates":[105.04,12.8673]},"properties":{"name":"Sambor Prei Kuk","country":"Cambodia","cat":"cultural"}},{"type":"Feature","geometry":{"type":"Point","coordinates":[-3.6585,58.3715]},"properties":{"name":"Flow Country","country":"United Kingdom","cat":"natural"}},{"type":"Feature","geometry":{"type":"Point","coordinates":[159.0797,-31.5562]},"properties":{"name":"Lord Howe Island Group","country":"Australia","cat":"natural"}},{"type":"Feature","geometry":{"type":"Point","coordinates":[50.61,26.25]},"properties":{"name":"Bahrain Pearling Trail","country":"Bahrain","cat":"cultural"}},{"type":"Feature","geometry":{"type":"Point","coordinates":[3.8383,50.4353]},"properties":{"name":"Major Mining Sites of Wallonia","country":"Belgium","cat":"cultural"}},{"type":"Feature","geometry":{"type":"Point","coordinates":[12.8373,50.4065]},"properties":{"name":"Ore Mountain Mining Region","country":"Germany","cat":"cultural"}},{"type":"Feature","geometry":{"type":"Point","coordinates":[18.375,-34.1667]},"properties":{"name":"Cape Floristic Kingdom","country":"South Africa","cat":"natural"}},{"type":"Feature","geometry":{"type":"Point","coordinates":[-1.0333,39.79]},"properties":{"name":"Rock Art of the Mediterranean Basin on the Iberian Peninsula","country":"Spain","cat":"cultural"}},{"type":"Feature","geometry":{"type":"Point","coordinates":[20.2656,42.6611]},"properties":{"name":"Medieval Monuments in Kosovo","country":"Serbia","cat":"cultural"}},{"type":"Feature","geometry":{"type":"Point","coordinates":[113.7814,3.8139]},"properties":{"name":"Niah National Park","country":"Malaysia","cat":"cultural"}},{"type":"Feature","geometry":{"type":"Point","coordinates":[37.4431,19.7361]},"properties":{"name":"Sanganeb Marine National Park and Dungonab Bay – Mukkawar Island Marine National Park","country":"Sudan","cat":"natural"}},{"type":"Feature","geometry":{"type":"Point","coordinates":[11.0992,36.9464]},"properties":{"name":"Punic Town of Kerkuane and its Necropolis","country":"Tunisia","cat":"cultural"}},{"type":"Feature","geometry":{"type":"Point","coordinates":[64.5159,34.3964]},"properties":{"name":"Minaret and Archaeological Remains of Jam","country":"Afghanistan","cat":"cultural"}},{"type":"Feature","geometry":{"type":"Point","coordinates":[116.0833,40.4167]},"properties":{"name":"The Great Wall","country":"People's Republic of China","cat":"cultural"}},{"type":"Feature","geometry":{"type":"Point","coordinates":[100.2333,26.8667]},"properties":{"name":"Old Town of Lijiang","country":"People's Republic of China","cat":"cultural"}},{"type":"Feature","geometry":{"type":"Point","coordinates":[112.1544,37.2014]},"properties":{"name":"Ancient City of Ping Yao","country":"People's Republic of China","cat":"cultural"}},{"type":"Feature","geometry":{"type":"Point","coordinates":[75.9941,13.2125]},"properties":{"name":"Sacred Ensembles of the Hoysalas","country":"India","cat":"cultural"}},{"type":"Feature","geometry":{"type":"Point","coordinates":[51.4201,35.0584]},"properties":{"name":"Persian Caravanserai","country":"Iran","cat":"cultural"}},{"type":"Feature","geometry":{"type":"Point","coordinates":[28.3286,57.8072]},"properties":{"name":"Churches of the Pskov School of Architecture","country":"Russia","cat":"cultural"}},{"type":"Feature","geometry":{"type":"Point","coordinates":[21.5023,50.968]},"properties":{"name":"Krzemionki Prehistoric Striped Flint Mining Region","country":"Poland","cat":"cultural"}},{"type":"Feature","geometry":{"type":"Point","coordinates":[121.0168,32.9319]},"properties":{"name":"Migratory Bird Sanctuaries along the Coast of Yellow Sea-Bohai Gulf of China (Phase I)","country":"People's Republic of China","cat":"natural"}},{"type":"Feature","geometry":{"type":"Point","coordinates":[-44.6854,-23.0186]},"properties":{"name":"Paraty and Ilha Grande – Culture and Biodiversity","country":"Brazil","cat":"mixed"}},{"type":"Feature","geometry":{"type":"Point","coordinates":[55.7243,37.4215]},"properties":{"name":"Hyrcanian Forests","country":"Azerbaijan","cat":"natural"}},{"type":"Feature","geometry":{"type":"Point","coordinates":[101.2258,47.7428]},"properties":{"name":"Deer Stone Monuments, the Heart of Bronze Age Culture","country":"Mongolia","cat":"cultural"}},{"type":"Feature","geometry":{"type":"Point","coordinates":[128.8737,35.2373]},"properties":{"name":"Gaya Tumuli","country":"South Korea","cat":"cultural"}},{"type":"Feature","geometry":{"type":"Point","coordinates":[115.3178,-8.415]},"properties":{"name":"Pegulingan Temple","country":"Indonesia","cat":"cultural"}},{"type":"Feature","geometry":{"type":"Point","coordinates":[115.3119,-8.4202]},"properties":{"name":"Mengening Temple","country":"Indonesia","cat":"cultural"}},{"type":"Feature","geometry":{"type":"Point","coordinates":[35.2067,31.7044]},"properties":{"name":"Birthplace of Jesus: Church of the Nativity and the Pilgrimage Route, Bethlehem","country":"Palestine","cat":"cultural"}},{"type":"Feature","geometry":{"type":"Point","coordinates":[57.0,19.7]},"properties":{"name":"Arabian Oryx Sanctuary","country":"Oman","cat":"natural"}},{"type":"Feature","geometry":{"type":"Point","coordinates":[77.2165,28.6271]},"properties":{"name":"Jantar Mantar","country":"India","cat":"cultural"}},{"type":"Feature","geometry":{"type":"Point","coordinates":[-4.9725,34.0625]},"properties":{"name":"Medina of Fez","country":"Morocco","cat":"cultural"}},{"type":"Feature","geometry":{"type":"Point","coordinates":[-103.77,20.6283]},"properties":{"name":"Agave Landscape and Ancient Industrial Facilities of Tequila","country":"Mexico","cat":"cultural"}},{"type":"Feature","geometry":{"type":"Point","coordinates":[-71.2106,46.8094]},"properties":{"name":"Old Quebec","country":"Canada","cat":"cultural"}},{"type":"Feature","geometry":{"type":"Point","coordinates":[-55.1539,5.826]},"properties":{"name":"Historic Inner City of Paramaribo","country":"Suriname","cat":"cultural"}},{"type":"Feature","geometry":{"type":"Point","coordinates":[34.9866,32.8138]},"properties":{"name":"Bahá'í World Centre buildings","country":"Israel","cat":"cultural"}},{"type":"Feature","geometry":{"type":"Point","coordinates":[113.5311,22.1861]},"properties":{"name":"A-Ma Temple","country":"People's Republic of China","cat":"cultural"}},{"type":"Feature","geometry":{"type":"Point","coordinates":[16.3126,49.8734]},"properties":{"name":"Litomyšl Chateau","country":"Czech Republic","cat":"cultural"}},{"type":"Feature","geometry":{"type":"Point","coordinates":[86.693,27.8911]},"properties":{"name":"Sagarmatha National Park","country":"Nepal","cat":"natural"}},{"type":"Feature","geometry":{"type":"Point","coordinates":[20.664,40.9007]},"properties":{"name":"Natural and Cultural Heritage of the Ohrid region","country":"North Macedonia","cat":"mixed"}},{"type":"Feature","geometry":{"type":"Point","coordinates":[17.8786,59.3169]},"properties":{"name":"Chinese Pavilion at Drottningholm","country":"Sweden","cat":"cultural"}},{"type":"Feature","geometry":{"type":"Point","coordinates":[2.3589,48.85]},"properties":{"name":"banks of the Seine","country":"France","cat":"cultural"}},{"type":"Feature","geometry":{"type":"Point","coordinates":[-0.5722,44.8389]},"properties":{"name":"port of the Moon","country":"France","cat":"cultural"}},{"type":"Feature","geometry":{"type":"Point","coordinates":[12.6528,51.8647]},"properties":{"name":"Luther Memorials in Eisleben and Wittenberg","country":"Germany","cat":"cultural"}},{"type":"Feature","geometry":{"type":"Point","coordinates":[37.4,-9.0]},"properties":{"name":"Selous Game Reserve","country":"Tanzania","cat":"natural"}},{"type":"Feature","geometry":{"type":"Point","coordinates":[48.8487,32.0537]},"properties":{"name":"Shushtar Historical Hydraulic System","country":"Iran","cat":"cultural"}},{"type":"Feature","geometry":{"type":"Point","coordinates":[-2.8651,42.3258]},"properties":{"name":"Monasteries of San Millán de la Cogolla","country":"Spain","cat":"cultural"}},{"type":"Feature","geometry":{"type":"Point","coordinates":[15.3917,47.0742]},"properties":{"name":"City of Graz – Historic Centre and Schloss Eggenberg","country":"Austria","cat":"cultural"}},{"type":"Feature","geometry":{"type":"Point","coordinates":[4.4336,51.9228]},"properties":{"name":"Van Nelle Factory","country":"Netherlands","cat":"cultural"}},{"type":"Feature","geometry":{"type":"Point","coordinates":[-111.6728,27.7531]},"properties":{"name":"Islands and Protected Areas of the Gulf of California","country":"Mexico","cat":"natural"}},{"type":"Feature","geometry":{"type":"Point","coordinates":[36.24,0.4425]},"properties":{"name":"Kenya Lake System in the Great Rift Valley","country":"Kenya","cat":"natural"}},{"type":"Feature","geometry":{"type":"Point","coordinates":[103.8591,13.4409]},"properties":{"name":"Angkor","country":"Cambodia","cat":"cultural"}},{"type":"Feature","geometry":{"type":"Point","coordinates":[35.4446,31.8717]},"properties":{"name":"Tell es-Sultan","country":"Palestine","cat":"cultural"}},{"type":"Feature","geometry":{"type":"Point","coordinates":[34.8983,31.6131]},"properties":{"name":"Beit Guvrin National Park","country":"Israel","cat":"cultural"}},{"type":"Feature","geometry":{"type":"Point","coordinates":[1.9881,7.1856]},"properties":{"name":"Royal Palaces of Abomey","country":"Benin","cat":"cultural"}},{"type":"Feature","geometry":{"type":"Point","coordinates":[-28.5411,38.5133]},"properties":{"name":"Landscape of the Pico Island Vineyard Culture","country":"Portugal","cat":"cultural"}},{"type":"Feature","geometry":{"type":"Point","coordinates":[33.9754,28.5562]},"properties":{"name":"Saint Catherine Area","country":"Egypt","cat":"cultural"}},{"type":"Feature","geometry":{"type":"Point","coordinates":[-69.883,18.473]},"properties":{"name":"Colonial City of Santo Domingo","country":"Dominican Republic","cat":"cultural"}},{"type":"Feature","geometry":{"type":"Point","coordinates":[-39.25,-16.5]},"properties":{"name":"Discovery Coast Atlantic Forest Reserves","country":"Brazil","cat":"natural"}},{"type":"Feature","geometry":{"type":"Point","coordinates":[-48.0,-24.1667]},"properties":{"name":"Atlantic Forest South-East Reserves","country":"Brazil","cat":"natural"}},{"type":"Feature","geometry":{"type":"Point","coordinates":[30.555,50.4373]},"properties":{"name":"Church of the Saviour at Berestove","country":"Ukraine","cat":"cultural"}},{"type":"Feature","geometry":{"type":"Point","coordinates":[69.1889,50.4333]},"properties":{"name":"Saryarka – Steppe and Lakes of Northern Kazakhstan","country":"Kazakhstan","cat":"natural"}},{"type":"Feature","geometry":{"type":"Point","coordinates":[-92.0468,17.4836]},"properties":{"name":"Temple of the Inscriptions","country":"Mexico","cat":"cultural"}},{"type":"Feature","geometry":{"type":"Point","coordinates":[16.3333,2.6667]},"properties":{"name":"Sangha Trinational","country":"Central African Republic","cat":"natural"}},{"type":"Feature","geometry":{"type":"Point","coordinates":[24.0319,49.8417]},"properties":{"name":"Old Town of Lviv","country":"Ukraine","cat":"cultural"}},{"type":"Feature","geometry":{"type":"Point","coordinates":[113.536,22.191]},"properties":{"name":"Historic Centre of Macau","country":"People's Republic of China","cat":"cultural"}},{"type":"Feature","geometry":{"type":"Point","coordinates":[-72.8054,0.7006]},"properties":{"name":"Chiribiquete National Park","country":"Colombia","cat":"mixed"}},{"type":"Feature","geometry":{"type":"Point","coordinates":[88.3123,27.6563]},"properties":{"name":"Khangchendzonga National Park","country":"India","cat":"mixed"}},{"type":"Feature","geometry":{"type":"Point","coordinates":[-75.135,-14.6975]},"properties":{"name":"Nazca Lines","country":"Peru","cat":"cultural"}},{"type":"Feature","geometry":{"type":"Point","coordinates":[-8.3775,41.5546]},"properties":{"name":"Bom Jesus do Monte","country":"Portugal","cat":"cultural"}},{"type":"Feature","geometry":{"type":"Point","coordinates":[11.2561,43.7731]},"properties":{"name":"Historic Centre of Florence","country":"Italy","cat":"cultural"}},{"type":"Feature","geometry":{"type":"Point","coordinates":[55.48,-21.0994]},"properties":{"name":"Pitons, cirques and remparts of Reunion Island","country":"France","cat":"natural"}},{"type":"Feature","geometry":{"type":"Point","coordinates":[20.7,39.8667]},"properties":{"name":"Zagori","country":"Greece","cat":"cultural"}},{"type":"Feature","geometry":{"type":"Point","coordinates":[51.0272,25.9834]},"properties":{"name":"Zubarah","country":"Qatar","cat":"cultural"}},{"type":"Feature","geometry":{"type":"Point","coordinates":[-7.5599,43.0142]},"properties":{"name":"Roman Walls of Lugo","country":"Spain","cat":"cultural"}},{"type":"Feature","geometry":{"type":"Point","coordinates":[0.0622,47.2163]},"properties":{"name":"The Loire Valley between Sully-sur-Loire and Chalonnes","country":"France","cat":"cultural"}},{"type":"Feature","geometry":{"type":"Point","coordinates":[45.15,19.7833]},"properties":{"name":"Qaryat al-Faw","country":"Saudi Arabia","cat":"cultural"}},{"type":"Feature","geometry":{"type":"Point","coordinates":[-98.6622,19.8364]},"properties":{"name":"Aqueduct of Padre Tembleque","country":"Mexico","cat":"cultural"}},{"type":"Feature","geometry":{"type":"Point","coordinates":[-11.6236,20.9289]},"properties":{"name":"Ancient Ksour of Ouadane, Chinguetti, Tichitt and Oualata","country":"Mauritania","cat":"cultural"}},{"type":"Feature","geometry":{"type":"Point","coordinates":[53.4,12.5]},"properties":{"name":"Socotra Archipelago","country":"Yemen","cat":"natural"}},{"type":"Feature","geometry":{"type":"Point","coordinates":[17.9839,42.8458]},"properties":{"name":"Vjetrenica","country":"Bosnia and Herzegovina","cat":"natural"}},{"type":"Feature","geometry":{"type":"Point","coordinates":[-76.2333,1.9167]},"properties":{"name":"San Agustin archeological park","country":"Colombia","cat":"cultural"}},{"type":"Feature","geometry":{"type":"Point","coordinates":[141.1103,38.9886]},"properties":{"name":"Hiraizumi – Temples, Gardens and Archaeological Sites Representing the Buddhist Pure Land","country":"Japan","cat":"cultural"}},{"type":"Feature","geometry":{"type":"Point","coordinates":[17.5425,59.335]},"properties":{"name":"Birka and Hovgården","country":"Sweden","cat":"cultural"}},{"type":"Feature","geometry":{"type":"Point","coordinates":[10.7069,35.2964]},"properties":{"name":"Roman amphitheatre of El Jem","country":"Tunisia","cat":"cultural"}},{"type":"Feature","geometry":{"type":"Point","coordinates":[-12.8458,12.5933]},"properties":{"name":"Bassari Country","country":"Senegal","cat":"cultural"}},{"type":"Feature","geometry":{"type":"Point","coordinates":[16.7347,47.8006]},"properties":{"name":"Fertö / Neusiedlersee Cultural Landscape","country":"Hungary","cat":"cultural"}},{"type":"Feature","geometry":{"type":"Point","coordinates":[0.1152,49.4891]},"properties":{"name":"reconstructed center of Le Havre","country":"France","cat":"cultural"}},{"type":"Feature","geometry":{"type":"Point","coordinates":[11.679,43.0766]},"properties":{"name":"Historic Centre of the City of Pienza","country":"Italy","cat":"cultural"}},{"type":"Feature","geometry":{"type":"Point","coordinates":[-8.2908,41.4452]},"properties":{"name":"Historic Centre of Guimarães and Couros Zone","country":"Portugal","cat":"cultural"}},{"type":"Feature","geometry":{"type":"Point","coordinates":[-27.22,38.655]},"properties":{"name":"Centro Histórico de Angra do Heroísmo","country":"Portugal","cat":"cultural"}},{"type":"Feature","geometry":{"type":"Point","coordinates":[10.0197,46.4089]},"properties":{"name":"Rhaetian Railway in the Albula / Bernina Landscapes","country":"Italy","cat":"cultural"}},{"type":"Feature","geometry":{"type":"Point","coordinates":[-0.7229,45.1841]},"properties":{"name":"Way of Saint James UNESCO World Heritage Sites in France","country":"France","cat":"cultural"}},{"type":"Feature","geometry":{"type":"Point","coordinates":[44.4316,32.5418]},"properties":{"name":"Babylon","country":"Iraq","cat":"cultural"}},{"type":"Feature","geometry":{"type":"Point","coordinates":[9.497,30.132]},"properties":{"name":"Old Town of Ghadamès","country":"Libya","cat":"cultural"}},{"type":"Feature","geometry":{"type":"Point","coordinates":[47.1706,41.1919]},"properties":{"name":"Historic Centre of Sheki with the Khan’s Palace","country":"Azerbaijan","cat":"cultural"}},{"type":"Feature","geometry":{"type":"Point","coordinates":[38.7186,14.1302]},"properties":{"name":"Ruins of Aksum","country":"Ethiopia","cat":"cultural"}},{"type":"Feature","geometry":{"type":"Point","coordinates":[11.8796,45.4119]},"properties":{"name":"Padua's fourteenth-century fresco cycles","country":"Italy","cat":"cultural"}},{"type":"Feature","geometry":{"type":"Point","coordinates":[-3.6865,40.4141]},"properties":{"name":"Paseo del Prado and Buen Retiro, a landscape of Arts and Sciences","country":"Spain","cat":"cultural"}},{"type":"Feature","geometry":{"type":"Point","coordinates":[41.9511,41.7022]},"properties":{"name":"Colchic Rainforests and Wetlands","country":"Georgia","cat":"natural"}},{"type":"Feature","geometry":{"type":"Point","coordinates":[126.1044,34.8288]},"properties":{"name":"Getbol, Korean Tidal Flats","country":"South Korea","cat":"natural"}},{"type":"Feature","geometry":{"type":"Point","coordinates":[-4.115,53.1208]},"properties":{"name":"The Slate Landscape of Northwest Wales","country":"United Kingdom","cat":"cultural"}},{"type":"Feature","geometry":{"type":"Point","coordinates":[-78.2359,-9.5569]},"properties":{"name":"Chankillo Archaeoastronomical Complex","country":"Peru","cat":"cultural"}},{"type":"Feature","geometry":{"type":"Point","coordinates":[16.861,48.115]},"properties":{"name":"Frontiers of the Roman Empire – The Danube Limes (Western Segment)","country":"Austria","cat":"cultural"}},{"type":"Feature","geometry":{"type":"Point","coordinates":[7.2723,43.7017]},"properties":{"name":"Nice, Winter Resort Town of the Riviera","country":"France","cat":"cultural"}},{"type":"Feature","geometry":{"type":"Point","coordinates":[-70.322,-18.482]},"properties":{"name":"Settlement and Artificial Mummification of the Chinchorro Culture in the Arica and Parinacota Region","country":"Chile","cat":"cultural"}},{"type":"Feature","geometry":{"type":"Point","coordinates":[-81.6,4.0]},"properties":{"name":"Malpelo Fauna and Flora Sanctuary","country":"Colombia","cat":"natural"}},{"type":"Feature","geometry":{"type":"Point","coordinates":[7.8692,45.4575]},"properties":{"name":"Ivrea, industrial city of the 20th century","country":"Italy","cat":"cultural"}},{"type":"Feature","geometry":{"type":"Point","coordinates":[8.4395,49.3162]},"properties":{"name":"ShUM Sites of Speyer, Worms and Mainz","country":"Germany","cat":"cultural"}},{"type":"Feature","geometry":{"type":"Point","coordinates":[100.5606,14.3478]},"properties":{"name":"Historic City of Ayutthaya","country":"Thailand","cat":"cultural"}},{"type":"Feature","geometry":{"type":"Point","coordinates":[35.8259,34.4396]},"properties":{"name":"Rachid Karami International Fair","country":"Lebanon","cat":"cultural"}},{"type":"Feature","geometry":{"type":"Point","coordinates":[40.4333,56.4167]},"properties":{"name":"Kremlin of Suzdal and Cathedral of the Nativity","country":"Russia","cat":"cultural"}},{"type":"Feature","geometry":{"type":"Point","coordinates":[45.3352,15.4268]},"properties":{"name":"Landmarks of the Ancient Kingdom of Saba","country":"Yemen","cat":"cultural"}},{"type":"Feature","geometry":{"type":"Point","coordinates":[-90.3612,-0.623]},"properties":{"name":"Galápagos Islands","country":"Ecuador","cat":"natural"}},{"type":"Feature","geometry":{"type":"Point","coordinates":[38.6083,8.7025]},"properties":{"name":"Melka Kunture","country":"Ethiopia","cat":"cultural"}},{"type":"Feature","geometry":{"type":"Point","coordinates":[72.1198,38.7412]},"properties":{"name":"Pamir National Park","country":"Tajikistan","cat":"natural"}},{"type":"Feature","geometry":{"type":"Point","coordinates":[10.1701,36.799]},"properties":{"name":"Medina of Tunis","country":"Tunisia","cat":"cultural"}},{"type":"Feature","geometry":{"type":"Point","coordinates":[36.3697,32.3267]},"properties":{"name":"Umm el-Jimal","country":"Jordan","cat":"cultural"}},{"type":"Feature","geometry":{"type":"Point","coordinates":[128.5167,36.5392]},"properties":{"name":"Historic Villages of Korea: Hahoe and Yangdong","country":"South Korea","cat":"cultural"}},{"type":"Feature","geometry":{"type":"Point","coordinates":[1.2593,41.1147]},"properties":{"name":"Archaeological Ensemble of Tárraco","country":"Spain","cat":"cultural"}},{"type":"Feature","geometry":{"type":"Point","coordinates":[21.6267,39.7125]},"properties":{"name":"Meteora","country":"Greece","cat":"mixed"}},{"type":"Feature","geometry":{"type":"Point","coordinates":[2.1083,48.8081]},"properties":{"name":"Gardens of Versailles","country":"France","cat":"cultural"}},{"type":"Feature","geometry":{"type":"Point","coordinates":[9.4831,55.3567]},"properties":{"name":"Christiansfeld","country":"Denmark","cat":"cultural"}},{"type":"Feature","geometry":{"type":"Point","coordinates":[6.78,47.08]},"properties":{"name":"La Chaux-de-Fonds / Le Locle, Watchmaking Town Planning","country":"Switzerland","cat":"cultural"}},{"type":"Feature","geometry":{"type":"Point","coordinates":[-56.4295,51.7269]},"properties":{"name":"Red Bay National Historic Site","country":"Canada","cat":"cultural"}},{"type":"Feature","geometry":{"type":"Point","coordinates":[113.5368,22.1907]},"properties":{"name":"St Lawrence's Church","country":"People's Republic of China","cat":"cultural"}},{"type":"Feature","geometry":{"type":"Point","coordinates":[-151.3592,-16.8361]},"properties":{"name":"Taputapuatea marae","country":"France","cat":"cultural"}},{"type":"Feature","geometry":{"type":"Point","coordinates":[-53.1903,46.6319]},"properties":{"name":"Mistaken Point Ecological Reserve","country":"Canada","cat":"natural"}},{"type":"Feature","geometry":{"type":"Point","coordinates":[-79.6558,9.5539]},"properties":{"name":"fortifications on the Caribbean Side of Panama: Portobelo-San Lorenzo","country":"Panama","cat":"cultural"}},{"type":"Feature","geometry":{"type":"Point","coordinates":[-77.0431,-12.0514]},"properties":{"name":"Historic Centre of Lima","country":"Peru","cat":"cultural"}},{"type":"Feature","geometry":{"type":"Point","coordinates":[-72.5833,-13.1167]},"properties":{"name":"Historic Sanctuary of Machu Picchu","country":"Peru","cat":"mixed"}},{"type":"Feature","geometry":{"type":"Point","coordinates":[19.0369,43.1532]},"properties":{"name":"Durmitor National Park","country":"Montenegro","cat":"natural"}},{"type":"Feature","geometry":{"type":"Point","coordinates":[100.972,5.0679]},"properties":{"name":"Archaeological Heritage of the Lenggong Valley","country":"Malaysia","cat":"cultural"}},{"type":"Feature","geometry":{"type":"Point","coordinates":[14.0267,46.0039]},"properties":{"name":"Heritage of Mercury. Almadén and Idrija","country":"Spain","cat":"cultural"}},{"type":"Feature","geometry":{"type":"Point","coordinates":[-43.2914,-22.9478]},"properties":{"name":"Rio de Janeiro: Carioca Landscapes between the Mountain and the Sea","country":"Brazil","cat":"cultural"}},{"type":"Feature","geometry":{"type":"Point","coordinates":[79.9425,18.2594]},"properties":{"name":"Ramappa Temple","country":"India","cat":"cultural"}},{"type":"Feature","geometry":{"type":"Point","coordinates":[-47.8828,-15.7939]},"properties":{"name":"Pilot Plan of Brasília","country":"Brazil","cat":"cultural"}},{"type":"Feature","geometry":{"type":"Point","coordinates":[0.05,42.65]},"properties":{"name":"Pyrénées – Mont Perdu World Heritage Site","country":"Spain","cat":"mixed"}},{"type":"Feature","geometry":{"type":"Point","coordinates":[110.19,31.29]},"properties":{"name":"Hubei Shennongjia","country":"People's Republic of China","cat":"natural"}},{"type":"Feature","geometry":{"type":"Point","coordinates":[69.5811,-49.1397]},"properties":{"name":"French Southern and Antarctic Lands nature reserve","country":"France","cat":"natural"}},{"type":"Feature","geometry":{"type":"Point","coordinates":[102.9772,24.6689]},"properties":{"name":"Chengjiang Fossil Site","country":"People's Republic of China","cat":"natural"}},{"type":"Feature","geometry":{"type":"Point","coordinates":[8.9146,45.8893]},"properties":{"name":"Monte San Giorgio site fossils","country":"Italy","cat":"natural"}},{"type":"Feature","geometry":{"type":"Point","coordinates":[18.77,42.43]},"properties":{"name":"Natural and Culturo-Historical Region of Kotor","country":"Montenegro","cat":"cultural"}},{"type":"Feature","geometry":{"type":"Point","coordinates":[80.1917,12.6167]},"properties":{"name":"Group of monuments at Mahabalipuram","country":"India","cat":"cultural"}},{"type":"Feature","geometry":{"type":"Point","coordinates":[34.3261,-0.8913]},"properties":{"name":"Thimlich Ohinga","country":"Kenya","cat":"cultural"}},{"type":"Feature","geometry":{"type":"Point","coordinates":[2.4408,36.5951]},"properties":{"name":"Tipasa","country":"Algeria","cat":"cultural"}},{"type":"Feature","geometry":{"type":"Point","coordinates":[13.3675,45.7683]},"properties":{"name":"Archaeological Area and the Patriarchal Basilica of Aquileia","country":"Italy","cat":"cultural"}},{"type":"Feature","geometry":{"type":"Point","coordinates":[-47.8828,-15.7939]},"properties":{"name":"Plano Piloto","country":"Brazil","cat":"cultural"}},{"type":"Feature","geometry":{"type":"Point","coordinates":[20.1408,40.0742]},"properties":{"name":"Historic Centres of Berat and Gjirokastër","country":"Albania","cat":"cultural"}},{"type":"Feature","geometry":{"type":"Point","coordinates":[10.9939,45.4386]},"properties":{"name":"Verona historic center","country":"Italy","cat":"cultural"}},{"type":"Feature","geometry":{"type":"Point","coordinates":[36.3064,33.5111]},"properties":{"name":"Ancient City of Damascus","country":"Syria","cat":"cultural"}},{"type":"Feature","geometry":{"type":"Point","coordinates":[23.2586,50.7206]},"properties":{"name":"Old City of Zamość","country":"Poland","cat":"cultural"}},{"type":"Feature","geometry":{"type":"Point","coordinates":[-113.9167,32.0]},"properties":{"name":"El Pinacate y Gran Desierto de Altar Biosphere Reserve","country":"Mexico","cat":"natural"}},{"type":"Feature","geometry":{"type":"Point","coordinates":[-43.5036,-20.3858]},"properties":{"name":"Historic Town of Ouro Preto","country":"Brazil","cat":"cultural"}},{"type":"Feature","geometry":{"type":"Point","coordinates":[-5.3667,35.5708]},"properties":{"name":"Medina of Tétouan","country":"Morocco","cat":"cultural"}},{"type":"Feature","geometry":{"type":"Point","coordinates":[-101.1833,19.7]},"properties":{"name":"Historic Centre of Morelia","country":"Mexico","cat":"cultural"}},{"type":"Feature","geometry":{"type":"Point","coordinates":[-102.55,22.7667]},"properties":{"name":"Historic centre of Zacatecas","country":"Mexico","cat":"cultural"}},{"type":"Feature","geometry":{"type":"Point","coordinates":[-100.3667,20.5833]},"properties":{"name":"Historic Monuments Zone of Querétaro","country":"Mexico","cat":"cultural"}},{"type":"Feature","geometry":{"type":"Point","coordinates":[-8.613,41.1432]},"properties":{"name":"Historic Centre of Porto","country":"Portugal","cat":"cultural"}},{"type":"Feature","geometry":{"type":"Point","coordinates":[-9.4338,38.7884]},"properties":{"name":"Cultural Landscape of Sintra","country":"Portugal","cat":"cultural"}},{"type":"Feature","geometry":{"type":"Point","coordinates":[-98.2083,19.0472]},"properties":{"name":"Historic Centre of Puebla","country":"Mexico","cat":"cultural"}},{"type":"Feature","geometry":{"type":"Point","coordinates":[105.8,14.8333]},"properties":{"name":"Champasak cultural landscape","country":"Laos","cat":"cultural"}},{"type":"Feature","geometry":{"type":"Point","coordinates":[57.3007,22.9644]},"properties":{"name":"Bahla Fort","country":"Oman","cat":"cultural"}},{"type":"Feature","geometry":{"type":"Point","coordinates":[-86.6178,12.4005]},"properties":{"name":"Ruínas de León Viejo","country":"Nicaragua","cat":"cultural"}},{"type":"Feature","geometry":{"type":"Point","coordinates":[4.35,50.8167]},"properties":{"name":"Major Town Houses of the Architect Victor Horta","country":"Belgium","cat":"cultural"}},{"type":"Feature","geometry":{"type":"Point","coordinates":[-64.4181,45.7519]},"properties":{"name":"Joggins Fossil Cliffs","country":"Canada","cat":"natural"}},{"type":"Feature","geometry":{"type":"Point","coordinates":[34.9661,32.6708]},"properties":{"name":"Nahal Me'arot Nature Reserve","country":"Israel","cat":"cultural"}},{"type":"Feature","geometry":{"type":"Point","coordinates":[102.8314,47.5567]},"properties":{"name":"Orkhon Valley","country":"Mongolia","cat":"cultural"}},{"type":"Feature","geometry":{"type":"Point","coordinates":[121.1367,16.9339]},"properties":{"name":"Rice Terraces of the Philippine Cordilleras","country":"Philippines","cat":"cultural"}},{"type":"Feature","geometry":{"type":"Point","coordinates":[2.1083,48.8081]},"properties":{"name":"Park of Versailles","country":"France","cat":"cultural"}},{"type":"Feature","geometry":{"type":"Point","coordinates":[-15.5167,13.6833]},"properties":{"name":"Stone Circles of Senegambia","country":"Senegal","cat":"cultural"}},{"type":"Feature","geometry":{"type":"Point","coordinates":[-4.5481,37.0233]},"properties":{"name":"Antequera Dolmens Site","country":"Spain","cat":"cultural"}},{"type":"Feature","geometry":{"type":"Point","coordinates":[0.1553,44.8947]},"properties":{"name":"Jurisdiction of Saint-Emilion","country":"France","cat":"cultural"}},{"type":"Feature","geometry":{"type":"Point","coordinates":[-62.0083,-2.3333]},"properties":{"name":"Central Amazon Conservation Complex","country":"Brazil","cat":"natural"}},{"type":"Feature","geometry":{"type":"Point","coordinates":[2.1194,48.805]},"properties":{"name":"Palace and Park of Versailles","country":"France","cat":"cultural"}},{"type":"Feature","geometry":{"type":"Point","coordinates":[103.8162,1.3151]},"properties":{"name":"Singapore Botanic Gardens","country":"Singapore","cat":"cultural"}},{"type":"Feature","geometry":{"type":"Point","coordinates":[17.885,59.3231]},"properties":{"name":"Drottningholm Palace Theatre","country":"Sweden","cat":"cultural"}},{"type":"Feature","geometry":{"type":"Point","coordinates":[69.6856,39.4415]},"properties":{"name":"Silk Roads: Zarafshan-Karakum Corridor","country":"Uzbekistan","cat":"cultural"}},{"type":"Feature","geometry":{"type":"Point","coordinates":[-63.2453,49.5386]},"properties":{"name":"Anticosti","country":"Canada","cat":"natural"}},{"type":"Feature","geometry":{"type":"Point","coordinates":[49.1191,55.7909]},"properties":{"name":"Astronomical Observatories of Kazan Federal University","country":"Russia","cat":"cultural"}},{"type":"Feature","geometry":{"type":"Point","coordinates":[10.3889,44.3799]},"properties":{"name":"Evaporitic Karst and Caves of Northern Apennines","country":"Italy","cat":"natural"}},{"type":"Feature","geometry":{"type":"Point","coordinates":[79.0342,44.0258]},"properties":{"name":"Cold Winter Deserts of Turan","country":"Kazakhstan","cat":"natural"}},{"type":"Feature","geometry":{"type":"Point","coordinates":[11.0292,50.9786]},"properties":{"name":"Jewish-Medieval Heritage of Erfurt","country":"Germany","cat":"cultural"}},{"type":"Feature","geometry":{"type":"Point","coordinates":[21.9706,56.9675]},"properties":{"name":"Old town of Kuldīga","country":"Latvia","cat":"cultural"}},{"type":"Feature","geometry":{"type":"Point","coordinates":[48.8854,40.7059]},"properties":{"name":"Cultural Landscape of Khinalig People and “Köç Yolu” Transhumance Route","country":"Azerbaijan","cat":"cultural"}},{"type":"Feature","geometry":{"type":"Point","coordinates":[13.5451,50.325]},"properties":{"name":"Žatec and the Landscape of Saaz Hops","country":"Czech Republic","cat":"cultural"}},{"type":"Feature","geometry":{"type":"Point","coordinates":[11.3328,44.4914]},"properties":{"name":"porticoes of Bologna","country":"Italy","cat":"cultural"}},{"type":"Feature","geometry":{"type":"Point","coordinates":[33.7167,16.9333]},"properties":{"name":"Archaeological Sites of the Island of Meroe","country":"Sudan","cat":"cultural"}},{"type":"Feature","geometry":{"type":"Point","coordinates":[38.9358,15.3353]},"properties":{"name":"Asmara: A Modernist African City","country":"Eritrea","cat":"cultural"}},{"type":"Feature","geometry":{"type":"Point","coordinates":[-61.7601,17.0045]},"properties":{"name":"Antigua Naval Dockyard and Related Archaeological Sites","country":"Antigua and Barbuda","cat":"cultural"}},{"type":"Feature","geometry":{"type":"Point","coordinates":[138.2578,38.0408]},"properties":{"name":"Sado Island Gold Mines","country":"Japan","cat":"cultural"}},{"type":"Feature","geometry":{"type":"Point","coordinates":[-11.2,7.3667]},"properties":{"name":"Gola-Tiwai complex","country":"Sierra Leone","cat":"natural"}},{"type":"Feature","geometry":{"type":"Point","coordinates":[102.3563,17.7311]},"properties":{"name":"Phu Phrabat, a testimony to the Sīma stone tradition of the Dvaravati period","country":"Thailand","cat":"cultural"}},{"type":"Feature","geometry":{"type":"Point","coordinates":[-75.3808,40.6192]},"properties":{"name":"Moravian Church Settlements","country":"United States","cat":"cultural"}},{"type":"Feature","geometry":{"type":"Point","coordinates":[38.1726,61.928]},"properties":{"name":"Cultural Landscape of Kenozero Lake","country":"Russia","cat":"cultural"}},{"type":"Feature","geometry":{"type":"Point","coordinates":[32.776,-26.548]},"properties":{"name":"Maputo National Park","country":"Mozambique","cat":"natural"}},{"type":"Feature","geometry":{"type":"Point","coordinates":[73.9425,20.7225]},"properties":{"name":"Maratha Military Landscapes of India","country":"India","cat":"cultural"}},{"type":"Feature","geometry":{"type":"Point","coordinates":[104.902,11.4844]},"properties":{"name":"Cambodian Memorial Sites: From centres of repression to places of peace and reflection","country":"Cambodia","cat":"cultural"}},{"type":"Feature","geometry":{"type":"Point","coordinates":[48.3167,33.4667]},"properties":{"name":"Prehistoric Sites of the Khorramabad Valley","country":"Iran","cat":"cultural"}},{"type":"Feature","geometry":{"type":"Point","coordinates":[-3.0872,47.6161]},"properties":{"name":"Megaliths of Carnac and of the shores of Morbihan","country":"France","cat":"cultural"}},{"type":"Feature","geometry":{"type":"Point","coordinates":[101.6333,3.2333]},"properties":{"name":"Forest Research Institute Malaysia Forest Park Selangor","country":"Malaysia","cat":"cultural"}},{"type":"Feature","geometry":{"type":"Point","coordinates":[129.174,35.6084]},"properties":{"name":"Petroglyphs along the Bangucheon Stream","country":"South Korea","cat":"cultural"}},{"type":"Feature","geometry":{"type":"Point","coordinates":[69.5567,37.7777]},"properties":{"name":"Cultural Heritage Sites of Ancient Khuttal","country":"Tajikistan","cat":"cultural"}},{"type":"Feature","geometry":{"type":"Point","coordinates":[-65.2596,-19.0479]},"properties":{"name":"Historic Center of Sucre","country":"Bolivia","cat":"cultural"}},{"type":"Feature","geometry":{"type":"Point","coordinates":[24.3272,40.1583]},"properties":{"name":"Mount Athos","country":"Greece","cat":"mixed"}},{"type":"Feature","geometry":{"type":"Point","coordinates":[-52.906,-18.1158]},"properties":{"name":"Cerrado Protected Areas: Chapada dos Veadeiros and Emas National Parks","country":"Brazil","cat":"natural"}},{"type":"Feature","geometry":{"type":"Point","coordinates":[55.8064,24.0678]},"properties":{"name":"Cultural Sites of Al Ain (Hafit, Hili, Bidaa Bint Saud and Oases Areas)","country":"United Arab Emirates","cat":"cultural"}},{"type":"Feature","geometry":{"type":"Point","coordinates":[35.1958,33.2692]},"properties":{"name":"Tyre","country":"Lebanon","cat":"cultural"}},{"type":"Feature","geometry":{"type":"Point","coordinates":[37.15,36.1833]},"properties":{"name":"Ancient City of Aleppo","country":"Syria","cat":"cultural"}},{"type":"Feature","geometry":{"type":"Point","coordinates":[-2.601,54.9926]},"properties":{"name":"borders of the Roman Empire","country":"United Kingdom","cat":"cultural"}},{"type":"Feature","geometry":{"type":"Point","coordinates":[39.8875,57.6236]},"properties":{"name":"historical centre of Yaroslavl","country":"Russia","cat":"cultural"}},{"type":"Feature","geometry":{"type":"Point","coordinates":[49.375,40.125]},"properties":{"name":"Gobustan Rock Art","country":"Azerbaijan","cat":"cultural"}},{"type":"Feature","geometry":{"type":"Point","coordinates":[88.3953,49.3339]},"properties":{"name":"Petroglyphic Complexes of the Mongolian Altai","country":"Mongolia","cat":"cultural"}},{"type":"Feature","geometry":{"type":"Point","coordinates":[-16.3615,13.3175]},"properties":{"name":"Kunta Kinteh Island and Related Sites","country":"The Gambia","cat":"cultural"}},{"type":"Feature","geometry":{"type":"Point","coordinates":[48.6525,55.7701]},"properties":{"name":"Sviyazhsk Assumption Monastery","country":"Russia","cat":"cultural"}},{"type":"Feature","geometry":{"type":"Point","coordinates":[23.2854,45.0374]},"properties":{"name":"Sculptural Ensemble of Constantin Brâncuși at Târgu Jiu","country":"Romania","cat":"cultural"}},{"type":"Feature","geometry":{"type":"Point","coordinates":[39.2,21.4833]},"properties":{"name":"Al-Balad, Jeddah","country":"Saudi Arabia","cat":"cultural"}},{"type":"Feature","geometry":{"type":"Point","coordinates":[-1.87,51.425]},"properties":{"name":"Beckhampton Avenue","country":"United Kingdom","cat":"cultural"}},{"type":"Feature","geometry":{"type":"Point","coordinates":[44.4518,18.2492]},"properties":{"name":"Bir Hima Rock Petroglyphs and Inscriptions","country":"Saudi Arabia","cat":"cultural"}},{"type":"Feature","geometry":{"type":"Point","coordinates":[123.4469,41.7942]},"properties":{"name":"Imperial Palaces of the Ming and Qing Dynasties in Beijing and Shenyang","country":"People's Republic of China","cat":"cultural"}},{"type":"Feature","geometry":{"type":"Point","coordinates":[31.6261,22.3364]},"properties":{"name":"Nubian Monuments from Abu Simbel to Philae","country":"Egypt","cat":"cultural"}},{"type":"Feature","geometry":{"type":"Point","coordinates":[-2.35,51.3667]},"properties":{"name":"Buildings and architecture of Bath","country":"United Kingdom","cat":"cultural"}},{"type":"Feature","geometry":{"type":"Point","coordinates":[9.4197,55.7565]},"properties":{"name":"Jelling Heritage Site","country":"Denmark","cat":"cultural"}},{"type":"Feature","geometry":{"type":"Point","coordinates":[-44.05,-14.9]},"properties":{"name":"Cavernas do Peruaçu Environmental Protection Area","country":"Brazil","cat":"natural"}},{"type":"Feature","geometry":{"type":"Point","coordinates":[50.5128,26.1497]},"properties":{"name":"Dilmun Burial Mounds","country":"Bahrain","cat":"cultural"}},{"type":"Feature","geometry":{"type":"Point","coordinates":[13.8333,10.9167]},"properties":{"name":"Diy-Gid-Biy","country":"Cameroon","cat":"cultural"}},{"type":"Feature","geometry":{"type":"Point","coordinates":[72.5875,23.0256]},"properties":{"name":"Historic City of Ahmadabad","country":"India","cat":"cultural"}},{"type":"Feature","geometry":{"type":"Point","coordinates":[-7.1633,38.8806]},"properties":{"name":"Garrison Border Town of Elvas and its Fortifications","country":"Portugal","cat":"cultural"}},{"type":"Feature","geometry":{"type":"Point","coordinates":[-38.5,-12.9667]},"properties":{"name":"Historic Centre of Salvador da Bahia","country":"Brazil","cat":"cultural"}},{"type":"Feature","geometry":{"type":"Point","coordinates":[-71.9786,-13.5169]},"properties":{"name":"Cusco","country":"Peru","cat":"cultural"}},{"type":"Feature","geometry":{"type":"Point","coordinates":[-114.5425,31.7372]},"properties":{"name":"Upper Gulf of California and Colorado River Delta biosphere reserve","country":"Mexico","cat":"natural"}},{"type":"Feature","geometry":{"type":"Point","coordinates":[51.5765,29.78]},"properties":{"name":"Iwan-e Mosaic","country":"Iran","cat":"cultural"}},{"type":"Feature","geometry":{"type":"Point","coordinates":[51.5772,29.78]},"properties":{"name":"Valerian Palace","country":"Iran","cat":"cultural"}},{"type":"Feature","geometry":{"type":"Point","coordinates":[3.2253,51.2089]},"properties":{"name":"Historic Centre of Brugge","country":"Belgium","cat":"cultural"}},{"type":"Feature","geometry":{"type":"Point","coordinates":[-90.5417,19.8472]},"properties":{"name":"Historic Fortified Town of Campeche","country":"Mexico","cat":"cultural"}},{"type":"Feature","geometry":{"type":"Point","coordinates":[105.9333,17.4583]},"properties":{"name":"Hin Nam No National Protected Area","country":"Laos","cat":"natural"}},{"type":"Feature","geometry":{"type":"Point","coordinates":[28.9799,41.0085]},"properties":{"name":"Historic Areas of Istanbul","country":"Turkey","cat":"cultural"}},{"type":"Feature","geometry":{"type":"Point","coordinates":[-4.1478,40.5892]},"properties":{"name":"Monastery and Site of the Escurial, Madrid","country":"Spain","cat":"cultural"}},{"type":"Feature","geometry":{"type":"Point","coordinates":[-97.3994,18.2114]},"properties":{"name":"Tehuacán-Cuicatlán Biosphere Reserve","country":"Mexico","cat":"mixed"}},{"type":"Feature","geometry":{"type":"Point","coordinates":[51.5757,29.78]},"properties":{"name":"Temple of Anahita at Bishapur","country":"Iran","cat":"cultural"}},{"type":"Feature","geometry":{"type":"Point","coordinates":[113.0677,34.4587]},"properties":{"name":"Historic Monuments of Dengfeng in “The Centre of Heaven and Earth”","country":"People's Republic of China","cat":"cultural"}},{"type":"Feature","geometry":{"type":"Point","coordinates":[-104.1667,22.15]},"properties":{"name":"Huichol route to Huiricuta","country":"Mexico","cat":"cultural"}},{"type":"Feature","geometry":{"type":"Point","coordinates":[-3.6093,40.0364]},"properties":{"name":"Aranjuez Cultural Landscape","country":"Spain","cat":"cultural"}},{"type":"Feature","geometry":{"type":"Point","coordinates":[-87.0667,5.5333]},"properties":{"name":"Cocos Island National Park","country":"Costa Rica","cat":"natural"}},{"type":"Feature","geometry":{"type":"Point","coordinates":[-89.6167,17.2167]},"properties":{"name":"Tikal National Park","country":"Guatemala","cat":"mixed"}},{"type":"Feature","geometry":{"type":"Point","coordinates":[-75.5333,10.4167]},"properties":{"name":"Port, Fortresses and Group of Monuments, Cartagena","country":"Colombia","cat":"cultural"}},{"type":"Feature","geometry":{"type":"Point","coordinates":[-82.9386,9.4069]},"properties":{"name":"Talamanca Range-La Amistad Reserves","country":"Costa Rica","cat":"natural"}},{"type":"Feature","geometry":{"type":"Point","coordinates":[116.3916,39.8996]},"properties":{"name":"Central Axis of Beijing","country":"People's Republic of China","cat":"cultural"}},{"type":"Feature","geometry":{"type":"Point","coordinates":[38.6121,8.4349]},"properties":{"name":"Tiya archaeological site","country":"Ethiopia","cat":"cultural"}},{"type":"Feature","geometry":{"type":"Point","coordinates":[40.5794,11.1]},"properties":{"name":"Lower Valley of the Awash","country":"Ethiopia","cat":"cultural"}},{"type":"Feature","geometry":{"type":"Point","coordinates":[55.839,25.1114]},"properties":{"name":"Jabal Al Fayah","country":"United Arab Emirates","cat":"cultural"}},{"type":"Feature","geometry":{"type":"Point","coordinates":[91.1172,29.6579]},"properties":{"name":"World Heritage Sites in Tibet","country":"People's Republic of China","cat":"cultural"}},{"type":"Feature","geometry":{"type":"Point","coordinates":[20.7675,48.9994]},"properties":{"name":"Levoča, Spiš Castle and the associated cultural monuments","country":"Slovakia","cat":"cultural"}},{"type":"Feature","geometry":{"type":"Point","coordinates":[47.4344,34.3882]},"properties":{"name":"Behistun","country":"Iran","cat":"cultural"}},{"type":"Feature","geometry":{"type":"Point","coordinates":[94.875,26.9436]},"properties":{"name":"Maidam","country":"India","cat":"cultural"}},{"type":"Feature","geometry":{"type":"Point","coordinates":[-37.2056,-11.0136]},"properties":{"name":"São Francisco Square","country":"Brazil","cat":"cultural"}},{"type":"Feature","geometry":{"type":"Point","coordinates":[72.1016,23.8589]},"properties":{"name":"Rani ki vav","country":"India","cat":"cultural"}},{"type":"Feature","geometry":{"type":"Point","coordinates":[34.3664,31.4472]},"properties":{"name":"Tell Umm el-'Amr","country":"Palestine","cat":"cultural"}},{"type":"Feature","geometry":{"type":"Point","coordinates":[23.0744,37.5986]},"properties":{"name":"Sanctuary of Asclepius, Epidaurus","country":"Greece","cat":"cultural"}},{"type":"Feature","geometry":{"type":"Point","coordinates":[131.4122,34.4306]},"properties":{"name":"Sites of Japan’s Meiji Industrial Revolution: Iron and Steel, Shipbuilding and Coal Mining","country":"Japan","cat":"cultural"}},{"type":"Feature","geometry":{"type":"Point","coordinates":[138.8878,36.2553]},"properties":{"name":"The Tomioka Silk Mill and Related Industrial Heritage","country":"Japan","cat":"cultural"}},{"type":"Feature","geometry":{"type":"Point","coordinates":[-64.6778,32.3794]},"properties":{"name":"St George and Related Fortifications","country":"United Kingdom","cat":"cultural"}},{"type":"Feature","geometry":{"type":"Point","coordinates":[46.4778,35.1074]},"properties":{"name":"Cultural Landscape of Hawraman/Uramanat","country":"Iran","cat":"cultural"}},{"type":"Feature","geometry":{"type":"Point","coordinates":[21.0322,49.5339]},"properties":{"name":"Wooden tserkvas of Carpathian region in Poland and Ukraine","country":"Poland","cat":"cultural"}},{"type":"Feature","geometry":{"type":"Point","coordinates":[-111.617,49.0819]},"properties":{"name":"Writing-on-Stone Provincial Park","country":"Canada","cat":"cultural"}},{"type":"Feature","geometry":{"type":"Point","coordinates":[-71.5333,-16.4]},"properties":{"name":"Historic Centre of Arequipa","country":"Peru","cat":"cultural"}},{"type":"Feature","geometry":{"type":"Point","coordinates":[-80.4364,22.1456]},"properties":{"name":"Historic Centre of Cienfuegos","country":"Cuba","cat":"cultural"}},{"type":"Feature","geometry":{"type":"Point","coordinates":[-79.0049,-2.8979]},"properties":{"name":"Historic Centre of Santa Ana de los Ríos de Cuenca","country":"Ecuador","cat":"cultural"}},{"type":"Feature","geometry":{"type":"Point","coordinates":[-43.6,-18.2333]},"properties":{"name":"Historic Centre of the Town of Diamantina","country":"Brazil","cat":"cultural"}},{"type":"Feature","geometry":{"type":"Point","coordinates":[-50.1334,-15.9333]},"properties":{"name":"Historic Centre of the Town of Goiás","country":"Brazil","cat":"cultural"}},{"type":"Feature","geometry":{"type":"Point","coordinates":[-34.845,-8.0133]},"properties":{"name":"Historic Centre of the Town of Olinda","country":"Brazil","cat":"cultural"}},{"type":"Feature","geometry":{"type":"Point","coordinates":[-78.5121,-0.22]},"properties":{"name":"Historic Center of Quito","country":"Ecuador","cat":"cultural"}},{"type":"Feature","geometry":{"type":"Point","coordinates":[-74.4231,9.2405]},"properties":{"name":"Historic Centre of Santa Cruz de Mompox","country":"Colombia","cat":"cultural"}},{"type":"Feature","geometry":{"type":"Point","coordinates":[-44.3058,-2.5277]},"properties":{"name":"Historic Centre of São Luís","country":"Brazil","cat":"cultural"}},{"type":"Feature","geometry":{"type":"Point","coordinates":[-7.9078,38.5731]},"properties":{"name":"Centro Histórico de Évora","country":"Portugal","cat":"cultural"}},{"type":"Feature","geometry":{"type":"Point","coordinates":[0.0309,42.671]},"properties":{"name":"Monte Perdido Massif","country":"Spain","cat":"mixed"}},{"type":"Feature","geometry":{"type":"Point","coordinates":[12.63,0.088]},"properties":{"name":"Ivindo National Park","country":"Gabon","cat":"natural"}},{"type":"Feature","geometry":{"type":"Point","coordinates":[18.6047,53.0103]},"properties":{"name":"Medieval Town of Toruń","country":"Poland","cat":"cultural"}},{"type":"Feature","geometry":{"type":"Point","coordinates":[-3.5944,37.1767]},"properties":{"name":"Alhambra, Generalife and Albayzín, Granada","country":"Spain","cat":"cultural"}},{"type":"Feature","geometry":{"type":"Point","coordinates":[-57.8512,-34.4715]},"properties":{"name":"Historic Quarter of the City of Colonia del Sacramento","country":"Uruguay","cat":"cultural"}},{"type":"Feature","geometry":{"type":"Point","coordinates":[-8.6158,41.1446]},"properties":{"name":"Cadeia da Relação","country":"Portugal","cat":"cultural"}},{"type":"Feature","geometry":{"type":"Point","coordinates":[-5.9916,37.3838]},"properties":{"name":"Cathedral, Alcázar and Archivo de Indias in Seville","country":"Spain","cat":"cultural"}},{"type":"Feature","geometry":{"type":"Point","coordinates":[9.9439,52.1528]},"properties":{"name":"St Mary's Cathedral and St Michael's Church at Hildesheim","country":"Germany","cat":"cultural"}},{"type":"Feature","geometry":{"type":"Point","coordinates":[11.0428,43.4671]},"properties":{"name":"Historic Centre of San Gimignano","country":"Italy","cat":"cultural"}},{"type":"Feature","geometry":{"type":"Point","coordinates":[-6.37,39.4742]},"properties":{"name":"old town of Cáceres","country":"Spain","cat":"cultural"}},{"type":"Feature","geometry":{"type":"Point","coordinates":[-43.9736,-19.8519]},"properties":{"name":"Pampulha Modern Ensemble","country":"Brazil","cat":"cultural"}},{"type":"Feature","geometry":{"type":"Point","coordinates":[8.9311,44.4122]},"properties":{"name":"Genoa: Le Strade Nuove and the system of the Palazzi dei Rolli","country":"Italy","cat":"cultural"}},{"type":"Feature","geometry":{"type":"Point","coordinates":[11.15,51.7833]},"properties":{"name":"Collegiate Church, Castle, and Old Town of Quedlinburg","country":"Germany","cat":"cultural"}},{"type":"Feature","geometry":{"type":"Point","coordinates":[67.8986,24.7564]},"properties":{"name":"Historical Monuments at Makli, Thatta","country":"Pakistan","cat":"cultural"}},{"type":"Feature","geometry":{"type":"Point","coordinates":[-0.1269,51.5006]},"properties":{"name":"Palace of Westminster and Westminster Abbey including Saint Margaret's Church","country":"United Kingdom","cat":"cultural"}},{"type":"Feature","geometry":{"type":"Point","coordinates":[9.7292,44.1069]},"properties":{"name":"Portovenere, Cinque Terre, and the Islands (Palmaria, Tino and Tinetto)","country":"Italy","cat":"cultural"}},{"type":"Feature","geometry":{"type":"Point","coordinates":[74.6461,24.8833]},"properties":{"name":"Hill Forts of Rajasthan","country":"India","cat":"cultural"}},{"type":"Feature","geometry":{"type":"Point","coordinates":[3.4731,44.2203]},"properties":{"name":"The Causses and the Cévennes, Mediterranean agro-pastoral Cultural Landscape","country":"France","cat":"cultural"}},{"type":"Feature","geometry":{"type":"Point","coordinates":[-98.46,29.3281]},"properties":{"name":"San Antonio Missions","country":"United States","cat":"cultural"}},{"type":"Feature","geometry":{"type":"Point","coordinates":[-79.4665,39.9056]},"properties":{"name":"The 20th-Century Architecture of Frank Lloyd Wright","country":"United States","cat":"cultural"}},{"type":"Feature","geometry":{"type":"Point","coordinates":[-82.4461,40.0537]},"properties":{"name":"Hopewell Ceremonial Earthworks","country":"United States","cat":"cultural"}},{"type":"Feature","geometry":{"type":"Point","coordinates":[20.45,63.0667]},"properties":{"name":"High Coast/Kvarken Archipelago","country":"Finland","cat":"natural"}},{"type":"Feature","geometry":{"type":"Point","coordinates":[-5.8658,43.3789]},"properties":{"name":"Monuments of Oviedo and the Kingdom of the Asturias","country":"Spain","cat":"cultural"}},{"type":"Feature","geometry":{"type":"Point","coordinates":[12.3578,55.9136]},"properties":{"name":"Par force hunting landscape in North Zealand","country":"Denmark","cat":"cultural"}},{"type":"Feature","geometry":{"type":"Point","coordinates":[10.34,51.82]},"properties":{"name":"Mines of Rammelsberg, Historic Town of Goslar and Upper Harz Water Management System","country":"Germany","cat":"cultural"}},{"type":"Feature","geometry":{"type":"Point","coordinates":[-4.7797,37.8792]},"properties":{"name":"historic centre of Córdoba","country":"Spain","cat":"cultural"}},{"type":"Feature","geometry":{"type":"Point","coordinates":[105.9156,20.2557]},"properties":{"name":"Tràng An","country":"Vietnam","cat":"mixed"}},{"type":"Feature","geometry":{"type":"Point","coordinates":[20.4228,43.1189]},"properties":{"name":"Stari Ras and Sopoćani","country":"Serbia","cat":"cultural"}},{"type":"Feature","geometry":{"type":"Point","coordinates":[111.0583,32.4448]},"properties":{"name":"Ancient Building Complex in the Wudang Mountains","country":"People's Republic of China","cat":"cultural"}},{"type":"Feature","geometry":{"type":"Point","coordinates":[-17.0,32.7667]},"properties":{"name":"Laurisilva of Madeira","country":"Portugal","cat":"natural"}},{"type":"Feature","geometry":{"type":"Point","coordinates":[16.3722,48.2084]},"properties":{"name":"Historic Centre of Vienna","country":"Austria","cat":"cultural"}},{"type":"Feature","geometry":{"type":"Point","coordinates":[22.75,38.4]},"properties":{"name":"Monasteries of Daphni, Hosios Loukas and Nea Moni of Chios","country":"Greece","cat":"cultural"}},{"type":"Feature","geometry":{"type":"Point","coordinates":[12.3167,45.4333]},"properties":{"name":"Venice and its Lagoon","country":"Italy","cat":"cultural"}},{"type":"Feature","geometry":{"type":"Point","coordinates":[140.5522,41.0656]},"properties":{"name":"Jōmon Prehistoric Sites in Northern Japan","country":"Japan","cat":"cultural"}},{"type":"Feature","geometry":{"type":"Point","coordinates":[129.3783,28.2792]},"properties":{"name":"Amami-Ōshima Island, Tokunoshima Island, northern part of Okinawa Island, and Iriomote Island","country":"Japan","cat":"natural"}},{"type":"Feature","geometry":{"type":"Point","coordinates":[102.7377,23.1172]},"properties":{"name":"Honghe Hani Rice Terraces","country":"People's Republic of China","cat":"cultural"}},{"type":"Feature","geometry":{"type":"Point","coordinates":[34.6,-2.4]},"properties":{"name":"Serengeti National Park","country":"Tanzania","cat":"natural"}},{"type":"Feature","geometry":{"type":"Point","coordinates":[-9.7689,31.5144]},"properties":{"name":"Medina of Essaouira","country":"Morocco","cat":"cultural"}},{"type":"Feature","geometry":{"type":"Point","coordinates":[1.4352,38.9111]},"properties":{"name":"Ibiza, Biodiversity and Culture","country":"Spain","cat":"mixed"}},{"type":"Feature","geometry":{"type":"Point","coordinates":[4.6347,51.8886]},"properties":{"name":"Windmills at Kinderdijk","country":"Netherlands","cat":"cultural"}},{"type":"Feature","geometry":{"type":"Point","coordinates":[-72.2439,19.5736]},"properties":{"name":"National History Park","country":"Haiti","cat":"cultural"}},{"type":"Feature","geometry":{"type":"Point","coordinates":[-5.6645,40.9652]},"properties":{"name":"Old City of Salamanca","country":"Spain","cat":"cultural"}},{"type":"Feature","geometry":{"type":"Point","coordinates":[35.5503,31.8372]},"properties":{"name":"Al Maghtas","country":"Jordan","cat":"cultural"}},{"type":"Feature","geometry":{"type":"Point","coordinates":[44.2145,15.3551]},"properties":{"name":"Old Sana'a","country":"Yemen","cat":"cultural"}},{"type":"Feature","geometry":{"type":"Point","coordinates":[6.9777,60.9658]},"properties":{"name":"West Norwegian Fjords – Geirangerfjord and Nærøyfjord","country":"Norway","cat":"natural"}},{"type":"Feature","geometry":{"type":"Point","coordinates":[-5.5645,33.8949]},"properties":{"name":"Medina of Meknes","country":"Morocco","cat":"cultural"}},{"type":"Feature","geometry":{"type":"Point","coordinates":[-8.5447,42.8808]},"properties":{"name":"old town of Santiago de Compostela","country":"Spain","cat":"cultural"}},{"type":"Feature","geometry":{"type":"Point","coordinates":[127.1272,36.4619]},"properties":{"name":"Baekje Historic Areas","country":"South Korea","cat":"cultural"}},{"type":"Feature","geometry":{"type":"Point","coordinates":[24.8417,54.8806]},"properties":{"name":"Cultural Reserve of Kernavė","country":"Lithuania","cat":"cultural"}},{"type":"Feature","geometry":{"type":"Point","coordinates":[21.2169,41.5753]},"properties":{"name":"Slatinski Izvor","country":"North Macedonia","cat":"natural"}},{"type":"Feature","geometry":{"type":"Point","coordinates":[9.6554,37.1234]},"properties":{"name":"Ichkeul National Park","country":"Tunisia","cat":"natural"}},{"type":"Feature","geometry":{"type":"Point","coordinates":[10.9257,44.6462]},"properties":{"name":"Cathedral, Torre Civica and Piazza Grande, Modena","country":"Italy","cat":"cultural"}},{"type":"Feature","geometry":{"type":"Point","coordinates":[-32.4251,-3.8579]},"properties":{"name":"Brazilian Atlantic Islands: Fernando de Noronha and Atol das Rocas Reserves","country":"Brazil","cat":"natural"}},{"type":"Feature","geometry":{"type":"Point","coordinates":[117.9875,29.9044]},"properties":{"name":"Ancient Villages in Southern Anhui - Xidi and Hongcun","country":"People's Republic of China","cat":"cultural"}},{"type":"Feature","geometry":{"type":"Point","coordinates":[-9.2158,38.6919]},"properties":{"name":"Monastery of the Hieronymites and Tower of Belém in Lisbon","country":"Portugal","cat":"cultural"}},{"type":"Feature","geometry":{"type":"Point","coordinates":[-8.4258,40.2078]},"properties":{"name":"Universidade de Coimbra – Alta e Sofia","country":"Portugal","cat":"cultural"}},{"type":"Feature","geometry":{"type":"Point","coordinates":[-6.3387,38.916]},"properties":{"name":"Archaeological Ensemble of Mérida","country":"Spain","cat":"cultural"}},{"type":"Feature","geometry":{"type":"Point","coordinates":[8.8075,53.076]},"properties":{"name":"Town Hall and Roland on the Marketplace of Bremen","country":"Germany","cat":"cultural"}},{"type":"Feature","geometry":{"type":"Point","coordinates":[71.9458,34.3208]},"properties":{"name":"Buddhist Ruins of Takht-i-Bahi and Neighbouring City Remains at Sahr-i-Bahlol","country":"Pakistan","cat":"cultural"}},{"type":"Feature","geometry":{"type":"Point","coordinates":[20.0639,49.9792]},"properties":{"name":"Wieliczka and Bochnia Royal Salt Mines","country":"Poland","cat":"cultural"}},{"type":"Feature","geometry":{"type":"Point","coordinates":[4.8061,43.9528]},"properties":{"name":"Historic Centre of Avignon","country":"France","cat":"cultural"}},{"type":"Feature","geometry":{"type":"Point","coordinates":[15.5833,56.1667]},"properties":{"name":"Naval City of Karlskrona","country":"Sweden","cat":"cultural"}},{"type":"Feature","geometry":{"type":"Point","coordinates":[-3.2167,55.95]},"properties":{"name":"Old and New Towns of Edinburgh","country":"United Kingdom","cat":"cultural"}},{"type":"Feature","geometry":{"type":"Point","coordinates":[31.8167,18.5333]},"properties":{"name":"Gebel Barkal and the Sites of the Napatan Region","country":"Sudan","cat":"cultural"}},{"type":"Feature","geometry":{"type":"Point","coordinates":[144.9703,-37.8061]},"properties":{"name":"Royal Exhibition Building and Carlton Gardens","country":"Australia","cat":"cultural"}},{"type":"Feature","geometry":{"type":"Point","coordinates":[-4.555,13.9064]},"properties":{"name":"Old Towns of Djenné","country":"Mali","cat":"cultural"}},{"type":"Feature","geometry":{"type":"Point","coordinates":[26.6914,53.2228]},"properties":{"name":"Architectural, Residential and Cultural Complex of the Radziwill Family at Nesvizh","country":"Belarus","cat":"cultural"}},{"type":"Feature","geometry":{"type":"Point","coordinates":[35.1822,32.5972]},"properties":{"name":"Biblical Tels - Megiddo, Hazor, Beer Sheba","country":"Israel","cat":"cultural"}},{"type":"Feature","geometry":{"type":"Point","coordinates":[12.1019,42.0068]},"properties":{"name":"Etruscan Necropolises of Cerveteri and Tarquinia","country":"Italy","cat":"cultural"}},{"type":"Feature","geometry":{"type":"Point","coordinates":[15.2931,37.0594]},"properties":{"name":"Syracuse and the Rocky Necropolis of Pantalica","country":"Italy","cat":"cultural"}},{"type":"Feature","geometry":{"type":"Point","coordinates":[36.2631,34.7817]},"properties":{"name":"Crac des Chevaliers and Qal’at Salah El-Din","country":"Syria","cat":"cultural"}},{"type":"Feature","geometry":{"type":"Point","coordinates":[-100.7464,20.9144]},"properties":{"name":"Protective town of San Miguel and the Sanctuary of Jesús Nazareno de Atotonilco","country":"Mexico","cat":"cultural"}},{"type":"Feature","geometry":{"type":"Point","coordinates":[12.4519,43.9328]},"properties":{"name":"San Marino Historic Centre and Mount Titano","country":"San Marino","cat":"cultural"}},{"type":"Feature","geometry":{"type":"Point","coordinates":[10.7944,45.1594]},"properties":{"name":"Mantua and Sabbioneta","country":"Italy","cat":"cultural"}},{"type":"Feature","geometry":{"type":"Point","coordinates":[120.1408,30.2375]},"properties":{"name":"West Lake Cultural Landscape of Hangzhou","country":"People's Republic of China","cat":"cultural"}},{"type":"Feature","geometry":{"type":"Point","coordinates":[-96.4211,16.9508]},"properties":{"name":"Prehistoric Caves of Yagul and Mitla in the Central Valley of Oaxaca","country":"Mexico","cat":"cultural"}},{"type":"Feature","geometry":{"type":"Point","coordinates":[98.9167,15.3333]},"properties":{"name":"Thungyai-Huai Kha Khaeng Wildlife Sanctuaries","country":"Thailand","cat":"natural"}},{"type":"Feature","geometry":{"type":"Point","coordinates":[126.5081,37.9817]},"properties":{"name":"Historic Monuments and Sites in Kaesong","country":"North Korea","cat":"cultural"}},{"type":"Feature","geometry":{"type":"Point","coordinates":[39.5228,-8.9578]},"properties":{"name":"Ruins of Kilwa Kisiwani and Ruins of Songo Mnara","country":"Tanzania","cat":"cultural"}},{"type":"Feature","geometry":{"type":"Point","coordinates":[35.2319,31.7782]},"properties":{"name":"Old City of Jerusalem and its Walls","country":"Israel","cat":"cultural"}},{"type":"Feature","geometry":{"type":"Point","coordinates":[4.8084,44.1357]},"properties":{"name":"Roman Theatre and its Surroundings and the \"Triumphal Arch\" of Orange","country":"France","cat":"cultural"}},{"type":"Feature","geometry":{"type":"Point","coordinates":[73.9117,15.5024]},"properties":{"name":"Churches and Convents of Goa","country":"India","cat":"cultural"}},{"type":"Feature","geometry":{"type":"Point","coordinates":[5.8764,46.9375]},"properties":{"name":"From the Great Saltworks of Salins-les-Bains to the Royal Saltworks of Arc-et-Senans, the Production of Open-pan Salt","country":"France","cat":"cultural"}},{"type":"Feature","geometry":{"type":"Point","coordinates":[-55.753,-27.056]},"properties":{"name":"Jesuit Missions of La Santísima Trinidad de Paraná and Jesús de Tavarangüé","country":"Paraguay","cat":"cultural"}},{"type":"Feature","geometry":{"type":"Point","coordinates":[36.4817,32.5181]},"properties":{"name":"Ancient City of Bosra","country":"Syria","cat":"cultural"}},{"type":"Feature","geometry":{"type":"Point","coordinates":[-4.1167,40.9485]},"properties":{"name":"Old Town of Segovia and its Aqueduct","country":"Spain","cat":"cultural"}},{"type":"Feature","geometry":{"type":"Point","coordinates":[29.4081,-15.8194]},"properties":{"name":"Mana Pools National Park, Sapi and Chewore Safari Areas","country":"Zimbabwe","cat":"natural"}},{"type":"Feature","geometry":{"type":"Point","coordinates":[6.1833,48.6936]},"properties":{"name":"Place Stanislas, Place de la Carrière and Place d'Alliance in Nancy","country":"France","cat":"cultural"}},{"type":"Feature","geometry":{"type":"Point","coordinates":[8.6288,42.3252]},"properties":{"name":"Gulf of Porto: Calanche of Piana, Gulf of Girolata, Scandola Reserve","country":"France","cat":"natural"}},{"type":"Feature","geometry":{"type":"Point","coordinates":[-1.5761,54.7747]},"properties":{"name":"Durham Castle and Cathedral","country":"United Kingdom","cat":"cultural"}},{"type":"Feature","geometry":{"type":"Point","coordinates":[-66.1192,18.4639]},"properties":{"name":"La Fortaleza and San Juan National Historic Site","country":"United States","cat":"cultural"}},{"type":"Feature","geometry":{"type":"Point","coordinates":[29.3939,-29.4665]},"properties":{"name":"Maloti-Drakensberg Park","country":"South Africa","cat":"mixed"}},{"type":"Feature","geometry":{"type":"Point","coordinates":[-95.0,51.0]},"properties":{"name":"Pimachiowin Aki","country":"Canada","cat":"mixed"}},{"type":"Feature","geometry":{"type":"Point","coordinates":[15.6157,60.6004]},"properties":{"name":"Falun Mine","country":"Sweden","cat":"cultural"}},{"type":"Feature","geometry":{"type":"Point","coordinates":[142.1667,27.0]},"properties":{"name":"Ogasawara Archipelago","country":"Japan","cat":"natural"}},{"type":"Feature","geometry":{"type":"Point","coordinates":[11.5,-0.5]},"properties":{"name":"Ecosystem and Relict Cultural Landscape of Lopé-Okanda","country":"Gabon","cat":"mixed"}},{"type":"Feature","geometry":{"type":"Point","coordinates":[103.5679,30.9068]},"properties":{"name":"Qingchengshan-Dujiangyan National Park","country":"People's Republic of China","cat":"cultural"}},{"type":"Feature","geometry":{"type":"Point","coordinates":[23.1594,47.1808]},"properties":{"name":"Limes Dacicus","country":"Romania","cat":"cultural"}},{"type":"Feature","geometry":{"type":"Point","coordinates":[11.3295,50.9748]},"properties":{"name":"Bauhaus and its Sites in Weimar, Dessau and Bernau","country":"Germany","cat":"cultural"}},{"type":"Feature","geometry":{"type":"Point","coordinates":[30.741,46.485]},"properties":{"name":"historical city centre of Odesa","country":"Ukraine","cat":"cultural"}},{"type":"Feature","geometry":{"type":"Point","coordinates":[12.485,32.8053]},"properties":{"name":"Archaeological Site of Sabratha","country":"Libya","cat":"cultural"}},{"type":"Feature","geometry":{"type":"Point","coordinates":[35.9516,34.2829]},"properties":{"name":"Ouadi Qadisha (the Holy Valley) and the Forest of the Cedars of God (Horsh Arz el-Rab)","country":"Lebanon","cat":"cultural"}},{"type":"Feature","geometry":{"type":"Point","coordinates":[37.62,55.7536]},"properties":{"name":"Kremlin and Red Square","country":"Russia","cat":"cultural"}},{"type":"Feature","geometry":{"type":"Point","coordinates":[14.3264,41.0733]},"properties":{"name":"18th-Century Royal Palace at Caserta with the Park, the Aqueduct of Vanvitelli, and the San Leucio Complex","country":"Italy","cat":"cultural"}},{"type":"Feature","geometry":{"type":"Point","coordinates":[22.3228,40.478]},"properties":{"name":"Aigai","country":"Greece","cat":"cultural"}},{"type":"Feature","geometry":{"type":"Point","coordinates":[102.05,14.33]},"properties":{"name":"Dong Phayayen-Khao Yai Forest Complex","country":"Thailand","cat":"natural"}},{"type":"Feature","geometry":{"type":"Point","coordinates":[100.767,-0.6833]},"properties":{"name":"Ombilin coal mine","country":"Indonesia","cat":"cultural"}},{"type":"Feature","geometry":{"type":"Point","coordinates":[15.8789,49.2172]},"properties":{"name":"Jewish Quarter and St Procopius' Basilica in Třebíč","country":"Czech Republic","cat":"cultural"}},{"type":"Feature","geometry":{"type":"Point","coordinates":[15.2667,49.95]},"properties":{"name":"Kutná Hora: Historical Town Centre with the Church of St Barbara and the Cathedral of Our Lady at Sedlec","country":"Czech Republic","cat":"cultural"}},{"type":"Feature","geometry":{"type":"Point","coordinates":[-1.5106,48.6356]},"properties":{"name":"Mont-Saint-Michel and its Bay","country":"France","cat":"cultural"}},{"type":"Feature","geometry":{"type":"Point","coordinates":[10.6917,53.8667]},"properties":{"name":"Hanseatic City of Lübeck","country":"Germany","cat":"cultural"}},{"type":"Feature","geometry":{"type":"Point","coordinates":[-79.9844,21.8031]},"properties":{"name":"Trinidad and the Valley de los Ingenios","country":"Cuba","cat":"cultural"}},{"type":"Feature","geometry":{"type":"Point","coordinates":[80.2186,6.0214]},"properties":{"name":"Old Town of Galle and its Fortifications","country":"Sri Lanka","cat":"cultural"}},{"type":"Feature","geometry":{"type":"Point","coordinates":[-78.5039,38.0328]},"properties":{"name":"Monticello and the University of Virginia in Charlottesville","country":"United States","cat":"cultural"}},{"type":"Feature","geometry":{"type":"Point","coordinates":[-3.3712,38.0113]},"properties":{"name":"Renaissance Monumental Ensembles of Úbeda and Baeza","country":"Spain","cat":"cultural"}},{"type":"Feature","geometry":{"type":"Point","coordinates":[79.6667,30.7167]},"properties":{"name":"Nanda Devi and Valley of Flowers National Parks","country":"India","cat":"natural"}},{"type":"Feature","geometry":{"type":"Point","coordinates":[-4.7001,40.6564]},"properties":{"name":"Old Town of Ávila with its Extra-Muros Churches","country":"Spain","cat":"cultural"}},{"type":"Feature","geometry":{"type":"Point","coordinates":[119.9853,30.3967]},"properties":{"name":"Liangzhu site","country":"People's Republic of China","cat":"cultural"}},{"type":"Feature","geometry":{"type":"Point","coordinates":[29.1233,37.9239]},"properties":{"name":"Hierapolis-Pamukkale","country":"Turkey","cat":"mixed"}},{"type":"Feature","geometry":{"type":"Point","coordinates":[-99.1328,19.4183]},"properties":{"name":"Historic Centre of Mexico City and Xochimilco","country":"Mexico","cat":"cultural"}},{"type":"Feature","geometry":{"type":"Point","coordinates":[1.0833,51.28]},"properties":{"name":"Canterbury Cathedral, St Augustine's Abbey, and St Martin's Church","country":"United Kingdom","cat":"cultural"}},{"type":"Feature","geometry":{"type":"Point","coordinates":[138.7167,-19.0833]},"properties":{"name":"Australian Fossil Mammal Sites (Riversleigh / Naracoorte)","country":"Australia","cat":"natural"}},{"type":"Feature","geometry":{"type":"Point","coordinates":[-2.1317,40.0766]},"properties":{"name":"Historic Walled Town of Cuenca","country":"Spain","cat":"cultural"}},{"type":"Feature","geometry":{"type":"Point","coordinates":[35.6667,65.0833]},"properties":{"name":"Cultural and Historic Ensemble of the Solovetsky Islands","country":"Russia","cat":"cultural"}},{"type":"Feature","geometry":{"type":"Point","coordinates":[5.8669,50.4922]},"properties":{"name":"The Great Spa Towns of Europe","country":"Belgium","cat":"cultural"}},{"type":"Feature","geometry":{"type":"Point","coordinates":[112.5208,22.2618]},"properties":{"name":"Kaiping Diaolou and Villages","country":"People's Republic of China","cat":"cultural"}},{"type":"Feature","geometry":{"type":"Point","coordinates":[-51.4332,67.0639]},"properties":{"name":"Aasivissuit–Nipisat","country":"Greenland","cat":"cultural"}},{"type":"Feature","geometry":{"type":"Point","coordinates":[-71.628,-33.0406]},"properties":{"name":"Historic Quarter of the Seaport City of Valparaíso","country":"Chile","cat":"cultural"}},{"type":"Feature","geometry":{"type":"Point","coordinates":[-1.5731,54.1161]},"properties":{"name":"Studley Royal Park including the Ruins of Fountains Abbey","country":"United Kingdom","cat":"cultural"}},{"type":"Feature","geometry":{"type":"Point","coordinates":[30.5169,50.4526]},"properties":{"name":"Kyiv: Saint-Sophia Cathedral and Related Monastic Buildings, Kyiv-Pechersk Lavra","country":"Ukraine","cat":"cultural"}},{"type":"Feature","geometry":{"type":"Point","coordinates":[26.8866,37.672]},"properties":{"name":"Pythagoreion and Heraion of Samos","country":"Greece","cat":"cultural"}},{"type":"Feature","geometry":{"type":"Point","coordinates":[74.5833,42.5]},"properties":{"name":"Western Tian Shan","country":"Kazakhstan","cat":"natural"}},{"type":"Feature","geometry":{"type":"Point","coordinates":[106.719,21.0768]},"properties":{"name":"The Complex of Yen Tu Monuments and Landscape","country":"Vietnam","cat":"cultural"}},{"type":"Feature","geometry":{"type":"Point","coordinates":[138.7275,35.3608]},"properties":{"name":"Fujisan, sacred place and source of artistic inspiration","country":"Japan","cat":"cultural"}},{"type":"Feature","geometry":{"type":"Point","coordinates":[-65.2596,-19.048]},"properties":{"name":"Historic City of Sucre","country":"Bolivia","cat":"cultural"}},{"type":"Feature","geometry":{"type":"Point","coordinates":[11.6194,44.8378]},"properties":{"name":"Ferrara, City of the Renaissance, and its Po Delta","country":"Italy","cat":"cultural"}},{"type":"Feature","geometry":{"type":"Point","coordinates":[-96.7217,17.0619]},"properties":{"name":"Historic Centre of Oaxaca and Archaeological Site of Monte Albán","country":"Mexico","cat":"cultural"}},{"type":"Feature","geometry":{"type":"Point","coordinates":[12.1962,44.4204]},"properties":{"name":"Early Christian Monuments of Ravenna","country":"Italy","cat":"cultural"}},{"type":"Feature","geometry":{"type":"Point","coordinates":[-79.5406,8.9511]},"properties":{"name":"Archaeological Site of Panamá Viejo and Historic District of Panamá","country":"Panama","cat":"cultural"}},{"type":"Feature","geometry":{"type":"Point","coordinates":[-12.68,-37.3]},"properties":{"name":"Gough and Inaccessible Islands","country":"United Kingdom","cat":"natural"}},{"type":"Feature","geometry":{"type":"Point","coordinates":[44.7103,41.095]},"properties":{"name":"Monasteries of Haghpat and Sanahin","country":"Armenia","cat":"cultural"}},{"type":"Feature","geometry":{"type":"Point","coordinates":[4.0328,49.2533]},"properties":{"name":"Cathedral of Notre-Dame, Former Abbey of Saint-Rémi and Palace of Tau, Reims","country":"France","cat":"cultural"}},{"type":"Feature","geometry":{"type":"Point","coordinates":[18.9,48.4611]},"properties":{"name":"Historic Town of Banská Štiavnica and the Technical Monuments in its Vicinity","country":"Slovakia","cat":"cultural"}},{"type":"Feature","geometry":{"type":"Point","coordinates":[29.3203,36.335]},"properties":{"name":"Xanthos-Letoon","country":"Turkey","cat":"cultural"}},{"type":"Feature","geometry":{"type":"Point","coordinates":[129.3333,35.7667]},"properties":{"name":"Seokguram Grotto and Bulguksa Temple","country":"South Korea","cat":"cultural"}},{"type":"Feature","geometry":{"type":"Point","coordinates":[26.55,37.3]},"properties":{"name":"The Historic Centre (Chorá) with the Monastery of Saint-John the Theologian and the Cave of the Apocalypse on the Island of Pátmos","country":"Greece","cat":"cultural"}},{"type":"Feature","geometry":{"type":"Point","coordinates":[16.4389,43.5083]},"properties":{"name":"Historical Complex of Split with the Palace of Diocletian","country":"Croatia","cat":"cultural"}},{"type":"Feature","geometry":{"type":"Point","coordinates":[16.2517,43.5125]},"properties":{"name":"Historic City of Trogir","country":"Croatia","cat":"cultural"}},{"type":"Feature","geometry":{"type":"Point","coordinates":[-67.8333,-29.8]},"properties":{"name":"Ischigualasto / Talampaya Natural Parks","country":"Argentina","cat":"natural"}},{"type":"Feature","geometry":{"type":"Point","coordinates":[115.4028,-8.2592]},"properties":{"name":"Cultural Landscape of Bali Province: the Subak System as a Manifestation of the Tri Hita Karana Philosophy","country":"Indonesia","cat":"cultural"}},{"type":"Feature","geometry":{"type":"Point","coordinates":[44.7967,40.1589]},"properties":{"name":"Monastery of Geghard and the Upper Azat Valley","country":"Armenia","cat":"cultural"}},{"type":"Feature","geometry":{"type":"Point","coordinates":[12.6333,43.725]},"properties":{"name":"Historic Centre of Urbino","country":"Italy","cat":"cultural"}},{"type":"Feature","geometry":{"type":"Point","coordinates":[11.3317,43.3186]},"properties":{"name":"Historic Centre of Siena","country":"Italy","cat":"cultural"}},{"type":"Feature","geometry":{"type":"Point","coordinates":[144.95,43.9333]},"properties":{"name":"Shiretoko","country":"Japan","cat":"natural"}},{"type":"Feature","geometry":{"type":"Point","coordinates":[134.3525,7.2469]},"properties":{"name":"Rock Islands Southern Lagoon","country":"Palau","cat":"mixed"}},{"type":"Feature","geometry":{"type":"Point","coordinates":[-68.9342,12.1061]},"properties":{"name":"Historic Area of Willemstad, Inner City and Harbour, Curaçao","country":"Curaçao","cat":"cultural"}},{"type":"Feature","geometry":{"type":"Point","coordinates":[67.0,39.6686]},"properties":{"name":"Samarkand – Crossroad of Cultures","country":"Uzbekistan","cat":"cultural"}},{"type":"Feature","geometry":{"type":"Point","coordinates":[-4.0246,39.8569]},"properties":{"name":"Historic City of Toledo","country":"Spain","cat":"cultural"}},{"type":"Feature","geometry":{"type":"Point","coordinates":[108.8572,34.3044]},"properties":{"name":"Silk Roads: the Routes Network of Chang'an-Tianshan Corridor","country":"People's Republic of China","cat":"cultural"}},{"type":"Feature","geometry":{"type":"Point","coordinates":[95.8186,22.47]},"properties":{"name":"Pyu Ancient Cities","country":"Myanmar","cat":"cultural"}},{"type":"Feature","geometry":{"type":"Point","coordinates":[7.9942,44.6519]},"properties":{"name":"The Vineyard Landscape of Piedmont: Langhe-Roero and Monferrato","country":"Italy","cat":"cultural"}},{"type":"Feature","geometry":{"type":"Point","coordinates":[178.8345,-17.6834]},"properties":{"name":"Levuka Historical Port Town","country":"Fiji","cat":"cultural"}},{"type":"Feature","geometry":{"type":"Point","coordinates":[9.1575,49.7964]},"properties":{"name":"Upper German-Raetian Limes","country":"Germany","cat":"cultural"}},{"type":"Feature","geometry":{"type":"Point","coordinates":[126.182,6.74]},"properties":{"name":"Mount Hamiguitan Range Wildlife Sanctuary","country":"Philippines","cat":"natural"}},{"type":"Feature","geometry":{"type":"Point","coordinates":[21.2792,49.2933]},"properties":{"name":"Bardejov Town Conservation Reserve","country":"Slovakia","cat":"cultural"}},{"type":"Feature","geometry":{"type":"Point","coordinates":[22.5002,38.482]},"properties":{"name":"archaeological Site of Delphi","country":"Greece","cat":"cultural"}},{"type":"Feature","geometry":{"type":"Point","coordinates":[-3.7368,5.1965]},"properties":{"name":"Historic town of Grand-Bassam","country":"Ivory Coast","cat":"cultural"}},{"type":"Feature","geometry":{"type":"Point","coordinates":[80.3542,41.9683]},"properties":{"name":"Xinjiang Tianshan","country":"People's Republic of China","cat":"natural"}},{"type":"Feature","geometry":{"type":"Point","coordinates":[35.1306,31.7197]},"properties":{"name":"Palestine: Land of Olives and Vines – Cultural Landscape of Southern Jerusalem, Battir","country":"Palestine","cat":"cultural"}},{"type":"Feature","geometry":{"type":"Point","coordinates":[-75.7651,44.9944]},"properties":{"name":"Rideau Canal World Heritage Site","country":"Canada","cat":"cultural"}},{"type":"Feature","geometry":{"type":"Point","coordinates":[12.4866,41.8928]},"properties":{"name":"Historic Centre of Rome, the Properties of the Holy See in that City Enjoying Extraterritorial Rights and San Paolo Fuori le Mura","country":"Italy","cat":"cultural"}},{"type":"Feature","geometry":{"type":"Point","coordinates":[14.7057,36.7924]},"properties":{"name":"Late Baroque Towns of the Val di Noto","country":"Italy","cat":"cultural"}},{"type":"Feature","geometry":{"type":"Point","coordinates":[-0.2956,51.4787]},"properties":{"name":"Royal Botanic Gardens, Kew","country":"United Kingdom","cat":"cultural"}},{"type":"Feature","geometry":{"type":"Point","coordinates":[9.7656,48.3878]},"properties":{"name":"Caves and Ice Age Art in the Swabian Jura","country":"Germany","cat":"cultural"}},{"type":"Feature","geometry":{"type":"Point","coordinates":[11.3856,62.5739]},"properties":{"name":"Røros Mining Town and the Circumference","country":"Norway","cat":"cultural"}},{"type":"Feature","geometry":{"type":"Point","coordinates":[22.0,-33.4]},"properties":{"name":"Makhonjwa Mountains","country":"South Africa","cat":"natural"}},{"type":"Feature","geometry":{"type":"Point","coordinates":[109.9669,28.9986]},"properties":{"name":"Tusi Sites","country":"People's Republic of China","cat":"cultural"}},{"type":"Feature","geometry":{"type":"Point","coordinates":[-43.1874,-22.8971]},"properties":{"name":"Valongo Wharf","country":"Brazil","cat":"cultural"}},{"type":"Feature","geometry":{"type":"Point","coordinates":[42.1372,9.3091]},"properties":{"name":"Harar Jugol, the Fortified Historic Town","country":"Ethiopia","cat":"cultural"}},{"type":"Feature","geometry":{"type":"Point","coordinates":[40.9,28.0]},"properties":{"name":"Rock Art in the Hail Region of Saudi Arabia","country":"Saudi Arabia","cat":"cultural"}},{"type":"Feature","geometry":{"type":"Point","coordinates":[8.5936,59.8786]},"properties":{"name":"Rjukan–Notodden Industrial Heritage Site","country":"Norway","cat":"cultural"}},{"type":"Feature","geometry":{"type":"Point","coordinates":[9.9919,53.5433]},"properties":{"name":"Speicherstadt and Kontorhaus District with Chilehaus","country":"Germany","cat":"cultural"}},{"type":"Feature","geometry":{"type":"Point","coordinates":[127.1272,36.4619]},"properties":{"name":"Baekje Historic Areas","country":"South Korea","cat":"cultural"}},{"type":"Feature","geometry":{"type":"Point","coordinates":[4.8644,47.0581]},"properties":{"name":"Climats, terroirs of Burgundy","country":"France","cat":"cultural"}},{"type":"Feature","geometry":{"type":"Point","coordinates":[3.9461,49.0775]},"properties":{"name":"Champagne hillsides, houses and cellars","country":"France","cat":"cultural"}},{"type":"Feature","geometry":{"type":"Point","coordinates":[13.3531,38.1108]},"properties":{"name":"Arab-Norman Palermo and the Cathedral Churches of Cefalú and Monreale","country":"Italy","cat":"cultural"}},{"type":"Feature","geometry":{"type":"Point","coordinates":[40.2273,37.9109]},"properties":{"name":"Diyarbakır Fortress and Hevsel Gardens Cultural Landscape","country":"Turkey","cat":"cultural"}},{"type":"Feature","geometry":{"type":"Point","coordinates":[17.2369,40.7825]},"properties":{"name":"The Trulli of Alberobello","country":"Italy","cat":"cultural"}},{"type":"Feature","geometry":{"type":"Point","coordinates":[12.6224,43.0662]},"properties":{"name":"Assisi, the Basilica of San Francesco and Other Franciscan Sites","country":"Italy","cat":"cultural"}},{"type":"Feature","geometry":{"type":"Point","coordinates":[103.7692,29.5449]},"properties":{"name":"Mount Emei Scenic Area, including Leshan Giant Buddha Scenic Area","country":"People's Republic of China","cat":"mixed"}},{"type":"Feature","geometry":{"type":"Point","coordinates":[14.4833,40.75]},"properties":{"name":"Archaeological Areas of Pompei, Herculaneum and Torre Annunziata","country":"Italy","cat":"cultural"}},{"type":"Feature","geometry":{"type":"Point","coordinates":[0.0,51.4778]},"properties":{"name":"Maritime Greenwich","country":"United Kingdom","cat":"cultural"}},{"type":"Feature","geometry":{"type":"Point","coordinates":[72.8301,18.9298]},"properties":{"name":"Victorian Gothic and Art Deco Ensembles of Mumbai","country":"India","cat":"cultural"}},{"type":"Feature","geometry":{"type":"Point","coordinates":[22.75,37.7333]},"properties":{"name":"Archaeological Sites of Mycenae and Tiryns","country":"Greece","cat":"cultural"}},{"type":"Feature","geometry":{"type":"Point","coordinates":[44.7164,41.8439]},"properties":{"name":"Historical Monuments of Mtskheta","country":"Georgia","cat":"cultural"}},{"type":"Feature","geometry":{"type":"Point","coordinates":[45.9039,19.3369]},"properties":{"name":"'Uruq Bani Ma'arid","country":"Saudi Arabia","cat":"natural"}},{"type":"Feature","geometry":{"type":"Point","coordinates":[44.2951,40.1593]},"properties":{"name":"Cathedral and Churches of Echmiatsin and the Archaeological Site of Zvartnots","country":"Armenia","cat":"cultural"}},{"type":"Feature","geometry":{"type":"Point","coordinates":[46.5756,24.7333]},"properties":{"name":"At-Turaif District","country":"Saudi Arabia","cat":"cultural"}},{"type":"Feature","geometry":{"type":"Point","coordinates":[-3.0922,51.7703]},"properties":{"name":"Blaenavon Industrial Landscape","country":"United Kingdom","cat":"cultural"}},{"type":"Feature","geometry":{"type":"Point","coordinates":[-76.5711,18.0775]},"properties":{"name":"Blue and John Crow Mountains","country":"Jamaica","cat":"mixed"}},{"type":"Feature","geometry":{"type":"Point","coordinates":[108.7667,27.8833]},"properties":{"name":"Fanjingshan","country":"People's Republic of China","cat":"natural"}},{"type":"Feature","geometry":{"type":"Point","coordinates":[-3.0873,52.9721]},"properties":{"name":"Pontcysyllte Aqueduct and Canal","country":"United Kingdom","cat":"cultural"}},{"type":"Feature","geometry":{"type":"Point","coordinates":[2.29,11.53]},"properties":{"name":"W-Arly-Pendjari Complex","country":"Benin","cat":"natural"}},{"type":"Feature","geometry":{"type":"Point","coordinates":[116.811,-20.5753]},"properties":{"name":"Murujuga National Park","country":"Australia","cat":"cultural"}},{"type":"Feature","geometry":{"type":"Point","coordinates":[47.6578,31.5622]},"properties":{"name":"Ahwar of Southern Iraq","country":"Iraq","cat":"mixed"}},{"type":"Feature","geometry":{"type":"Point","coordinates":[58.6544,34.29]},"properties":{"name":"Persian Qanat","country":"Iran","cat":"cultural"}},{"type":"Feature","geometry":{"type":"Point","coordinates":[79.9222,24.8522]},"properties":{"name":"Khajuraho Group of Monuments","country":"India","cat":"cultural"}},{"type":"Feature","geometry":{"type":"Point","coordinates":[-55.766,-34.744]},"properties":{"name":"Church of Cristo Obrero y Nuestra Señora de Lourdes","country":"Uruguay","cat":"cultural"}},{"type":"Feature","geometry":{"type":"Point","coordinates":[4.0413,49.2434]},"properties":{"name":"Royal abbey of Saint-Remi","country":"France","cat":"cultural"}},{"type":"Feature","geometry":{"type":"Point","coordinates":[17.8864,59.3217]},"properties":{"name":"Royal Domain of Drottningholm","country":"Sweden","cat":"cultural"}},{"type":"Feature","geometry":{"type":"Point","coordinates":[17.8794,59.3203]},"properties":{"name":"Gardens of Drottningholm Palace","country":"Sweden","cat":"cultural"}},{"type":"Feature","geometry":{"type":"Point","coordinates":[-71.9781,-13.5183]},"properties":{"name":"Historic centre of Cusco","country":"Peru","cat":"cultural"}},{"type":"Feature","geometry":{"type":"Point","coordinates":[-58.4655,-34.5366]},"properties":{"name":"ESMA Museum and Site of Memory – Former Clandestine Center of Detention, Torture and Extermination","country":"Argentina","cat":"cultural"}},{"type":"Feature","geometry":{"type":"Point","coordinates":[3.2989,48.5597]},"properties":{"name":"Provins","country":"France","cat":"cultural"}},{"type":"Feature","geometry":{"type":"Point","coordinates":[-64.3092,44.3761]},"properties":{"name":"Old Town Lunenburg","country":"Canada","cat":"cultural"}},{"type":"Feature","geometry":{"type":"Point","coordinates":[17.9241,43.0922]},"properties":{"country":"Croatia","cat":"cultural"}},{"type":"Feature","geometry":{"type":"Point","coordinates":[64.4333,39.7667]},"properties":{"name":"Historic Centre of Bukhara","country":"Uzbekistan","cat":"cultural"}}]}