{"type":"FeatureCollection","features":[{"type":"Feature","geometry":{"type":"Point","coordinates":[6.85,50.17]},"properties":{"name":"West Eifel Volcanic Field","type":"Volcanic field","last":-8300,"country":"Germany","elev":600}},{"type":"Feature","geometry":{"type":"Point","coordinates":[2.981,45.786]},"properties":{"name":"Chaine des Puys","type":"Lava dome(s)","last":-4040,"country":"France","elev":1464}},{"type":"Feature","geometry":{"type":"Point","coordinates":[2.53,42.17]},"properties":{"name":"Olot Volcanic Field","type":"Volcanic field","last":null,"country":"Spain","elev":893}},{"type":"Feature","geometry":{"type":"Point","coordinates":[-4.02,38.87]},"properties":{"name":"Calatrava Volcanic Field","type":"Volcanic field","last":-3600,"country":"Spain","elev":1117}},{"type":"Feature","geometry":{"type":"Point","coordinates":[12.7251,41.7569]},"properties":{"name":"Colli Albani","type":"Caldera","last":null,"country":"Italy","elev":949}},{"type":"Feature","geometry":{"type":"Point","coordinates":[14.139,40.827]},"properties":{"name":"Campi Flegrei","type":"Caldera","last":1538,"country":"Italy","elev":458}},{"type":"Feature","geometry":{"type":"Point","coordinates":[14.426,40.821]},"properties":{"name":"Vesuvius","type":"Stratovolcano","last":1944,"country":"Italy","elev":1281}},{"type":"Feature","geometry":{"type":"Point","coordinates":[14.83,39.48]},"properties":{"name":"Palinuro","type":"Compound","last":-8040,"country":"Italy","elev":-70}},{"type":"Feature","geometry":{"type":"Point","coordinates":[13.897,40.73]},"properties":{"name":"Ischia","type":"Complex","last":1302,"country":"Italy","elev":789}},{"type":"Feature","geometry":{"type":"Point","coordinates":[15.064,38.638]},"properties":{"name":"Panarea","type":"Stratovolcano","last":null,"country":"Italy","elev":399}},{"type":"Feature","geometry":{"type":"Point","coordinates":[14.933,38.49]},"properties":{"name":"Lipari","type":"Stratovolcano(es)","last":1230,"country":"Italy","elev":590}},{"type":"Feature","geometry":{"type":"Point","coordinates":[15.213,38.789]},"properties":{"name":"Stromboli","type":"Stratovolcano","last":2026,"country":"Italy","elev":924}},{"type":"Feature","geometry":{"type":"Point","coordinates":[14.962,38.404]},"properties":{"name":"Vulcano","type":"Stratovolcano(es)","last":1890,"country":"Italy","elev":500}},{"type":"Feature","geometry":{"type":"Point","coordinates":[14.999,37.748]},"properties":{"name":"Etna","type":"Stratovolcano(es)","last":2026,"country":"Italy","elev":3357}},{"type":"Feature","geometry":{"type":"Point","coordinates":[12.02,36.77]},"properties":{"name":"Pantelleria","type":"Shield","last":1891,"country":"Italy","elev":836}},{"type":"Feature","geometry":{"type":"Point","coordinates":[12.7,37.1]},"properties":{"name":"Campi Flegrei del Mar di Sicilia","type":"Volcanic field","last":1867,"country":"Italy","elev":-8}},{"type":"Feature","geometry":{"type":"Point","coordinates":[23.3331,37.6186]},"properties":{"name":"Methana","type":"Lava dome(s)","last":-258,"country":"Greece","elev":380}},{"type":"Feature","geometry":{"type":"Point","coordinates":[24.439,36.699]},"properties":{"name":"Milos","type":"Stratovolcano(es)","last":140,"country":"Greece","elev":751}},{"type":"Feature","geometry":{"type":"Point","coordinates":[25.396,36.404]},"properties":{"name":"Santorini","type":"Shield(s)","last":1950,"country":"Greece","elev":367}},{"type":"Feature","geometry":{"type":"Point","coordinates":[27.1553,36.5888]},"properties":{"name":"Nisyros","type":"Stratovolcano","last":1888,"country":"Greece","elev":698}},{"type":"Feature","geometry":{"type":"Point","coordinates":[28.52,38.58]},"properties":{"name":"Kula","type":"Volcanic field","last":null,"country":"Turkiye","elev":750}},{"type":"Feature","geometry":{"type":"Point","coordinates":[34.17,38.13]},"properties":{"name":"Hasandag-Keciboyduran Volcanic Complex","type":"Stratovolcano","last":null,"country":"Turkiye","elev":3253}},{"type":"Feature","geometry":{"type":"Point","coordinates":[39.83,37.67]},"properties":{"name":"Karaca Dag","type":"Shield","last":null,"country":"Turkiye","elev":1957}},{"type":"Feature","geometry":{"type":"Point","coordinates":[35.447,38.531]},"properties":{"name":"Erciyes Volcanic Complex","type":"Stratovolcano","last":-6880,"country":"Turkiye","elev":3864}},{"type":"Feature","geometry":{"type":"Point","coordinates":[42.229,38.654]},"properties":{"name":"Nemrut Dagi","type":"Stratovolcano","last":1650,"country":"Turkiye","elev":2948}},{"type":"Feature","geometry":{"type":"Point","coordinates":[43.874,39.356]},"properties":{"name":"Tenduruk Dagi","type":"Shield","last":1855,"country":"Turkiye","elev":3514}},{"type":"Feature","geometry":{"type":"Point","coordinates":[44.3,39.7]},"properties":{"name":"Ararat","type":"Stratovolcano","last":1840,"country":"Turkiye","elev":5165}},{"type":"Feature","geometry":{"type":"Point","coordinates":[42.442,43.351]},"properties":{"name":"Elbrus","type":"Stratovolcano","last":50,"country":"Russia","elev":5642}},{"type":"Feature","geometry":{"type":"Point","coordinates":[44.5184,42.697]},"properties":{"name":"Kazbek","type":"Stratovolcano","last":-750,"country":"Georgia","elev":5004}},{"type":"Feature","geometry":{"type":"Point","coordinates":[43.7,41.542]},"properties":{"name":"Samsari Volcanic Center","type":"Volcanic field","last":null,"country":"Georgia","elev":3290}},{"type":"Feature","geometry":{"type":"Point","coordinates":[44.2,40.53]},"properties":{"name":"Aragats","type":"Stratovolcano","last":null,"country":"Armenia","elev":4095}},{"type":"Feature","geometry":{"type":"Point","coordinates":[45,40.283]},"properties":{"name":"Ghegham Volcanic Ridge","type":"Volcanic field","last":-1900,"country":"Armenia","elev":3597}},{"type":"Feature","geometry":{"type":"Point","coordinates":[45.497,39.797]},"properties":{"name":"Vaiyots-Sar","type":"Pyroclastic cone(s)","last":-2000,"country":"Armenia","elev":2575}},{"type":"Feature","geometry":{"type":"Point","coordinates":[45.74,40.028]},"properties":{"name":"Porak","type":"Volcanic field","last":-778,"country":"Armenia-Azerbaijan","elev":3029}},{"type":"Feature","geometry":{"type":"Point","coordinates":[45.992,39.742]},"properties":{"name":"Tskhouk-Karckar","type":"Pyroclastic cone(s)","last":-3000,"country":"Armenia-Azerbaijan","elev":3139}},{"type":"Feature","geometry":{"type":"Point","coordinates":[41.83,15.55]},"properties":{"name":"Tair, Jebel at","type":"Stratovolcano","last":2008,"country":"Yemen","elev":244}},{"type":"Feature","geometry":{"type":"Point","coordinates":[42.75,14.02]},"properties":{"name":"Zukur","type":"Shield","last":null,"country":"Yemen","elev":624}},{"type":"Feature","geometry":{"type":"Point","coordinates":[42.73,13.72]},"properties":{"name":"Hanish","type":"Shield","last":null,"country":"Yemen","elev":422}},{"type":"Feature","geometry":{"type":"Point","coordinates":[42.18,15.05]},"properties":{"name":"Zubair Group","type":"Shield","last":2013,"country":"Yemen","elev":191}},{"type":"Feature","geometry":{"type":"Point","coordinates":[40.3,14.242]},"properties":{"name":"Dallol","type":"Explosion crater(s)","last":2011,"country":"Ethiopia","elev":-48}},{"type":"Feature","geometry":{"type":"Point","coordinates":[39.92,14.88]},"properties":{"name":"Alid","type":"Stratovolcano","last":null,"country":"Eritrea","elev":904}},{"type":"Feature","geometry":{"type":"Point","coordinates":[40.408,13.975]},"properties":{"name":"Gada Ale","type":"Stratovolcano","last":null,"country":"Ethiopia","elev":287}},{"type":"Feature","geometry":{"type":"Point","coordinates":[40.553,13.793]},"properties":{"name":"Alu-Dalafilla","type":"Fissure vent(s)","last":2008,"country":"Ethiopia","elev":578}},{"type":"Feature","geometry":{"type":"Point","coordinates":[40.6,13.725]},"properties":{"name":"Bora Ale","type":"Stratovolcano","last":null,"country":"Ethiopia","elev":668}},{"type":"Feature","geometry":{"type":"Point","coordinates":[40.666,13.601]},"properties":{"name":"Erta Ale","type":"Shield","last":2025,"country":"Ethiopia","elev":585}},{"type":"Feature","geometry":{"type":"Point","coordinates":[40.7161,13.5111]},"properties":{"name":"Hayli Gubbi","type":"Shield","last":2025,"country":"Ethiopia","elev":493}},{"type":"Feature","geometry":{"type":"Point","coordinates":[40.631,13.512]},"properties":{"name":"Ale Bagu","type":"Stratovolcano","last":null,"country":"Ethiopia","elev":988}},{"type":"Feature","geometry":{"type":"Point","coordinates":[41.7,13.37]},"properties":{"name":"Nabro","type":"Stratovolcano","last":2012,"country":"Eritrea","elev":2218}},{"type":"Feature","geometry":{"type":"Point","coordinates":[41.65,13.27]},"properties":{"name":"Mallahle","type":"Stratovolcano","last":null,"country":"Ethiopia-Eritrea","elev":1875}},{"type":"Feature","geometry":{"type":"Point","coordinates":[41.725,13.18]},"properties":{"name":"Sork Ale","type":"Stratovolcano","last":null,"country":"Ethiopia-Eritrea","elev":1611}},{"type":"Feature","geometry":{"type":"Point","coordinates":[41.599,13.098]},"properties":{"name":"Asavyo","type":"Shield","last":null,"country":"Ethiopia","elev":1338}},{"type":"Feature","geometry":{"type":"Point","coordinates":[41.161,13.106]},"properties":{"name":"Mat Ala","type":"Shield","last":null,"country":"Ethiopia","elev":493}},{"type":"Feature","geometry":{"type":"Point","coordinates":[41.063,13.284]},"properties":{"name":"Tat Ali","type":"Shield","last":null,"country":"Ethiopia","elev":655}},{"type":"Feature","geometry":{"type":"Point","coordinates":[40.987,13.304]},"properties":{"name":"Borawli","type":"Stratovolcano","last":null,"country":"Ethiopia","elev":784}},{"type":"Feature","geometry":{"type":"Point","coordinates":[41.809,13.579]},"properties":{"name":"Dubbi","type":"Stratovolcano","last":1861,"country":"Eritrea","elev":1625}},{"type":"Feature","geometry":{"type":"Point","coordinates":[40.185,13.013]},"properties":{"name":"Ma Alalta","type":"Stratovolcano","last":null,"country":"Ethiopia","elev":1745}},{"type":"Feature","geometry":{"type":"Point","coordinates":[40.573,12.888]},"properties":{"name":"Alayta","type":"Shield","last":1915,"country":"Ethiopia","elev":1496}},{"type":"Feature","geometry":{"type":"Point","coordinates":[40.48,12.595]},"properties":{"name":"Dabbahu","type":"Stratovolcano","last":2005,"country":"Ethiopia","elev":1401}},{"type":"Feature","geometry":{"type":"Point","coordinates":[40.07,12.38]},"properties":{"name":"Dabbayra","type":"Shield","last":null,"country":"Ethiopia","elev":1302}},{"type":"Feature","geometry":{"type":"Point","coordinates":[40.82,12.17]},"properties":{"name":"Manda Hararo","type":"Shield(s)","last":2009,"country":"Ethiopia","elev":600}},{"type":"Feature","geometry":{"type":"Point","coordinates":[40.242,11.816]},"properties":{"name":"Groppo","type":"Volcanic field","last":null,"country":"Ethiopia","elev":852}},{"type":"Feature","geometry":{"type":"Point","coordinates":[40.853,13.088]},"properties":{"name":"Afdera","type":"Stratovolcano","last":null,"country":"Ethiopia","elev":1250}},{"type":"Feature","geometry":{"type":"Point","coordinates":[41.48,11.75]},"properties":{"name":"Manda Gargori","type":"Fissure vent(s)","last":null,"country":"Ethiopia","elev":700}},{"type":"Feature","geometry":{"type":"Point","coordinates":[42.2,12.38]},"properties":{"name":"Manda-Inakir","type":"Fissure vent(s)","last":1928,"country":"Ethiopia-Djibouti","elev":600}},{"type":"Feature","geometry":{"type":"Point","coordinates":[42.404,12.469]},"properties":{"name":"Mousa Alli","type":"Stratovolcano","last":null,"country":"Ethiopia-Eritrea-Djibouti","elev":1993}},{"type":"Feature","geometry":{"type":"Point","coordinates":[42.53,12.55]},"properties":{"name":"Gufa","type":"Volcanic field","last":null,"country":"Eritrea-Djibouti","elev":600}},{"type":"Feature","geometry":{"type":"Point","coordinates":[42.43,12.95]},"properties":{"name":"Assab Volcanic Field","type":"Volcanic field","last":null,"country":"Eritrea","elev":987}},{"type":"Feature","geometry":{"type":"Point","coordinates":[42.47,11.58]},"properties":{"name":"Ardoukoba","type":"Fissure vent(s)","last":1978,"country":"Djibouti","elev":298}},{"type":"Feature","geometry":{"type":"Point","coordinates":[41.208,11.88]},"properties":{"name":"Kurub","type":"Shield","last":null,"country":"Ethiopia","elev":625}},{"type":"Feature","geometry":{"type":"Point","coordinates":[41.63,11.28]},"properties":{"name":"Dama Ali","type":"Shield","last":1631,"country":"Ethiopia","elev":1068}},{"type":"Feature","geometry":{"type":"Point","coordinates":[41.042,10.58]},"properties":{"name":"Yangudi","type":"Complex","last":null,"country":"Ethiopia","elev":1383}},{"type":"Feature","geometry":{"type":"Point","coordinates":[41.27,11.08]},"properties":{"name":"Gabillema","type":"Stratovolcano","last":null,"country":"Ethiopia","elev":1459}},{"type":"Feature","geometry":{"type":"Point","coordinates":[40.702,10.082]},"properties":{"name":"Ayelu","type":"Stratovolcano","last":null,"country":"Ethiopia","elev":2145}},{"type":"Feature","geometry":{"type":"Point","coordinates":[40.33,9.78]},"properties":{"name":"Hertali","type":"Fissure vent","last":null,"country":"Ethiopia","elev":900}},{"type":"Feature","geometry":{"type":"Point","coordinates":[40.28,9.57]},"properties":{"name":"Liado Hayk","type":"Volcanic field","last":null,"country":"Ethiopia","elev":878}},{"type":"Feature","geometry":{"type":"Point","coordinates":[40.831,10.063]},"properties":{"name":"Adwa","type":"Stratovolcano","last":null,"country":"Ethiopia","elev":1670}},{"type":"Feature","geometry":{"type":"Point","coordinates":[40.13,9.35]},"properties":{"name":"Dofen","type":"Shield","last":null,"country":"Ethiopia","elev":1151}},{"type":"Feature","geometry":{"type":"Point","coordinates":[39.75,8.95]},"properties":{"name":"Beru","type":"Volcanic field","last":null,"country":"Ethiopia","elev":1100}},{"type":"Feature","geometry":{"type":"Point","coordinates":[39.906,8.985]},"properties":{"name":"Fentale","type":"Stratovolcano","last":1789,"country":"Ethiopia","elev":2007}},{"type":"Feature","geometry":{"type":"Point","coordinates":[39.6946,8.8105]},"properties":{"name":"Kone","type":"Caldera(s)","last":1820,"country":"Ethiopia","elev":1380}},{"type":"Feature","geometry":{"type":"Point","coordinates":[39.475,8.558]},"properties":{"name":"Boset","type":"Stratovolcano(es)","last":null,"country":"Ethiopia","elev":2447}},{"type":"Feature","geometry":{"type":"Point","coordinates":[38.98,8.78]},"properties":{"name":"Bishoftu Volcanic Field","type":"Volcanic field","last":null,"country":"Ethiopia","elev":1850}},{"type":"Feature","geometry":{"type":"Point","coordinates":[39.35,8.43]},"properties":{"name":"Melkassa","type":"Volcanic field","last":null,"country":"Ethiopia","elev":1765}},{"type":"Feature","geometry":{"type":"Point","coordinates":[39.172,8.363]},"properties":{"name":"Gedemsa","type":"Caldera","last":null,"country":"Ethiopia","elev":1909}},{"type":"Feature","geometry":{"type":"Point","coordinates":[39.0812,8.2114]},"properties":{"name":"Bora-Bericha-Tullu Moye","type":"Pyroclastic cone","last":1900,"country":"Ethiopia","elev":2345}},{"type":"Feature","geometry":{"type":"Point","coordinates":[38.902,7.874]},"properties":{"name":"East Ziway","type":"Fissure vent(s)","last":null,"country":"Ethiopia","elev":1889}},{"type":"Feature","geometry":{"type":"Point","coordinates":[38.35,8.05]},"properties":{"name":"Butajiri-Silti Field","type":"Volcanic field","last":null,"country":"Ethiopia","elev":2281}},{"type":"Feature","geometry":{"type":"Point","coordinates":[38.78,7.77]},"properties":{"name":"Aluto","type":"Stratovolcano","last":1550,"country":"Ethiopia","elev":2335}},{"type":"Feature","geometry":{"type":"Point","coordinates":[38.5571,7.4569]},"properties":{"name":"Shala","type":"Caldera","last":null,"country":"Ethiopia","elev":2075}},{"type":"Feature","geometry":{"type":"Point","coordinates":[38.39,7.193]},"properties":{"name":"Corbetti","type":"Caldera","last":-396,"country":"Ethiopia","elev":2289}},{"type":"Feature","geometry":{"type":"Point","coordinates":[38.1,7.07]},"properties":{"name":"Bilate River Field","type":"Volcanic field","last":null,"country":"Ethiopia","elev":1700}},{"type":"Feature","geometry":{"type":"Point","coordinates":[35.892,5.117]},"properties":{"name":"Korath Range","type":"Tuff cone(s)","last":null,"country":"Ethiopia","elev":912}},{"type":"Feature","geometry":{"type":"Point","coordinates":[36.0458,4.0631]},"properties":{"name":"Lake Turkana North Island","type":"Tuff cone(s)","last":null,"country":"Kenya","elev":490}},{"type":"Feature","geometry":{"type":"Point","coordinates":[36.0365,3.496]},"properties":{"name":"Lake Turkana Central Island","type":"Tuff cone(s)","last":null,"country":"Kenya","elev":518}},{"type":"Feature","geometry":{"type":"Point","coordinates":[37.97,2.32]},"properties":{"name":"Marsabit","type":"Shield","last":null,"country":"Kenya","elev":1707}},{"type":"Feature","geometry":{"type":"Point","coordinates":[36.5958,2.6364]},"properties":{"name":"Lake Turkana South Island","type":"Stratovolcano","last":1888,"country":"Kenya","elev":800}},{"type":"Feature","geometry":{"type":"Point","coordinates":[36.57,2.32]},"properties":{"name":"Barrier, The","type":"Shield","last":1921,"country":"Kenya","elev":1032}},{"type":"Feature","geometry":{"type":"Point","coordinates":[36.43,1.98]},"properties":{"name":"Namarunu","type":"Shield","last":-6550,"country":"Kenya","elev":817}},{"type":"Feature","geometry":{"type":"Point","coordinates":[37.9,1.57]},"properties":{"name":"Segererua Plateau","type":"Pyroclastic cone(s)","last":null,"country":"Kenya","elev":699}},{"type":"Feature","geometry":{"type":"Point","coordinates":[36.33,1.5]},"properties":{"name":"Emuruangogolak","type":"Shield","last":1910,"country":"Kenya","elev":1285}},{"type":"Feature","geometry":{"type":"Point","coordinates":[36.23,1.15]},"properties":{"name":"Silali","type":"Shield","last":-5050,"country":"Kenya","elev":1528}},{"type":"Feature","geometry":{"type":"Point","coordinates":[36.18,0.92]},"properties":{"name":"Paka","type":"Shield","last":-7550,"country":"Kenya","elev":1697}},{"type":"Feature","geometry":{"type":"Point","coordinates":[36.12,0.77]},"properties":{"name":"Korosi","type":"Shield","last":null,"country":"Kenya","elev":1446}},{"type":"Feature","geometry":{"type":"Point","coordinates":[36.075,0.62]},"properties":{"name":"Ol Kokwe","type":"Shield","last":null,"country":"Kenya","elev":1130}},{"type":"Feature","geometry":{"type":"Point","coordinates":[37.87,0.23]},"properties":{"name":"Nyambeni Hills","type":"Shield","last":null,"country":"Kenya","elev":750}},{"type":"Feature","geometry":{"type":"Point","coordinates":[36.07,-0.2]},"properties":{"name":"Menengai","type":"Shield","last":-6050,"country":"Kenya","elev":2278}},{"type":"Feature","geometry":{"type":"Point","coordinates":[36.249,-0.546]},"properties":{"name":"Elmenteita Badlands","type":"Pyroclastic cone(s)","last":null,"country":"Kenya","elev":2126}},{"type":"Feature","geometry":{"type":"Point","coordinates":[34.5,-0.38]},"properties":{"name":"Homa Mountain","type":"Complex","last":null,"country":"Kenya","elev":1751}},{"type":"Feature","geometry":{"type":"Point","coordinates":[36.22,-0.65]},"properties":{"name":"Eburru, Ol Doinyo","type":"Complex","last":null,"country":"Kenya","elev":2856}},{"type":"Feature","geometry":{"type":"Point","coordinates":[36.292,-0.904]},"properties":{"name":"Olkaria","type":"Pyroclastic cone(s)","last":1770,"country":"Kenya","elev":2434}},{"type":"Feature","geometry":{"type":"Point","coordinates":[36.446,-0.914]},"properties":{"name":"Longonot","type":"Stratovolcano","last":1863,"country":"Kenya","elev":2776}},{"type":"Feature","geometry":{"type":"Point","coordinates":[36.357,-1.151]},"properties":{"name":"Suswa","type":"Shield","last":null,"country":"Kenya","elev":2356}},{"type":"Feature","geometry":{"type":"Point","coordinates":[35.914,-2.764]},"properties":{"name":"Lengai, Ol Doinyo","type":"Stratovolcano","last":2026,"country":"Tanzania","elev":2962}},{"type":"Feature","geometry":{"type":"Point","coordinates":[37.88,-2.68]},"properties":{"name":"Chyulu Hills","type":"Volcanic field","last":1855,"country":"Kenya","elev":2188}},{"type":"Feature","geometry":{"type":"Point","coordinates":[33.552,-9.0036]},"properties":{"name":"Ngozi","type":"Caldera","last":1450,"country":"Tanzania","elev":2614}},{"type":"Feature","geometry":{"type":"Point","coordinates":[33.668,-9.135]},"properties":{"name":"Rungwe","type":"Stratovolcano","last":1250,"country":"Tanzania","elev":2953}},{"type":"Feature","geometry":{"type":"Point","coordinates":[36.75,-3.244]},"properties":{"name":"Meru","type":"Stratovolcano","last":1910,"country":"Tanzania","elev":4550}},{"type":"Feature","geometry":{"type":"Point","coordinates":[33.792,-9.229]},"properties":{"name":"Kyejo","type":"Stratovolcano","last":1800,"country":"Tanzania","elev":2176}},{"type":"Feature","geometry":{"type":"Point","coordinates":[30.25,0.7]},"properties":{"name":"Fort Portal Volcanic Field","type":"Volcanic field","last":-2120,"country":"Uganda","elev":1615}},{"type":"Feature","geometry":{"type":"Point","coordinates":[30.275,0.4583]},"properties":{"name":"Ndali-Kasenda Volcanic Field","type":"Volcanic field","last":null,"country":"Uganda","elev":1300}},{"type":"Feature","geometry":{"type":"Point","coordinates":[29.2,-1.408]},"properties":{"name":"Nyamulagira","type":"Shield","last":2026,"country":"DR Congo","elev":3058}},{"type":"Feature","geometry":{"type":"Point","coordinates":[29.25,-1.52]},"properties":{"name":"Nyiragongo","type":"Stratovolcano","last":2026,"country":"DR Congo","elev":3470}},{"type":"Feature","geometry":{"type":"Point","coordinates":[29.45,-1.506]},"properties":{"name":"Karisimbi","type":"Stratovolcano","last":-8050,"country":"DR Congo-Rwanda","elev":4490}},{"type":"Feature","geometry":{"type":"Point","coordinates":[8.762,3.588]},"properties":{"name":"Basile, Pico","type":"Shield","last":1923,"country":"Equatorial Guinea","elev":2999}},{"type":"Feature","geometry":{"type":"Point","coordinates":[9.717,4.758]},"properties":{"name":"Tombel Graben","type":"Volcanic field","last":null,"country":"Cameroon","elev":500}},{"type":"Feature","geometry":{"type":"Point","coordinates":[9.17,4.203]},"properties":{"name":"Cameroon","type":"Stratovolcano","last":2000,"country":"Cameroon","elev":4095}},{"type":"Feature","geometry":{"type":"Point","coordinates":[10.5,6.25]},"properties":{"name":"Oku Volcanic Field","type":"Volcanic field","last":null,"country":"Cameroon","elev":3011}},{"type":"Feature","geometry":{"type":"Point","coordinates":[8.5,17.68]},"properties":{"name":"Todra Volcanic Field","type":"Volcanic field","last":null,"country":"Niger","elev":1780}},{"type":"Feature","geometry":{"type":"Point","coordinates":[5,22.67]},"properties":{"name":"Tahalra Volcanic Field","type":"Volcanic field","last":null,"country":"Algeria","elev":1467}},{"type":"Feature","geometry":{"type":"Point","coordinates":[5.83,23.33]},"properties":{"name":"Atakor Volcanic Field","type":"Volcanic field","last":null,"country":"Algeria","elev":2918}},{"type":"Feature","geometry":{"type":"Point","coordinates":[5.83,23.92]},"properties":{"name":"Manzaz Volcanic Field","type":"Volcanic field","last":null,"country":"Algeria","elev":1672}},{"type":"Feature","geometry":{"type":"Point","coordinates":[16.33,21.33]},"properties":{"name":"Toh, Tarso","type":"Volcanic field","last":null,"country":"Chad","elev":2000}},{"type":"Feature","geometry":{"type":"Point","coordinates":[16.473,21.0408]},"properties":{"name":"Tousside, Tarso","type":"Stratovolcano","last":null,"country":"Chad","elev":3299}},{"type":"Feature","geometry":{"type":"Point","coordinates":[18.53,19.8]},"properties":{"name":"Koussi, Emi","type":"Shield(pyroclastic)","last":null,"country":"Chad","elev":3415}},{"type":"Feature","geometry":{"type":"Point","coordinates":[17.28,20.92]},"properties":{"name":"Voon, Tarso","type":"Stratovolcano","last":null,"country":"Chad","elev":3100}},{"type":"Feature","geometry":{"type":"Point","coordinates":[24.27,12.95]},"properties":{"name":"Marra, Jebel","type":"Volcanic field","last":-2000,"country":"Sudan","elev":3042}},{"type":"Feature","geometry":{"type":"Point","coordinates":[25.85,14.57]},"properties":{"name":"Kutum Volcanic Field","type":"Volcanic field","last":null,"country":"Sudan","elev":1779}},{"type":"Feature","geometry":{"type":"Point","coordinates":[26.47,15.32]},"properties":{"name":"Meidob Volcanic Field","type":"Volcanic field","last":-2950,"country":"Sudan","elev":2000}},{"type":"Feature","geometry":{"type":"Point","coordinates":[32.75,18.33]},"properties":{"name":"Bayuda Volcanic Field","type":"Volcanic field","last":850,"country":"Sudan","elev":670}},{"type":"Feature","geometry":{"type":"Point","coordinates":[37.583,32.333]},"properties":{"name":"Ash Shaam, Harrat","type":"Volcanic field","last":-2670,"country":"Syria-Jordan-Saudi Arabia","elev":1100}},{"type":"Feature","geometry":{"type":"Point","coordinates":[37.75,25.17]},"properties":{"name":"Lunayyir, Harrat","type":"Volcanic field","last":1000,"country":"Saudi Arabia","elev":1370}},{"type":"Feature","geometry":{"type":"Point","coordinates":[40.2,26.58]},"properties":{"name":"Ithnayn, Harrat","type":"Volcanic field","last":null,"country":"Saudi Arabia","elev":1625}},{"type":"Feature","geometry":{"type":"Point","coordinates":[40,25.5]},"properties":{"name":"Khaybar, Harrat","type":"Volcanic field","last":650,"country":"Saudi Arabia","elev":2093}},{"type":"Feature","geometry":{"type":"Point","coordinates":[41.38,22.8]},"properties":{"name":"Kishb, Harrat","type":"Volcanic field","last":null,"country":"Saudi Arabia","elev":1475}},{"type":"Feature","geometry":{"type":"Point","coordinates":[41.63,18.37]},"properties":{"name":"Birk, Harrat al","type":"Volcanic field","last":null,"country":"Saudi Arabia","elev":587}},{"type":"Feature","geometry":{"type":"Point","coordinates":[39.78,23.08]},"properties":{"name":"Rahat, Harrat","type":"Volcanic field","last":1256,"country":"Saudi Arabia","elev":1744}},{"type":"Feature","geometry":{"type":"Point","coordinates":[42.83,17.05]},"properties":{"name":"Yar, Jabal","type":"Volcanic field","last":1810,"country":"Saudi Arabia","elev":305}},{"type":"Feature","geometry":{"type":"Point","coordinates":[44.0978,15.6025]},"properties":{"name":"Arhab, Harra of","type":"Volcanic field","last":500,"country":"Yemen","elev":3100}},{"type":"Feature","geometry":{"type":"Point","coordinates":[45.1,15.4]},"properties":{"name":"Haylan, Jabal","type":"Volcanic field","last":-1200,"country":"Yemen","elev":1550}},{"type":"Feature","geometry":{"type":"Point","coordinates":[44.67,14.57]},"properties":{"name":"Dhamar, Harras of","type":"Volcanic field","last":null,"country":"Yemen","elev":3500}},{"type":"Feature","geometry":{"type":"Point","coordinates":[46.12,13.58]},"properties":{"name":"Sawad, Harra Es-","type":"Volcanic field","last":1253,"country":"Yemen","elev":1737}},{"type":"Feature","geometry":{"type":"Point","coordinates":[48.3,14.067]},"properties":{"name":"Balhaf-Bir Ali Volcanic Field","type":"Volcanic field","last":null,"country":"Yemen","elev":604}},{"type":"Feature","geometry":{"type":"Point","coordinates":[50.935,15.515]},"properties":{"name":"Bir Borhut","type":"Volcanic field","last":null,"country":"Yemen","elev":464}},{"type":"Feature","geometry":{"type":"Point","coordinates":[52.109,35.951]},"properties":{"name":"Damavand","type":"Stratovolcano","last":-5350,"country":"Iran","elev":5670}},{"type":"Feature","geometry":{"type":"Point","coordinates":[43.35,-11.4861]},"properties":{"name":"Grille, La","type":"Shield","last":null,"country":"Union of the Comoros","elev":1064}},{"type":"Feature","geometry":{"type":"Point","coordinates":[45.17,-12.83]},"properties":{"name":"Mayotte","type":"Shield","last":-2050,"country":"France","elev":660}},{"type":"Feature","geometry":{"type":"Point","coordinates":[43.3639,-11.7658]},"properties":{"name":"Karthala","type":"Shield","last":2007,"country":"Union of the Comoros","elev":2350}},{"type":"Feature","geometry":{"type":"Point","coordinates":[55.708,-21.244]},"properties":{"name":"Fournaise, Piton de la","type":"Shield","last":2026,"country":"France","elev":2632}},{"type":"Feature","geometry":{"type":"Point","coordinates":[77.8221,-37.7216]},"properties":{"name":"Boomerang Seamount","type":"Caldera","last":1995,"country":"France","elev":-650}},{"type":"Feature","geometry":{"type":"Point","coordinates":[77.52,-37.83]},"properties":{"name":"Amsterdam Island","type":"Stratovolcano","last":null,"country":"France","elev":881}},{"type":"Feature","geometry":{"type":"Point","coordinates":[77.53,-38.72]},"properties":{"name":"St. Paul","type":"Stratovolcano","last":1793,"country":"France","elev":268}},{"type":"Feature","geometry":{"type":"Point","coordinates":[72.595,-53.0394]},"properties":{"name":"McDonald Islands","type":"Complex","last":2005,"country":"Australia","elev":263}},{"type":"Feature","geometry":{"type":"Point","coordinates":[73.513,-53.106]},"properties":{"name":"Heard","type":"Stratovolcano","last":2026,"country":"Australia","elev":2745}},{"type":"Feature","geometry":{"type":"Point","coordinates":[69.5,-49.58]},"properties":{"name":"Kerguelen Islands","type":"Stratovolcano(es)","last":null,"country":"France","elev":1840}},{"type":"Feature","geometry":{"type":"Point","coordinates":[52.2,-46.43]},"properties":{"name":"Est, Ile de l'","type":"Stratovolcano","last":null,"country":"France","elev":1090}},{"type":"Feature","geometry":{"type":"Point","coordinates":[51.75,-46.42]},"properties":{"name":"Possession, Ile de la","type":"Stratovolcano","last":null,"country":"France","elev":934}},{"type":"Feature","geometry":{"type":"Point","coordinates":[50.23,-46.1]},"properties":{"name":"Cochons, Ile aux","type":"Stratovolcano","last":null,"country":"France","elev":775}},{"type":"Feature","geometry":{"type":"Point","coordinates":[37.95,-46.63]},"properties":{"name":"Prince Edward Island","type":"Shield","last":null,"country":"South Africa","elev":672}},{"type":"Feature","geometry":{"type":"Point","coordinates":[37.75,-46.9]},"properties":{"name":"Marion Island","type":"Shield(s)","last":2004,"country":"South Africa","elev":1230}},{"type":"Feature","geometry":{"type":"Point","coordinates":[176.25,-37.28]},"properties":{"name":"Tuhua/Mayor Island","type":"Shield","last":-5055,"country":"New Zealand","elev":355}},{"type":"Feature","geometry":{"type":"Point","coordinates":[174.81,-36.89]},"properties":{"name":"Auckland Volcanic Field","type":"Volcanic field","last":1446,"country":"New Zealand","elev":260}},{"type":"Feature","geometry":{"type":"Point","coordinates":[174.07,-39.3]},"properties":{"name":"Taranaki","type":"Stratovolcano","last":1800,"country":"New Zealand","elev":2518}},{"type":"Feature","geometry":{"type":"Point","coordinates":[177.18,-37.52]},"properties":{"name":"Whakaari/White Island","type":"Stratovolcano(es)","last":2026,"country":"New Zealand","elev":294}},{"type":"Feature","geometry":{"type":"Point","coordinates":[176.5069,-38.1569]},"properties":{"name":"Okataina","type":"Lava dome(s)","last":1981,"country":"New Zealand","elev":1111}},{"type":"Feature","geometry":{"type":"Point","coordinates":[175.893,-38.7811]},"properties":{"name":"Taupo","type":"Caldera","last":260,"country":"New Zealand","elev":760}},{"type":"Feature","geometry":{"type":"Point","coordinates":[175.632,-39.157]},"properties":{"name":"Tongariro","type":"Stratovolcano(es)","last":2012,"country":"New Zealand","elev":1978}},{"type":"Feature","geometry":{"type":"Point","coordinates":[177.839,-36.446]},"properties":{"name":"Clark","type":"Stratovolcano","last":null,"country":"New Zealand","elev":-860}},{"type":"Feature","geometry":{"type":"Point","coordinates":[178.028,-36.321]},"properties":{"name":"Tangaroa","type":"Stratovolcano","last":null,"country":"New Zealand","elev":-600}},{"type":"Feature","geometry":{"type":"Point","coordinates":[175.57,-39.28]},"properties":{"name":"Ruapehu","type":"Stratovolcano","last":2007,"country":"New Zealand","elev":2797}},{"type":"Feature","geometry":{"type":"Point","coordinates":[178.196,-36.142]},"properties":{"name":"Rumble V","type":"Stratovolcano","last":null,"country":"New Zealand","elev":-400}},{"type":"Feature","geometry":{"type":"Point","coordinates":[178.05,-36.13]},"properties":{"name":"Rumble IV","type":"Stratovolcano","last":null,"country":"New Zealand","elev":-500}},{"type":"Feature","geometry":{"type":"Point","coordinates":[178.478,-35.745]},"properties":{"name":"Rumble III","type":"Stratovolcano","last":2008,"country":"New Zealand","elev":-220}},{"type":"Feature","geometry":{"type":"Point","coordinates":[178.527,-35.353]},"properties":{"name":"Rumble II West","type":"Stratovolcano","last":null,"country":"New Zealand","elev":-1200}},{"type":"Feature","geometry":{"type":"Point","coordinates":[178.973,-35.004]},"properties":{"name":"Healy","type":"Stratovolcano","last":1360,"country":"New Zealand","elev":-980}},{"type":"Feature","geometry":{"type":"Point","coordinates":[179.0667,-34.875]},"properties":{"name":"Brothers","type":"Caldera","last":null,"country":"New Zealand","elev":-1350}},{"type":"Feature","geometry":{"type":"Point","coordinates":[-179.18,-31.85]},"properties":{"name":"Wright","type":"Stratovolcano(es)","last":null,"country":"New Zealand","elev":-900}},{"type":"Feature","geometry":{"type":"Point","coordinates":[-178.556,-30.543]},"properties":{"name":"Curtis Island","type":"Stratovolcano","last":null,"country":"New Zealand","elev":47}},{"type":"Feature","geometry":{"type":"Point","coordinates":[-178.475,-30.21]},"properties":{"name":"Macauley","type":"Caldera","last":-4360,"country":"New Zealand","elev":238}},{"type":"Feature","geometry":{"type":"Point","coordinates":[-178.712,-30.036]},"properties":{"name":"Giggenbach","type":"Stratovolcano","last":null,"country":"New Zealand","elev":-65}},{"type":"Feature","geometry":{"type":"Point","coordinates":[-177.92,-29.27]},"properties":{"name":"Raoul Island","type":"Stratovolcano","last":2006,"country":"New Zealand","elev":516}},{"type":"Feature","geometry":{"type":"Point","coordinates":[-177.188,-25.887]},"properties":{"name":"Monowai","type":"Stratovolcano","last":2014,"country":"New Zealand","elev":-132}},{"type":"Feature","geometry":{"type":"Point","coordinates":[-177.02,-24.8]},"properties":{"name":"Kermadec Arc at 24.8°S","type":"Stratovolcano","last":null,"country":"Tonga","elev":-385}},{"type":"Feature","geometry":{"type":"Point","coordinates":[-175.75,-21.15]},"properties":{"name":"Tofua Arc at 21.1°S","type":"Stratovolcano","last":null,"country":"Tonga","elev":-65}},{"type":"Feature","geometry":{"type":"Point","coordinates":[-175.65,-21.338]},"properties":{"name":"Tofua Arc at 21.3°S","type":"Stratovolcano","last":1932,"country":"Tonga","elev":-68}},{"type":"Feature","geometry":{"type":"Point","coordinates":[-175.55,-20.852]},"properties":{"name":"Tofua Arc at 20.9°S","type":"Stratovolcano","last":2017,"country":"Tonga","elev":-296}},{"type":"Feature","geometry":{"type":"Point","coordinates":[-175.3841,-20.5532]},"properties":{"name":"Hunga Tonga-Hunga Ha'apai","type":"Caldera","last":2022,"country":"Tonga","elev":114}},{"type":"Feature","geometry":{"type":"Point","coordinates":[-175.42,-20.32]},"properties":{"name":"Fonuafo'ou","type":"Stratovolcano","last":1936,"country":"Tonga","elev":-17}},{"type":"Feature","geometry":{"type":"Point","coordinates":[-175.016,-19.668]},"properties":{"name":"Kao","type":"Stratovolcano","last":1847,"country":"Tonga","elev":1009}},{"type":"Feature","geometry":{"type":"Point","coordinates":[-175.07,-19.75]},"properties":{"name":"Tofua","type":"Caldera","last":2026,"country":"Tonga","elev":515}},{"type":"Feature","geometry":{"type":"Point","coordinates":[-174.87,-19.18]},"properties":{"name":"Lateiki","type":"Stratovolcano","last":2019,"country":"Tonga","elev":43}},{"type":"Feature","geometry":{"type":"Point","coordinates":[-174.775,-18.992]},"properties":{"name":"Home Reef","type":"Stratovolcano","last":2026,"country":"Tonga","elev":-10}},{"type":"Feature","geometry":{"type":"Point","coordinates":[-174.365,-18.325]},"properties":{"name":"Tofua Arc at 18.3°S","type":"Stratovolcano","last":2019,"country":"Tonga","elev":-40}},{"type":"Feature","geometry":{"type":"Point","coordinates":[-174.65,-18.806]},"properties":{"name":"Late","type":"Stratovolcano","last":1854,"country":"Tonga","elev":540}},{"type":"Feature","geometry":{"type":"Point","coordinates":[-173.747,-15.854]},"properties":{"name":"Tafahi","type":"Stratovolcano","last":null,"country":"Tonga","elev":546}},{"type":"Feature","geometry":{"type":"Point","coordinates":[-173.67,-15.62]},"properties":{"name":"Curacoa","type":"Complex","last":1979,"country":"Tonga","elev":-33}},{"type":"Feature","geometry":{"type":"Point","coordinates":[-174.317,-18.023]},"properties":{"name":"Fonualei","type":"Stratovolcano","last":1957,"country":"Tonga","elev":188}},{"type":"Feature","geometry":{"type":"Point","coordinates":[-175.63,-15.6]},"properties":{"name":"Niuafo'ou","type":"Shield","last":1946,"country":"Tonga","elev":260}},{"type":"Feature","geometry":{"type":"Point","coordinates":[-174.23,-15.37]},"properties":{"name":"Tafu-Maka","type":"Fissure vent","last":2008,"country":"Tonga","elev":-1400}},{"type":"Feature","geometry":{"type":"Point","coordinates":[-173.75,-15.1]},"properties":{"name":"West Mata","type":"Fissure vent(s)","last":2009,"country":"Tonga","elev":-1174}},{"type":"Feature","geometry":{"type":"Point","coordinates":[-169.058,-14.215]},"properties":{"name":"Vailulu'u","type":"Shield","last":2003,"country":"United States","elev":-592}},{"type":"Feature","geometry":{"type":"Point","coordinates":[-169.454,-14.23]},"properties":{"name":"Ta'u","type":"Shield","last":null,"country":"United States","elev":931}},{"type":"Feature","geometry":{"type":"Point","coordinates":[-169.618,-14.175]},"properties":{"name":"Ofu-Olosega","type":"Shield(s)","last":1866,"country":"United States","elev":639}},{"type":"Feature","geometry":{"type":"Point","coordinates":[-170.7019,-14.2903]},"properties":{"name":"Tutuila","type":"Tuff cone(s)","last":440,"country":"United States","elev":653}},{"type":"Feature","geometry":{"type":"Point","coordinates":[-171.72,-13.935]},"properties":{"name":"Upolu","type":"Shield","last":null,"country":"Samoa","elev":1100}},{"type":"Feature","geometry":{"type":"Point","coordinates":[-172.525,-13.612]},"properties":{"name":"Savaii","type":"Shield","last":1911,"country":"Samoa","elev":1858}},{"type":"Feature","geometry":{"type":"Point","coordinates":[-179.9644,-16.8412]},"properties":{"name":"Taveuni","type":"Shield","last":1550,"country":"Fiji","elev":1241}},{"type":"Feature","geometry":{"type":"Point","coordinates":[177.9815,-19.1181]},"properties":{"name":"Nabukelevu","type":"Lava dome(s)","last":1660,"country":"Fiji","elev":791}},{"type":"Feature","geometry":{"type":"Point","coordinates":[147.35,-2.38]},"properties":{"name":"St. Andrew Strait","type":"Complex","last":1957,"country":"Papua New Guinea","elev":270}},{"type":"Feature","geometry":{"type":"Point","coordinates":[147.78,-3.03]},"properties":{"name":"Titan Ridge","type":"Fissure vent","last":1972,"country":"Papua New Guinea","elev":-1300}},{"type":"Feature","geometry":{"type":"Point","coordinates":[144.605,-3.507]},"properties":{"name":"Blup Blup","type":"Stratovolcano","last":null,"country":"Papua New Guinea","elev":402}},{"type":"Feature","geometry":{"type":"Point","coordinates":[144.588,-3.608]},"properties":{"name":"Kadovar","type":"Stratovolcano","last":2023,"country":"Papua New Guinea","elev":365}},{"type":"Feature","geometry":{"type":"Point","coordinates":[144.818,-3.613]},"properties":{"name":"Bam","type":"Stratovolcano","last":1960,"country":"Papua New Guinea","elev":685}},{"type":"Feature","geometry":{"type":"Point","coordinates":[145.037,-4.08]},"properties":{"name":"Manam","type":"Stratovolcano","last":2026,"country":"Papua New Guinea","elev":1807}},{"type":"Feature","geometry":{"type":"Point","coordinates":[145.976,-4.647]},"properties":{"name":"Karkar","type":"Stratovolcano","last":1979,"country":"Papua New Guinea","elev":1839}},{"type":"Feature","geometry":{"type":"Point","coordinates":[146.717,-4.883]},"properties":{"name":"Hankow Reef","type":"Stratovolcano","last":null,"country":"Papua New Guinea","elev":-5}},{"type":"Feature","geometry":{"type":"Point","coordinates":[147.105,-5.3144]},"properties":{"name":"Long Island","type":"Complex","last":1993,"country":"Papua New Guinea","elev":1263}},{"type":"Feature","geometry":{"type":"Point","coordinates":[147.892,-5.592]},"properties":{"name":"Umboi","type":"Complex","last":null,"country":"Papua New Guinea","elev":1335}},{"type":"Feature","geometry":{"type":"Point","coordinates":[148.115,-5.519]},"properties":{"name":"Ritter Island","type":"Stratovolcano","last":2007,"country":"Papua New Guinea","elev":75}},{"type":"Feature","geometry":{"type":"Point","coordinates":[148.0836,-5.4098]},"properties":{"name":"Sakar","type":"Stratovolcano","last":null,"country":"Papua New Guinea","elev":947}},{"type":"Feature","geometry":{"type":"Point","coordinates":[148.42,-5.525]},"properties":{"name":"Langila","type":"Complex","last":2026,"country":"Papua New Guinea","elev":1330}},{"type":"Feature","geometry":{"type":"Point","coordinates":[150.0996,-5.0455]},"properties":{"name":"Dakataua","type":"Caldera","last":1895,"country":"Papua New Guinea","elev":408}},{"type":"Feature","geometry":{"type":"Point","coordinates":[150.038,-5.141]},"properties":{"name":"Bola","type":"Stratovolcano","last":null,"country":"Papua New Guinea","elev":1116}},{"type":"Feature","geometry":{"type":"Point","coordinates":[150.07,-5.3]},"properties":{"name":"Garua Harbour","type":"Volcanic field","last":null,"country":"Papua New Guinea","elev":565}},{"type":"Feature","geometry":{"type":"Point","coordinates":[150.509,-5.466]},"properties":{"name":"Lolo","type":"Stratovolcano","last":null,"country":"Papua New Guinea","elev":796}},{"type":"Feature","geometry":{"type":"Point","coordinates":[150.027,-5.416]},"properties":{"name":"Krummel-Garbuna-Welcker","type":"Stratovolcano(es)","last":2008,"country":"Papua New Guinea","elev":564}},{"type":"Feature","geometry":{"type":"Point","coordinates":[150.5161,-5.5745]},"properties":{"name":"Witori","type":"Caldera","last":2012,"country":"Papua New Guinea","elev":724}},{"type":"Feature","geometry":{"type":"Point","coordinates":[150.942,-5.5]},"properties":{"name":"Sulu Range","type":"Stratovolcano(es)","last":null,"country":"Papua New Guinea","elev":610}},{"type":"Feature","geometry":{"type":"Point","coordinates":[151.1,-5.33]},"properties":{"name":"Hargy","type":"Stratovolcano","last":950,"country":"Papua New Guinea","elev":1148}},{"type":"Feature","geometry":{"type":"Point","coordinates":[151.23,-5.2]},"properties":{"name":"Bamus","type":"Stratovolcano","last":1886,"country":"Papua New Guinea","elev":2248}},{"type":"Feature","geometry":{"type":"Point","coordinates":[151.33,-5.05]},"properties":{"name":"Ulawun","type":"Stratovolcano","last":2025,"country":"Papua New Guinea","elev":2334}},{"type":"Feature","geometry":{"type":"Point","coordinates":[151.1617,-4.9156]},"properties":{"name":"Lolobau","type":"Caldera","last":1912,"country":"Papua New Guinea","elev":878}},{"type":"Feature","geometry":{"type":"Point","coordinates":[152.1937,-4.2459]},"properties":{"name":"Rabaul","type":"Caldera","last":2014,"country":"Papua New Guinea","elev":688}},{"type":"Feature","geometry":{"type":"Point","coordinates":[152.2134,-4.1089]},"properties":{"name":"Tavui","type":"Caldera","last":-4946,"country":"Papua New Guinea","elev":200}},{"type":"Feature","geometry":{"type":"Point","coordinates":[148.37,-9]},"properties":{"name":"Hydrographers Range","type":"Stratovolcano","last":null,"country":"Papua New Guinea","elev":1915}},{"type":"Feature","geometry":{"type":"Point","coordinates":[148.15,-8.95]},"properties":{"name":"Lamington","type":"Stratovolcano","last":1956,"country":"Papua New Guinea","elev":1680}},{"type":"Feature","geometry":{"type":"Point","coordinates":[148.33,-9.08]},"properties":{"name":"Managlase Plateau","type":"Volcanic field","last":null,"country":"Papua New Guinea","elev":1342}},{"type":"Feature","geometry":{"type":"Point","coordinates":[149.072,-9.2003]},"properties":{"name":"Victory","type":"Stratovolcano","last":1935,"country":"Papua New Guinea","elev":1832}},{"type":"Feature","geometry":{"type":"Point","coordinates":[150.246,-9.358]},"properties":{"name":"Goodenough","type":"Volcanic field","last":null,"country":"Papua New Guinea","elev":220}},{"type":"Feature","geometry":{"type":"Point","coordinates":[149.1278,-9.5542]},"properties":{"name":"Sessagara Hills","type":"Volcanic field","last":1944,"country":"Papua New Guinea","elev":493}},{"type":"Feature","geometry":{"type":"Point","coordinates":[150.5239,-9.5056]},"properties":{"name":"Iamalele","type":"Lava dome(s)","last":null,"country":"Papua New Guinea","elev":194}},{"type":"Feature","geometry":{"type":"Point","coordinates":[150.88,-9.62]},"properties":{"name":"Dawson Strait Group","type":"Volcanic field","last":1350,"country":"Papua New Guinea","elev":500}},{"type":"Feature","geometry":{"type":"Point","coordinates":[155.2254,-6.0898]},"properties":{"name":"Billy Mitchell","type":"Caldera","last":1580,"country":"Papua New Guinea","elev":1544}},{"type":"Feature","geometry":{"type":"Point","coordinates":[155.0008,-5.9156]},"properties":{"name":"Balbi","type":"Stratovolcano","last":null,"country":"Papua New Guinea","elev":2715}},{"type":"Feature","geometry":{"type":"Point","coordinates":[155.608,-6.442]},"properties":{"name":"Takuan Group","type":"Compound","last":null,"country":"Papua New Guinea","elev":2210}},{"type":"Feature","geometry":{"type":"Point","coordinates":[155.196,-6.137]},"properties":{"name":"Bagana","type":"Lava cone","last":2026,"country":"Papua New Guinea","elev":1855}},{"type":"Feature","geometry":{"type":"Point","coordinates":[155.62,-6.52]},"properties":{"name":"Loloru","type":"Compound","last":-1050,"country":"Papua New Guinea","elev":1887}},{"type":"Feature","geometry":{"type":"Point","coordinates":[157.03,-8.75]},"properties":{"name":"Kana Keoki","type":"Stratovolcano","last":null,"country":"Solomon Islands","elev":-700}},{"type":"Feature","geometry":{"type":"Point","coordinates":[157.16,-8.841]},"properties":{"name":"Coleman Seamount","type":"Stratovolcano","last":null,"country":"Solomon Islands","elev":-717}},{"type":"Feature","geometry":{"type":"Point","coordinates":[156.52,-8.292]},"properties":{"name":"Simbo","type":"Stratovolcano(es)","last":1910,"country":"Solomon Islands","elev":335}},{"type":"Feature","geometry":{"type":"Point","coordinates":[158.03,-8.92]},"properties":{"name":"New Georgia at 8.9°S","type":"Stratovolcano","last":null,"country":"Solomon Islands","elev":-240}},{"type":"Feature","geometry":{"type":"Point","coordinates":[157.979,-8.991]},"properties":{"name":"Kavachi","type":"Stratovolcano","last":2014,"country":"Solomon Islands","elev":-20}},{"type":"Feature","geometry":{"type":"Point","coordinates":[159.8119,-9.1324]},"properties":{"name":"Savo","type":"Stratovolcano","last":1847,"country":"Solomon Islands","elev":455}},{"type":"Feature","geometry":{"type":"Point","coordinates":[165.804,-10.386]},"properties":{"name":"Tinakula","type":"Stratovolcano","last":2024,"country":"Solomon Islands","elev":796}},{"type":"Feature","geometry":{"type":"Point","coordinates":[167.67,-13.67]},"properties":{"name":"Motlav","type":"Stratovolcano","last":null,"country":"Vanuatu","elev":411}},{"type":"Feature","geometry":{"type":"Point","coordinates":[167.47,-13.8]},"properties":{"name":"Suretamatai","type":"Complex","last":1966,"country":"Vanuatu","elev":921}},{"type":"Feature","geometry":{"type":"Point","coordinates":[167.514,-14.281]},"properties":{"name":"Gaua","type":"Stratovolcano","last":2022,"country":"Vanuatu","elev":729}},{"type":"Feature","geometry":{"type":"Point","coordinates":[167.835,-15.389]},"properties":{"name":"Ambae","type":"Shield","last":2026,"country":"Vanuatu","elev":1496}},{"type":"Feature","geometry":{"type":"Point","coordinates":[168.12,-16.25]},"properties":{"name":"Ambrym","type":"Shield(pyroclastic)","last":2024,"country":"Vanuatu","elev":1334}},{"type":"Feature","geometry":{"type":"Point","coordinates":[168.346,-16.507]},"properties":{"name":"Lopevi","type":"Stratovolcano","last":2007,"country":"Vanuatu","elev":1413}},{"type":"Feature","geometry":{"type":"Point","coordinates":[168.3893,-16.6797]},"properties":{"name":"East Epi","type":"Stratovolcano(es)","last":2023,"country":"Vanuatu","elev":833}},{"type":"Feature","geometry":{"type":"Point","coordinates":[168.5227,-16.8304]},"properties":{"name":"Kuwae","type":"Caldera","last":1974,"country":"Vanuatu","elev":-2}},{"type":"Feature","geometry":{"type":"Point","coordinates":[168.353,-17.4522]},"properties":{"name":"Nguna-Emau","type":"Stratovolcano(es)","last":null,"country":"Vanuatu","elev":589}},{"type":"Feature","geometry":{"type":"Point","coordinates":[169.238,-18.754]},"properties":{"name":"Traitor's Head","type":"Stratovolcano","last":1881,"country":"Vanuatu","elev":817}},{"type":"Feature","geometry":{"type":"Point","coordinates":[169.447,-19.532]},"properties":{"name":"Yasur","type":"Stratovolcano","last":2026,"country":"Vanuatu","elev":361}},{"type":"Feature","geometry":{"type":"Point","coordinates":[170.13,-20.957]},"properties":{"name":"Gemini-Oscostar","type":"Stratovolcano","last":1996,"country":"Vanuatu","elev":-33}},{"type":"Feature","geometry":{"type":"Point","coordinates":[171.32,-22.33]},"properties":{"name":"Matthew Island","type":"Stratovolcano","last":1956,"country":"France - claimed by Vanuatu","elev":177}},{"type":"Feature","geometry":{"type":"Point","coordinates":[172.05,-22.4]},"properties":{"name":"Hunter Island","type":"Stratovolcano","last":1903,"country":"France - claimed by Vanuatu","elev":297}},{"type":"Feature","geometry":{"type":"Point","coordinates":[142.5,-37.77]},"properties":{"name":"Newer Volcanics Province","type":"Volcanic field","last":-2900,"country":"Australia","elev":1011}},{"type":"Feature","geometry":{"type":"Point","coordinates":[144.567,-18.367]},"properties":{"name":"McBride Volcanic Province","type":"Volcanic field","last":-5050,"country":"Australia","elev":1020}},{"type":"Feature","geometry":{"type":"Point","coordinates":[93.858,12.278]},"properties":{"name":"Barren Island","type":"Stratovolcano","last":2026,"country":"India","elev":354}},{"type":"Feature","geometry":{"type":"Point","coordinates":[96.289,4.903]},"properties":{"name":"Peuet Sague","type":"Complex","last":2000,"country":"Indonesia","elev":2785}},{"type":"Feature","geometry":{"type":"Point","coordinates":[96.821,4.769]},"properties":{"name":"Telong, Bur ni","type":"Stratovolcano","last":1937,"country":"Indonesia","elev":2617}},{"type":"Feature","geometry":{"type":"Point","coordinates":[98.5127,3.2379]},"properties":{"name":"Singkut","type":"Caldera(s)","last":1881,"country":"Indonesia","elev":2181}},{"type":"Feature","geometry":{"type":"Point","coordinates":[98.392,3.17]},"properties":{"name":"Sinabung","type":"Stratovolcano","last":2021,"country":"Indonesia","elev":2460}},{"type":"Feature","geometry":{"type":"Point","coordinates":[99.6628,0.4756]},"properties":{"name":"Malintang","type":"Stratovolcano","last":null,"country":"Indonesia","elev":1988}},{"type":"Feature","geometry":{"type":"Point","coordinates":[99.5409,0.6834]},"properties":{"name":"Sorikmarapi","type":"Stratovolcano","last":1986,"country":"Indonesia","elev":2145}},{"type":"Feature","geometry":{"type":"Point","coordinates":[99.984,0.0787]},"properties":{"name":"Talakmau","type":"Complex","last":null,"country":"Indonesia","elev":2911}},{"type":"Feature","geometry":{"type":"Point","coordinates":[100.474,-0.38]},"properties":{"name":"Marapi","type":"Complex","last":2026,"country":"Indonesia","elev":2885}},{"type":"Feature","geometry":{"type":"Point","coordinates":[100.3192,-0.4311]},"properties":{"name":"Tandikat-Singgalang","type":"Stratovolcano(es)","last":1924,"country":"Indonesia","elev":2879}},{"type":"Feature","geometry":{"type":"Point","coordinates":[100.681,-0.979]},"properties":{"name":"Talang","type":"Stratovolcano","last":2007,"country":"Indonesia","elev":2575}},{"type":"Feature","geometry":{"type":"Point","coordinates":[101.264,-1.697]},"properties":{"name":"Kerinci","type":"Stratovolcano","last":2024,"country":"Indonesia","elev":3800}},{"type":"Feature","geometry":{"type":"Point","coordinates":[101.728,-2.414]},"properties":{"name":"Sumbing","type":"Stratovolcano","last":1921,"country":"Indonesia","elev":2507}},{"type":"Feature","geometry":{"type":"Point","coordinates":[102.6261,-3.5156]},"properties":{"name":"Kaba","type":"Stratovolcano","last":2000,"country":"Indonesia","elev":1962}},{"type":"Feature","geometry":{"type":"Point","coordinates":[103.306,-4.257]},"properties":{"name":"Patah","type":"Stratovolcano?","last":null,"country":"Indonesia","elev":2836}},{"type":"Feature","geometry":{"type":"Point","coordinates":[103.121,-4.016]},"properties":{"name":"Dempo","type":"Stratovolcano(es)","last":2025,"country":"Indonesia","elev":3142}},{"type":"Feature","geometry":{"type":"Point","coordinates":[103.925,-4.871]},"properties":{"name":"Ranau","type":"Caldera","last":null,"country":"Indonesia","elev":1854}},{"type":"Feature","geometry":{"type":"Point","coordinates":[104.27,-5.25]},"properties":{"name":"Suoh","type":"Caldera(s)","last":2024,"country":"Indonesia","elev":1000}},{"type":"Feature","geometry":{"type":"Point","coordinates":[105.4233,-6.1009]},"properties":{"name":"Krakatau","type":"Caldera","last":2024,"country":"Indonesia","elev":285}},{"type":"Feature","geometry":{"type":"Point","coordinates":[105.978,-6.343]},"properties":{"name":"Pulosari","type":"Stratovolcano","last":null,"country":"Indonesia","elev":1324}},{"type":"Feature","geometry":{"type":"Point","coordinates":[106.05,-6.268]},"properties":{"name":"Karang","type":"Stratovolcano","last":null,"country":"Indonesia","elev":1768}},{"type":"Feature","geometry":{"type":"Point","coordinates":[106.675,-6.75]},"properties":{"name":"Perbakti-Gagak","type":"Stratovolcano(es)","last":1939,"country":"Indonesia","elev":1726}},{"type":"Feature","geometry":{"type":"Point","coordinates":[106.733,-6.716]},"properties":{"name":"Salak","type":"Stratovolcano","last":1938,"country":"Indonesia","elev":2218}},{"type":"Feature","geometry":{"type":"Point","coordinates":[106.983,-6.786]},"properties":{"name":"Gede-Pangrango","type":"Stratovolcano(es)","last":1957,"country":"Indonesia","elev":3026}},{"type":"Feature","geometry":{"type":"Point","coordinates":[107.4,-7.162]},"properties":{"name":"Patuha","type":"Stratovolcano","last":null,"country":"Indonesia","elev":2422}},{"type":"Feature","geometry":{"type":"Point","coordinates":[107.6,-6.77]},"properties":{"name":"Tangkuban Parahu","type":"Stratovolcano","last":2019,"country":"Indonesia","elev":2084}},{"type":"Feature","geometry":{"type":"Point","coordinates":[107.7306,-7.3175]},"properties":{"name":"Papandayan","type":"Stratovolcano(es)","last":2002,"country":"Indonesia","elev":2643}},{"type":"Feature","geometry":{"type":"Point","coordinates":[107.9612,-6.7639]},"properties":{"name":"Tampomas","type":"Stratovolcano","last":null,"country":"Indonesia","elev":1690}},{"type":"Feature","geometry":{"type":"Point","coordinates":[107.841,-7.143]},"properties":{"name":"Guntur","type":"Complex","last":1847,"country":"Indonesia","elev":2251}},{"type":"Feature","geometry":{"type":"Point","coordinates":[108.058,-7.25]},"properties":{"name":"Galunggung","type":"Stratovolcano","last":1984,"country":"Indonesia","elev":2168}},{"type":"Feature","geometry":{"type":"Point","coordinates":[108.07,-7.208]},"properties":{"name":"Talagabodas","type":"Stratovolcano","last":null,"country":"Indonesia","elev":2201}},{"type":"Feature","geometry":{"type":"Point","coordinates":[108.408,-6.895]},"properties":{"name":"Ciremai","type":"Stratovolcano","last":1951,"country":"Indonesia","elev":3039}},{"type":"Feature","geometry":{"type":"Point","coordinates":[109.208,-7.242]},"properties":{"name":"Slamet","type":"Stratovolcano","last":2014,"country":"Indonesia","elev":3428}},{"type":"Feature","geometry":{"type":"Point","coordinates":[109.879,-7.2]},"properties":{"name":"Dieng Volcanic Complex","type":"Complex","last":2025,"country":"Indonesia","elev":2565}},{"type":"Feature","geometry":{"type":"Point","coordinates":[109.997,-7.3014]},"properties":{"name":"Sundoro","type":"Stratovolcano","last":1971,"country":"Indonesia","elev":3149}},{"type":"Feature","geometry":{"type":"Point","coordinates":[110.0747,-7.3819]},"properties":{"name":"Sumbing","type":"Stratovolcano","last":1730,"country":"Indonesia","elev":3370}},{"type":"Feature","geometry":{"type":"Point","coordinates":[110.44,-7.454]},"properties":{"name":"Merbabu","type":"Stratovolcano","last":1797,"country":"Indonesia","elev":3118}},{"type":"Feature","geometry":{"type":"Point","coordinates":[110.446,-7.54]},"properties":{"name":"Merapi","type":"Stratovolcano","last":2026,"country":"Indonesia","elev":2910}},{"type":"Feature","geometry":{"type":"Point","coordinates":[111.192,-7.625]},"properties":{"name":"Lawu","type":"Stratovolcano","last":null,"country":"Indonesia","elev":3265}},{"type":"Feature","geometry":{"type":"Point","coordinates":[112.45,-7.92]},"properties":{"name":"Kawi-Butak","type":"Stratovolcano(es)","last":null,"country":"Indonesia","elev":2651}},{"type":"Feature","geometry":{"type":"Point","coordinates":[112.314,-7.935]},"properties":{"name":"Kelud","type":"Stratovolcano","last":2014,"country":"Indonesia","elev":1730}},{"type":"Feature","geometry":{"type":"Point","coordinates":[112.62,-7.616]},"properties":{"name":"Penanggungan","type":"Stratovolcano","last":null,"country":"Indonesia","elev":1631}},{"type":"Feature","geometry":{"type":"Point","coordinates":[112.575,-7.733]},"properties":{"name":"Arjuno-Welirang","type":"Stratovolcano","last":1952,"country":"Indonesia","elev":3343}},{"type":"Feature","geometry":{"type":"Point","coordinates":[112.922,-8.108]},"properties":{"name":"Semeru","type":"Stratovolcano","last":2026,"country":"Indonesia","elev":3657}},{"type":"Feature","geometry":{"type":"Point","coordinates":[112.95,-7.942]},"properties":{"name":"Tengger Caldera","type":"Stratovolcano(es)","last":2023,"country":"Indonesia","elev":2329}},{"type":"Feature","geometry":{"type":"Point","coordinates":[113.341,-7.981]},"properties":{"name":"Lamongan","type":"Stratovolcano","last":1898,"country":"Indonesia","elev":1641}},{"type":"Feature","geometry":{"type":"Point","coordinates":[113.57,-7.97]},"properties":{"name":"Iyang-Argapura","type":"Complex","last":null,"country":"Indonesia","elev":3088}},{"type":"Feature","geometry":{"type":"Point","coordinates":[114.056,-8.119]},"properties":{"name":"Raung","type":"Stratovolcano","last":2025,"country":"Indonesia","elev":3260}},{"type":"Feature","geometry":{"type":"Point","coordinates":[114.37,-7.85]},"properties":{"name":"Baluran","type":"Stratovolcano","last":null,"country":"Indonesia","elev":1247}},{"type":"Feature","geometry":{"type":"Point","coordinates":[114.242,-8.058]},"properties":{"name":"Ijen","type":"Stratovolcano(es)","last":1999,"country":"Indonesia","elev":2769}},{"type":"Feature","geometry":{"type":"Point","coordinates":[115.133,-8.283]},"properties":{"name":"Buyan-Bratan","type":"Caldera","last":null,"country":"Indonesia","elev":2244}},{"type":"Feature","geometry":{"type":"Point","coordinates":[115.3775,-8.2403]},"properties":{"name":"Batur","type":"Caldera","last":2000,"country":"Indonesia","elev":1711}},{"type":"Feature","geometry":{"type":"Point","coordinates":[115.508,-8.343]},"properties":{"name":"Agung","type":"Stratovolcano","last":2022,"country":"Indonesia","elev":2997}},{"type":"Feature","geometry":{"type":"Point","coordinates":[116.47,-8.42]},"properties":{"name":"Rinjani","type":"Stratovolcano","last":2016,"country":"Indonesia","elev":3726}},{"type":"Feature","geometry":{"type":"Point","coordinates":[118,-8.25]},"properties":{"name":"Tambora","type":"Stratovolcano","last":1967,"country":"Indonesia","elev":2850}},{"type":"Feature","geometry":{"type":"Point","coordinates":[119.07,-8.2]},"properties":{"name":"Sangeang Api","type":"Complex","last":2022,"country":"Indonesia","elev":1912}},{"type":"Feature","geometry":{"type":"Point","coordinates":[120.0074,-8.7345]},"properties":{"name":"Sano, Wai","type":"Caldera","last":null,"country":"Indonesia","elev":1319}},{"type":"Feature","geometry":{"type":"Point","coordinates":[120.5302,-8.637]},"properties":{"name":"Ranakah","type":"Lava dome(s)","last":1991,"country":"Indonesia","elev":2288}},{"type":"Feature","geometry":{"type":"Point","coordinates":[120.95,-8.875]},"properties":{"name":"Inierie","type":"Stratovolcano","last":-8050,"country":"Indonesia","elev":2245}},{"type":"Feature","geometry":{"type":"Point","coordinates":[120.98,-8.73]},"properties":{"name":"Inielika","type":"Complex","last":2001,"country":"Indonesia","elev":1559}},{"type":"Feature","geometry":{"type":"Point","coordinates":[121.191,-8.817]},"properties":{"name":"Ebulobo","type":"Stratovolcano","last":1969,"country":"Indonesia","elev":2096}},{"type":"Feature","geometry":{"type":"Point","coordinates":[121.641,-8.891]},"properties":{"name":"Iya","type":"Stratovolcano","last":1969,"country":"Indonesia","elev":618}},{"type":"Feature","geometry":{"type":"Point","coordinates":[121.82,-8.77]},"properties":{"name":"Kelimutu","type":"Complex","last":1968,"country":"Indonesia","elev":1639}},{"type":"Feature","geometry":{"type":"Point","coordinates":[121.708,-8.32]},"properties":{"name":"Paluweh","type":"Stratovolcano","last":2013,"country":"Indonesia","elev":875}},{"type":"Feature","geometry":{"type":"Point","coordinates":[122.455,-8.676]},"properties":{"name":"Egon","type":"Stratovolcano","last":2008,"country":"Indonesia","elev":1661}},{"type":"Feature","geometry":{"type":"Point","coordinates":[122.775,-8.542]},"properties":{"name":"Lewotobi","type":"Stratovolcano(es)","last":2026,"country":"Indonesia","elev":1703}},{"type":"Feature","geometry":{"type":"Point","coordinates":[123.258,-8.342]},"properties":{"name":"Iliboleng","type":"Stratovolcano","last":1993,"country":"Indonesia","elev":1659}},{"type":"Feature","geometry":{"type":"Point","coordinates":[123.508,-8.274]},"properties":{"name":"Lewotolok","type":"Stratovolcano","last":2026,"country":"Indonesia","elev":1431}},{"type":"Feature","geometry":{"type":"Point","coordinates":[123.38,-8.55]},"properties":{"name":"Ililabalekan","type":"Stratovolcano","last":null,"country":"Indonesia","elev":1018}},{"type":"Feature","geometry":{"type":"Point","coordinates":[123.573,-8.532]},"properties":{"name":"Iliwerung","type":"Complex","last":2021,"country":"Indonesia","elev":583}},{"type":"Feature","geometry":{"type":"Point","coordinates":[123.585,-7.791]},"properties":{"name":"Tara, Batu","type":"Stratovolcano","last":2015,"country":"Indonesia","elev":633}},{"type":"Feature","geometry":{"type":"Point","coordinates":[124.1306,-8.4972]},"properties":{"name":"Sirung","type":"Complex","last":2021,"country":"Indonesia","elev":1347}},{"type":"Feature","geometry":{"type":"Point","coordinates":[128.675,-7.125]},"properties":{"name":"Wurlali","type":"Stratovolcano","last":1892,"country":"Indonesia","elev":868}},{"type":"Feature","geometry":{"type":"Point","coordinates":[129.144,-6.976]},"properties":{"name":"Teon","type":"Stratovolcano","last":1904,"country":"Indonesia","elev":728}},{"type":"Feature","geometry":{"type":"Point","coordinates":[129.5,-6.73]},"properties":{"name":"Nila","type":"Stratovolcano","last":1968,"country":"Indonesia","elev":781}},{"type":"Feature","geometry":{"type":"Point","coordinates":[130.017,-6.312]},"properties":{"name":"Serua","type":"Stratovolcano","last":1921,"country":"Indonesia","elev":608}},{"type":"Feature","geometry":{"type":"Point","coordinates":[130.303,-5.543]},"properties":{"name":"Manuk","type":"Stratovolcano","last":null,"country":"Indonesia","elev":257}},{"type":"Feature","geometry":{"type":"Point","coordinates":[129.881,-4.523]},"properties":{"name":"Banda Api","type":"Caldera","last":1988,"country":"Indonesia","elev":596}},{"type":"Feature","geometry":{"type":"Point","coordinates":[121.601,-0.162]},"properties":{"name":"Colo","type":"Stratovolcano","last":1983,"country":"Indonesia","elev":404}},{"type":"Feature","geometry":{"type":"Point","coordinates":[124.42,0.75]},"properties":{"name":"Ambang","type":"Complex","last":2005,"country":"Indonesia","elev":1795}},{"type":"Feature","geometry":{"type":"Point","coordinates":[124.737,1.112]},"properties":{"name":"Soputan","type":"Stratovolcano","last":2020,"country":"Indonesia","elev":1785}},{"type":"Feature","geometry":{"type":"Point","coordinates":[124.7992,1.3644]},"properties":{"name":"Lokon-Empung","type":"Stratovolcano(es)","last":2015,"country":"Indonesia","elev":1580}},{"type":"Feature","geometry":{"type":"Point","coordinates":[124.865,1.352]},"properties":{"name":"Mahawu","type":"Stratovolcano","last":1977,"country":"Indonesia","elev":1299}},{"type":"Feature","geometry":{"type":"Point","coordinates":[125.031,1.454]},"properties":{"name":"Klabat","type":"Stratovolcano","last":null,"country":"Indonesia","elev":1968}},{"type":"Feature","geometry":{"type":"Point","coordinates":[125.185,1.518]},"properties":{"name":"Tangkoko-Duasudara","type":"Stratovolcano","last":1880,"country":"Indonesia","elev":1334}},{"type":"Feature","geometry":{"type":"Point","coordinates":[125.3671,2.3058]},"properties":{"name":"Ruang","type":"Stratovolcano","last":2024,"country":"Indonesia","elev":703}},{"type":"Feature","geometry":{"type":"Point","coordinates":[125.407,2.781]},"properties":{"name":"Karangetang","type":"Stratovolcano","last":2023,"country":"Indonesia","elev":1797}},{"type":"Feature","geometry":{"type":"Point","coordinates":[125.4422,3.1463]},"properties":{"name":"Banua Wuhu","type":"Complex","last":1919,"country":"Indonesia","elev":-5}},{"type":"Feature","geometry":{"type":"Point","coordinates":[125.447,3.689]},"properties":{"name":"Awu","type":"Stratovolcano","last":2004,"country":"Indonesia","elev":1318}},{"type":"Feature","geometry":{"type":"Point","coordinates":[127.825,1.832]},"properties":{"name":"Tarakan","type":"Pyroclastic cone(s)","last":null,"country":"Indonesia","elev":317}},{"type":"Feature","geometry":{"type":"Point","coordinates":[127.8783,1.6992]},"properties":{"name":"Dukono","type":"Complex","last":2026,"country":"Indonesia","elev":1273}},{"type":"Feature","geometry":{"type":"Point","coordinates":[127.67,1.63]},"properties":{"name":"Tobaru","type":"Stratovolcano","last":null,"country":"Indonesia","elev":1035}},{"type":"Feature","geometry":{"type":"Point","coordinates":[127.6324,1.4941]},"properties":{"name":"Ibu","type":"Stratovolcano","last":2026,"country":"Indonesia","elev":1357}},{"type":"Feature","geometry":{"type":"Point","coordinates":[127.53,1.38]},"properties":{"name":"Gamkonora","type":"Stratovolcano","last":2007,"country":"Indonesia","elev":1635}},{"type":"Feature","geometry":{"type":"Point","coordinates":[127.439,1.08]},"properties":{"name":"Jailolo","type":"Stratovolcano","last":null,"country":"Indonesia","elev":993}},{"type":"Feature","geometry":{"type":"Point","coordinates":[127.317,0.8971]},"properties":{"name":"Hiri","type":"Stratovolcano","last":null,"country":"Indonesia","elev":687}},{"type":"Feature","geometry":{"type":"Point","coordinates":[127.4556,1.2389]},"properties":{"name":"Todoko-Ranu","type":"Caldera(s)","last":null,"country":"Indonesia","elev":979}},{"type":"Feature","geometry":{"type":"Point","coordinates":[127.4029,0.6623]},"properties":{"name":"Kie Matubu","type":"Stratovolcano","last":1210,"country":"Indonesia","elev":1713}},{"type":"Feature","geometry":{"type":"Point","coordinates":[127.4,0.57]},"properties":{"name":"Mare","type":"Stratovolcano","last":null,"country":"Indonesia","elev":308}},{"type":"Feature","geometry":{"type":"Point","coordinates":[127.411,0.454]},"properties":{"name":"Moti","type":"Stratovolcano","last":null,"country":"Indonesia","elev":927}},{"type":"Feature","geometry":{"type":"Point","coordinates":[127.3322,0.81]},"properties":{"name":"Gamalama","type":"Stratovolcano(es)","last":2018,"country":"Indonesia","elev":1714}},{"type":"Feature","geometry":{"type":"Point","coordinates":[127.4,0.32]},"properties":{"name":"Kie Besi","type":"Stratovolcano","last":1988,"country":"Indonesia","elev":1357}},{"type":"Feature","geometry":{"type":"Point","coordinates":[124.892,6.113]},"properties":{"name":"Melebingoy","type":"Stratovolcano","last":1641,"country":"Philippines","elev":1824}},{"type":"Feature","geometry":{"type":"Point","coordinates":[125.0765,6.3604]},"properties":{"name":"Matutum","type":"Stratovolcano","last":1290,"country":"Philippines","elev":2262}},{"type":"Feature","geometry":{"type":"Point","coordinates":[126.047,7.382]},"properties":{"name":"Leonard Range","type":"Stratovolcano","last":80,"country":"Philippines","elev":1080}},{"type":"Feature","geometry":{"type":"Point","coordinates":[124.317,7.644]},"properties":{"name":"Makaturing","type":"Stratovolcano","last":1882,"country":"Philippines","elev":1818}},{"type":"Feature","geometry":{"type":"Point","coordinates":[124.507,7.691]},"properties":{"name":"Ragang","type":"Stratovolcano","last":1916,"country":"Philippines","elev":2790}},{"type":"Feature","geometry":{"type":"Point","coordinates":[125.0697,7.8765]},"properties":{"name":"Musuan","type":"Lava dome","last":null,"country":"Philippines","elev":610}},{"type":"Feature","geometry":{"type":"Point","coordinates":[124.673,9.203]},"properties":{"name":"Camiguin","type":"Stratovolcano(es)","last":1953,"country":"Philippines","elev":1552}},{"type":"Feature","geometry":{"type":"Point","coordinates":[123.13,10.4096]},"properties":{"name":"Kanlaon","type":"Stratovolcano","last":2026,"country":"Philippines","elev":2422}},{"type":"Feature","geometry":{"type":"Point","coordinates":[125.218,10.285]},"properties":{"name":"Cabalían","type":"Stratovolcano","last":1820,"country":"Philippines","elev":912}},{"type":"Feature","geometry":{"type":"Point","coordinates":[124.535,11.523]},"properties":{"name":"Biliran","type":"Compound","last":1939,"country":"Philippines","elev":1301}},{"type":"Feature","geometry":{"type":"Point","coordinates":[124.056,12.769]},"properties":{"name":"Bulusan","type":"Stratovolcano(es)","last":2025,"country":"Philippines","elev":1535}},{"type":"Feature","geometry":{"type":"Point","coordinates":[123.685,13.257]},"properties":{"name":"Mayon","type":"Stratovolcano","last":2026,"country":"Philippines","elev":2462}},{"type":"Feature","geometry":{"type":"Point","coordinates":[123.451,13.458]},"properties":{"name":"Iriga","type":"Stratovolcano","last":null,"country":"Philippines","elev":1138}},{"type":"Feature","geometry":{"type":"Point","coordinates":[123.38,13.658]},"properties":{"name":"Isarog","type":"Stratovolcano","last":-3500,"country":"Philippines","elev":1966}},{"type":"Feature","geometry":{"type":"Point","coordinates":[121.48,14.07]},"properties":{"name":"Banahaw","type":"Complex","last":null,"country":"Philippines","elev":2158}},{"type":"Feature","geometry":{"type":"Point","coordinates":[121.3,14.12]},"properties":{"name":"San Pablo Volcanic Field","type":"Volcanic field","last":1350,"country":"Philippines","elev":1090}},{"type":"Feature","geometry":{"type":"Point","coordinates":[120.9975,14.0106]},"properties":{"name":"Taal","type":"Caldera","last":2026,"country":"Philippines","elev":311}},{"type":"Feature","geometry":{"type":"Point","coordinates":[120.35,15.13]},"properties":{"name":"Pinatubo","type":"Stratovolcano","last":2021,"country":"Philippines","elev":1486}},{"type":"Feature","geometry":{"type":"Point","coordinates":[122.123,18.222]},"properties":{"name":"Cagua","type":"Stratovolcano","last":1860,"country":"Philippines","elev":1133}},{"type":"Feature","geometry":{"type":"Point","coordinates":[121.86,18.83]},"properties":{"name":"Camiguin de Babuyanes","type":"Stratovolcano","last":1857,"country":"Philippines","elev":712}},{"type":"Feature","geometry":{"type":"Point","coordinates":[122.202,19.077]},"properties":{"name":"Didicas","type":"Compound","last":1978,"country":"Philippines","elev":228}},{"type":"Feature","geometry":{"type":"Point","coordinates":[121.95,19.524]},"properties":{"name":"Babuyan Claro","type":"Stratovolcano(es)","last":1924,"country":"Philippines","elev":1064}},{"type":"Feature","geometry":{"type":"Point","coordinates":[122.01,20.469]},"properties":{"name":"Iraya","type":"Stratovolcano","last":1454,"country":"Philippines","elev":1009}},{"type":"Feature","geometry":{"type":"Point","coordinates":[110.229,19.905]},"properties":{"name":"Hainan Volcanic Field","type":"Volcanic field","last":1933,"country":"China","elev":196}},{"type":"Feature","geometry":{"type":"Point","coordinates":[109.12,15.38]},"properties":{"name":"Ly Son Group","type":"Volcanic field","last":null,"country":"Vietnam","elev":157}},{"type":"Feature","geometry":{"type":"Point","coordinates":[109.014,10.158]},"properties":{"name":"Cendres, Ile des","type":"Volcanic field","last":1923,"country":"Vietnam","elev":-20}},{"type":"Feature","geometry":{"type":"Point","coordinates":[95.25,20.92]},"properties":{"name":"Popa","type":"Stratovolcano","last":-6050,"country":"Burma (Myanmar)","elev":1518}},{"type":"Feature","geometry":{"type":"Point","coordinates":[98.5,25.23]},"properties":{"name":"Tengchong","type":"Volcanic field","last":-5750,"country":"China","elev":2865}},{"type":"Feature","geometry":{"type":"Point","coordinates":[121.953,24.841]},"properties":{"name":"Kueishantao","type":"Stratovolcano","last":1853,"country":"Taiwan","elev":361}},{"type":"Feature","geometry":{"type":"Point","coordinates":[121.553,25.178]},"properties":{"name":"Tatun Volcanic Group","type":"Lava dome(s)","last":648,"country":"Taiwan","elev":1120}},{"type":"Feature","geometry":{"type":"Point","coordinates":[123.93,24.57]},"properties":{"name":"Submarine Volcano NNE of Iriomotejima","type":"Stratovolcano","last":1924,"country":"Japan","elev":-200}},{"type":"Feature","geometry":{"type":"Point","coordinates":[128.997,28.797]},"properties":{"name":"Yokoatejima","type":"Stratovolcano(es)","last":1835,"country":"Japan","elev":495}},{"type":"Feature","geometry":{"type":"Point","coordinates":[129.594,29.465]},"properties":{"name":"Akusekijima","type":"Stratovolcano(es)","last":null,"country":"Japan","elev":555}},{"type":"Feature","geometry":{"type":"Point","coordinates":[128.223,27.881]},"properties":{"name":"Io-Torishima","type":"Complex","last":1968,"country":"Japan","elev":212}},{"type":"Feature","geometry":{"type":"Point","coordinates":[129.714,29.638]},"properties":{"name":"Suwanosejima","type":"Stratovolcano(es)","last":2026,"country":"Japan","elev":796}},{"type":"Feature","geometry":{"type":"Point","coordinates":[129.926,29.968]},"properties":{"name":"Kuchinoshima","type":"Stratovolcano(es)","last":1190,"country":"Japan","elev":628}},{"type":"Feature","geometry":{"type":"Point","coordinates":[129.857,29.859]},"properties":{"name":"Nakanoshima","type":"Stratovolcano(es)","last":1914,"country":"Japan","elev":979}},{"type":"Feature","geometry":{"type":"Point","coordinates":[130.217,30.443]},"properties":{"name":"Kuchinoerabujima","type":"Stratovolcano(es)","last":2020,"country":"Japan","elev":657}},{"type":"Feature","geometry":{"type":"Point","coordinates":[130.305,30.793]},"properties":{"name":"Kikai","type":"Caldera","last":2025,"country":"Japan","elev":704}},{"type":"Feature","geometry":{"type":"Point","coordinates":[130.57,31.22]},"properties":{"name":"Ata","type":"Caldera(s)","last":885,"country":"Japan","elev":924}},{"type":"Feature","geometry":{"type":"Point","coordinates":[130.592,31.771]},"properties":{"name":"Yonemaru-Sumiyoshiike","type":"Maar(s)","last":-6200,"country":"Japan","elev":40}},{"type":"Feature","geometry":{"type":"Point","coordinates":[130.6589,31.5772]},"properties":{"name":"Aira","type":"Caldera","last":2026,"country":"Japan","elev":1117}},{"type":"Feature","geometry":{"type":"Point","coordinates":[128.849,32.657]},"properties":{"name":"Fukue","type":"Volcanic field","last":-400,"country":"Japan","elev":315}},{"type":"Feature","geometry":{"type":"Point","coordinates":[130.862,31.934]},"properties":{"name":"Kirishimayama","type":"Shield","last":2025,"country":"Japan","elev":1700}},{"type":"Feature","geometry":{"type":"Point","coordinates":[130.299,32.761]},"properties":{"name":"Unzendake","type":"Complex","last":1996,"country":"Japan","elev":1483}},{"type":"Feature","geometry":{"type":"Point","coordinates":[131.085,32.8849]},"properties":{"name":"Asosan","type":"Caldera","last":2021,"country":"Japan","elev":1592}},{"type":"Feature","geometry":{"type":"Point","coordinates":[131.249,33.086]},"properties":{"name":"Kujusan","type":"Stratovolcano(es)","last":1996,"country":"Japan","elev":1791}},{"type":"Feature","geometry":{"type":"Point","coordinates":[131.39,33.282]},"properties":{"name":"Yufu-Tsurumi","type":"Lava dome(s)","last":867,"country":"Japan","elev":1584}},{"type":"Feature","geometry":{"type":"Point","coordinates":[131.5167,34.4833]},"properties":{"name":"Abu","type":"Volcanic field","last":-6850,"country":"Japan","elev":641}},{"type":"Feature","geometry":{"type":"Point","coordinates":[132.622,35.141]},"properties":{"name":"Sanbesan","type":"Stratovolcano","last":650,"country":"Japan","elev":1126}},{"type":"Feature","geometry":{"type":"Point","coordinates":[139.098,34.9]},"properties":{"name":"Izu-Tobu","type":"Pyroclastic cone(s)","last":1989,"country":"Japan","elev":1406}},{"type":"Feature","geometry":{"type":"Point","coordinates":[139.021,35.233]},"properties":{"name":"Hakoneyama","type":"Complex","last":2015,"country":"Japan","elev":1438}},{"type":"Feature","geometry":{"type":"Point","coordinates":[138.32,36.087]},"properties":{"name":"Yokodake","type":"Stratovolcano(es)","last":1200,"country":"Japan","elev":2480}},{"type":"Feature","geometry":{"type":"Point","coordinates":[138.728,35.361]},"properties":{"name":"Fujisan","type":"Stratovolcano","last":1708,"country":"Japan","elev":3776}},{"type":"Feature","geometry":{"type":"Point","coordinates":[137.48,35.893]},"properties":{"name":"Ontakesan","type":"Complex","last":2014,"country":"Japan","elev":3067}},{"type":"Feature","geometry":{"type":"Point","coordinates":[136.771,36.155]},"properties":{"name":"Hakusan","type":"Stratovolcano","last":1659,"country":"Japan","elev":2702}},{"type":"Feature","geometry":{"type":"Point","coordinates":[137.554,36.106]},"properties":{"name":"Norikuradake","type":"Stratovolcano(es)","last":-50,"country":"Japan","elev":3026}},{"type":"Feature","geometry":{"type":"Point","coordinates":[137.587,36.227]},"properties":{"name":"Yakedake","type":"Stratovolcano(es)","last":1995,"country":"Japan","elev":2455}},{"type":"Feature","geometry":{"type":"Point","coordinates":[137.59,36.571]},"properties":{"name":"Midagahara","type":"Stratovolcano","last":1839,"country":"Japan","elev":2621}},{"type":"Feature","geometry":{"type":"Point","coordinates":[138.036,36.921]},"properties":{"name":"Niigata-Yakeyama","type":"Lava dome","last":1998,"country":"Japan","elev":2400}},{"type":"Feature","geometry":{"type":"Point","coordinates":[138.114,36.891]},"properties":{"name":"Myokosan","type":"Stratovolcano","last":-750,"country":"Japan","elev":2454}},{"type":"Feature","geometry":{"type":"Point","coordinates":[138.523,36.406]},"properties":{"name":"Asamayama","type":"Complex","last":2019,"country":"Japan","elev":2568}},{"type":"Feature","geometry":{"type":"Point","coordinates":[138.519,36.688]},"properties":{"name":"Shiga","type":"Shield(s)","last":null,"country":"Japan","elev":2041}},{"type":"Feature","geometry":{"type":"Point","coordinates":[138.851,36.477]},"properties":{"name":"Harunasan","type":"Stratovolcano","last":550,"country":"Japan","elev":1449}},{"type":"Feature","geometry":{"type":"Point","coordinates":[138.528,36.618]},"properties":{"name":"Kusatsu-Shiranesan","type":"Stratovolcano(es)","last":2018,"country":"Japan","elev":2165}},{"type":"Feature","geometry":{"type":"Point","coordinates":[139.285,36.955]},"properties":{"name":"Hiuchigatake","type":"Stratovolcano","last":1544,"country":"Japan","elev":2356}},{"type":"Feature","geometry":{"type":"Point","coordinates":[139.193,36.56]},"properties":{"name":"Akagisan","type":"Stratovolcano","last":null,"country":"Japan","elev":1828}},{"type":"Feature","geometry":{"type":"Point","coordinates":[139.491,36.765]},"properties":{"name":"Nantaisan","type":"Stratovolcano","last":-9540,"country":"Japan","elev":2486}},{"type":"Feature","geometry":{"type":"Point","coordinates":[139.4756,36.8067]},"properties":{"name":"Omanago Group","type":"Lava dome(s)","last":-3050,"country":"Japan","elev":2341}},{"type":"Feature","geometry":{"type":"Point","coordinates":[139.777,36.9]},"properties":{"name":"Takaharayama","type":"Stratovolcano","last":-4570,"country":"Japan","elev":1795}},{"type":"Feature","geometry":{"type":"Point","coordinates":[139.376,36.799]},"properties":{"name":"Nikko-Shiranesan","type":"Shield","last":1952,"country":"Japan","elev":2578}},{"type":"Feature","geometry":{"type":"Point","coordinates":[139.566,37.444]},"properties":{"name":"Numazawa","type":"Shield","last":-3400,"country":"Japan","elev":835}},{"type":"Feature","geometry":{"type":"Point","coordinates":[139.963,37.125]},"properties":{"name":"Nasudake","type":"Stratovolcano(es)","last":1963,"country":"Japan","elev":1915}},{"type":"Feature","geometry":{"type":"Point","coordinates":[140.072,37.601]},"properties":{"name":"Bandaisan","type":"Stratovolcano","last":1888,"country":"Japan","elev":1816}},{"type":"Feature","geometry":{"type":"Point","coordinates":[140.281,37.647]},"properties":{"name":"Adatarayama","type":"Stratovolcano(es)","last":1996,"country":"Japan","elev":1728}},{"type":"Feature","geometry":{"type":"Point","coordinates":[140.244,37.735]},"properties":{"name":"Azumayama","type":"Stratovolcano(es)","last":1977,"country":"Japan","elev":1949}},{"type":"Feature","geometry":{"type":"Point","coordinates":[140.1617,38.5992]},"properties":{"name":"Hijiori","type":"Caldera","last":null,"country":"Japan","elev":552}},{"type":"Feature","geometry":{"type":"Point","coordinates":[140.44,38.144]},"properties":{"name":"Zaozan [Zaosan]","type":"Complex","last":1940,"country":"Japan","elev":1841}},{"type":"Feature","geometry":{"type":"Point","coordinates":[140.734,38.729]},"properties":{"name":"Naruko","type":"Caldera","last":837,"country":"Japan","elev":470}},{"type":"Feature","geometry":{"type":"Point","coordinates":[140.788,38.961]},"properties":{"name":"Kurikomayama","type":"Stratovolcano","last":1950,"country":"Japan","elev":1627}},{"type":"Feature","geometry":{"type":"Point","coordinates":[140.049,39.099]},"properties":{"name":"Chokaisan","type":"Stratovolcano(es)","last":1974,"country":"Japan","elev":2236}},{"type":"Feature","geometry":{"type":"Point","coordinates":[140.799,39.761]},"properties":{"name":"Akita-Komagatake","type":"Stratovolcano(es)","last":1971,"country":"Japan","elev":1637}},{"type":"Feature","geometry":{"type":"Point","coordinates":[141.001,39.853]},"properties":{"name":"Iwatesan","type":"Complex","last":1919,"country":"Japan","elev":2038}},{"type":"Feature","geometry":{"type":"Point","coordinates":[140.854,39.958]},"properties":{"name":"Hachimantai","type":"Stratovolcano","last":-5350,"country":"Japan","elev":1613}},{"type":"Feature","geometry":{"type":"Point","coordinates":[139.725,39.95]},"properties":{"name":"Megata","type":"Maar(s)","last":-2050,"country":"Japan","elev":160}},{"type":"Feature","geometry":{"type":"Point","coordinates":[140.757,39.964]},"properties":{"name":"Akita-Yakeyama","type":"Stratovolcano","last":1997,"country":"Japan","elev":1366}},{"type":"Feature","geometry":{"type":"Point","coordinates":[140.88,40.51]},"properties":{"name":"Towada","type":"Caldera","last":915,"country":"Japan","elev":1011}},{"type":"Feature","geometry":{"type":"Point","coordinates":[140.303,40.656]},"properties":{"name":"Iwakisan","type":"Stratovolcano","last":1863,"country":"Japan","elev":1625}},{"type":"Feature","geometry":{"type":"Point","coordinates":[140.877,40.659]},"properties":{"name":"Hakkodasan","type":"Stratovolcano(es)","last":1550,"country":"Japan","elev":1585}},{"type":"Feature","geometry":{"type":"Point","coordinates":[141.12,41.279]},"properties":{"name":"Osorezan","type":"Stratovolcano","last":1787,"country":"Japan","elev":878}},{"type":"Feature","geometry":{"type":"Point","coordinates":[139.279,34.52]},"properties":{"name":"Toshima","type":"Stratovolcano","last":-4550,"country":"Japan","elev":508}},{"type":"Feature","geometry":{"type":"Point","coordinates":[139.394,34.724]},"properties":{"name":"Izu-Oshima","type":"Stratovolcano","last":1990,"country":"Japan","elev":746}},{"type":"Feature","geometry":{"type":"Point","coordinates":[139.27,34.397]},"properties":{"name":"Niijima","type":"Lava dome(s)","last":886,"country":"Japan","elev":432}},{"type":"Feature","geometry":{"type":"Point","coordinates":[139.153,34.219]},"properties":{"name":"Kozushima","type":"Lava dome(s)","last":838,"country":"Japan","elev":572}},{"type":"Feature","geometry":{"type":"Point","coordinates":[139.602,33.874]},"properties":{"name":"Mikurajima","type":"Stratovolcano","last":-4100,"country":"Japan","elev":851}},{"type":"Feature","geometry":{"type":"Point","coordinates":[139.68,33.4]},"properties":{"name":"Kurose Hole","type":"Caldera","last":null,"country":"Japan","elev":-114}},{"type":"Feature","geometry":{"type":"Point","coordinates":[139.526,34.094]},"properties":{"name":"Miyakejima","type":"Stratovolcano","last":2010,"country":"Japan","elev":775}},{"type":"Feature","geometry":{"type":"Point","coordinates":[139.766,33.137]},"properties":{"name":"Hachijojima","type":"Stratovolcano(es)","last":1606,"country":"Japan","elev":854}},{"type":"Feature","geometry":{"type":"Point","coordinates":[139.85,32.1]},"properties":{"name":"Kita-Bayonnaise","type":"Caldera","last":null,"country":"Japan","elev":-360}},{"type":"Feature","geometry":{"type":"Point","coordinates":[139.759,32.458]},"properties":{"name":"Aogashima","type":"Stratovolcano","last":1785,"country":"Japan","elev":423}},{"type":"Feature","geometry":{"type":"Point","coordinates":[139.918,31.888]},"properties":{"name":"Myojinsho","type":"Caldera","last":1970,"country":"Japan","elev":11}},{"type":"Feature","geometry":{"type":"Point","coordinates":[140.051,31.44]},"properties":{"name":"Sumisujima","type":"Caldera","last":1916,"country":"Japan","elev":136}},{"type":"Feature","geometry":{"type":"Point","coordinates":[140.342,29.794]},"properties":{"name":"Sofugan","type":"Stratovolcano","last":null,"country":"Japan","elev":99}},{"type":"Feature","geometry":{"type":"Point","coordinates":[140.633,28.575]},"properties":{"name":"Suiyo Seamount","type":"Stratovolcano","last":null,"country":"Japan","elev":-991}},{"type":"Feature","geometry":{"type":"Point","coordinates":[140.572,28.327]},"properties":{"name":"Mokuyo Seamount","type":"Stratovolcano","last":null,"country":"Japan","elev":-933}},{"type":"Feature","geometry":{"type":"Point","coordinates":[140.8,27.68]},"properties":{"name":"Doyo Seamount","type":"Stratovolcano","last":null,"country":"Japan","elev":-590}},{"type":"Feature","geometry":{"type":"Point","coordinates":[140.874,27.247]},"properties":{"name":"Nishinoshima","type":"Caldera","last":2023,"country":"Japan","elev":100}},{"type":"Feature","geometry":{"type":"Point","coordinates":[140.929,26.667]},"properties":{"name":"Kaikata Seamount","type":"Stratovolcano","last":null,"country":"Japan","elev":-165}},{"type":"Feature","geometry":{"type":"Point","coordinates":[140.303,30.484]},"properties":{"name":"Izu-Torishima","type":"Stratovolcano","last":2002,"country":"Japan","elev":394}},{"type":"Feature","geometry":{"type":"Point","coordinates":[141.0955,26.1217]},"properties":{"name":"Kaitoku Seamount","type":"Stratovolcano","last":2023,"country":"Japan","elev":-95}},{"type":"Feature","geometry":{"type":"Point","coordinates":[141.284,25.424]},"properties":{"name":"Kita-Ioto","type":"Stratovolcano","last":2022,"country":"Japan","elev":792}},{"type":"Feature","geometry":{"type":"Point","coordinates":[141.417,24.417]},"properties":{"name":"Kita-Fukutokutai","type":"Stratovolcano","last":1954,"country":"Japan","elev":-73}},{"type":"Feature","geometry":{"type":"Point","coordinates":[141.289,24.751]},"properties":{"name":"Ioto","type":"Caldera","last":2025,"country":"Japan","elev":169}},{"type":"Feature","geometry":{"type":"Point","coordinates":[141.935,23.5]},"properties":{"name":"Minami-Hiyoshi","type":"Stratovolcano","last":1975,"country":"Japan","elev":-107}},{"type":"Feature","geometry":{"type":"Point","coordinates":[142.326,23.078]},"properties":{"name":"Nikko","type":"Stratovolcano","last":null,"country":"Japan","elev":-392}},{"type":"Feature","geometry":{"type":"Point","coordinates":[143.47,21.93]},"properties":{"name":"Fukujin","type":"Stratovolcano","last":1974,"country":"United States","elev":-217}},{"type":"Feature","geometry":{"type":"Point","coordinates":[143.71,21.765]},"properties":{"name":"Kasuga 1","type":"Stratovolcano","last":1959,"country":"United States","elev":-598}},{"type":"Feature","geometry":{"type":"Point","coordinates":[143.637,21.6]},"properties":{"name":"Kasuga 2","type":"Stratovolcano","last":null,"country":"United States","elev":-274}},{"type":"Feature","geometry":{"type":"Point","coordinates":[144.043,21.485]},"properties":{"name":"NW Eifuku","type":"Stratovolcano","last":null,"country":"United States","elev":-1535}},{"type":"Feature","geometry":{"type":"Point","coordinates":[144.194,21.324]},"properties":{"name":"Daikoku","type":"Stratovolcano","last":null,"country":"United States","elev":-323}},{"type":"Feature","geometry":{"type":"Point","coordinates":[141.481,24.285]},"properties":{"name":"Fukutoku-Oka-no-Ba","type":"Pyroclastic cone","last":2021,"country":"Japan","elev":-29}},{"type":"Feature","geometry":{"type":"Point","coordinates":[145.03,20.437]},"properties":{"name":"Ahyi","type":"Stratovolcano","last":2026,"country":"United States","elev":-55}},{"type":"Feature","geometry":{"type":"Point","coordinates":[145.1,20.13]},"properties":{"name":"Supply Reef","type":"Stratovolcano","last":null,"country":"United States","elev":-8}},{"type":"Feature","geometry":{"type":"Point","coordinates":[145.22,20.02]},"properties":{"name":"Maug Islands","type":"Stratovolcano","last":null,"country":"United States","elev":227}},{"type":"Feature","geometry":{"type":"Point","coordinates":[144.893,20.546]},"properties":{"name":"Farallon de Pajaros","type":"Stratovolcano","last":1953,"country":"United States","elev":337}},{"type":"Feature","geometry":{"type":"Point","coordinates":[145.406,19.671]},"properties":{"name":"Asuncion","type":"Stratovolcano","last":1906,"country":"United States","elev":857}},{"type":"Feature","geometry":{"type":"Point","coordinates":[145.67,18.77]},"properties":{"name":"Agrigan","type":"Stratovolcano","last":1917,"country":"United States","elev":965}},{"type":"Feature","geometry":{"type":"Point","coordinates":[145.8,18.13]},"properties":{"name":"Pagan","type":"Stratovolcano(es)","last":2021,"country":"United States","elev":570}},{"type":"Feature","geometry":{"type":"Point","coordinates":[145.83,17.6]},"properties":{"name":"Alamagan","type":"Stratovolcano","last":870,"country":"United States","elev":744}},{"type":"Feature","geometry":{"type":"Point","coordinates":[145.85,16.88]},"properties":{"name":"Zealandia Bank","type":"Stratovolcano","last":null,"country":"United States","elev":0}},{"type":"Feature","geometry":{"type":"Point","coordinates":[145.7803,16.6991]},"properties":{"name":"Sarigan","type":"Stratovolcano","last":null,"country":"United States","elev":494}},{"type":"Feature","geometry":{"type":"Point","coordinates":[145.84,17.3137]},"properties":{"name":"Guguan","type":"Stratovolcano","last":1883,"country":"United States","elev":232}},{"type":"Feature","geometry":{"type":"Point","coordinates":[145.67,15.93]},"properties":{"name":"East Diamante","type":"Stratovolcano","last":null,"country":"United States","elev":-127}},{"type":"Feature","geometry":{"type":"Point","coordinates":[145.572,15.605]},"properties":{"name":"Ruby","type":"Stratovolcano","last":2023,"country":"United States","elev":-174}},{"type":"Feature","geometry":{"type":"Point","coordinates":[145.67,16.35]},"properties":{"name":"Anatahan","type":"Stratovolcano","last":2008,"country":"United States","elev":790}},{"type":"Feature","geometry":{"type":"Point","coordinates":[144.775,14.601]},"properties":{"name":"NW Rota-1","type":"Stratovolcano","last":2010,"country":"United States","elev":-455}},{"type":"Feature","geometry":{"type":"Point","coordinates":[145.249,14.958]},"properties":{"name":"Esmeralda Bank","type":"Stratovolcano","last":null,"country":"United States","elev":-74}},{"type":"Feature","geometry":{"type":"Point","coordinates":[143.92,13.4]},"properties":{"name":"Forecast Seamount","type":"Stratovolcano","last":null,"country":"United States","elev":-1456}},{"type":"Feature","geometry":{"type":"Point","coordinates":[144.02,13.25]},"properties":{"name":"Seamount X","type":"Stratovolcano","last":null,"country":"United States","elev":-1230}},{"type":"Feature","geometry":{"type":"Point","coordinates":[141.166,41.805]},"properties":{"name":"Esan","type":"Lava dome(s)","last":1874,"country":"Japan","elev":618}},{"type":"Feature","geometry":{"type":"Point","coordinates":[139.367,41.51]},"properties":{"name":"Oshima-Oshima","type":"Stratovolcano","last":1790,"country":"Japan","elev":732}},{"type":"Feature","geometry":{"type":"Point","coordinates":[140.677,42.063]},"properties":{"name":"Hokkaido-Komagatake","type":"Stratovolcano","last":2000,"country":"Japan","elev":1131}},{"type":"Feature","geometry":{"type":"Point","coordinates":[140.659,42.875]},"properties":{"name":"Niseko","type":"Stratovolcano(es)","last":-4900,"country":"Japan","elev":1308}},{"type":"Feature","geometry":{"type":"Point","coordinates":[140.812,42.827]},"properties":{"name":"Yoteizan","type":"Stratovolcano","last":-1050,"country":"Japan","elev":1888}},{"type":"Feature","geometry":{"type":"Point","coordinates":[141.16,42.491]},"properties":{"name":"Kuttara","type":"Stratovolcano(es)","last":1820,"country":"Japan","elev":549}},{"type":"Feature","geometry":{"type":"Point","coordinates":[140.839,42.544]},"properties":{"name":"Toya","type":"Stratovolcano","last":2001,"country":"Japan","elev":733}},{"type":"Feature","geometry":{"type":"Point","coordinates":[141.242,45.179]},"properties":{"name":"Rishirizan","type":"Stratovolcano","last":-5830,"country":"Japan","elev":1721}},{"type":"Feature","geometry":{"type":"Point","coordinates":[141.38,42.688]},"properties":{"name":"Shikotsu","type":"Caldera","last":1981,"country":"Japan","elev":1320}},{"type":"Feature","geometry":{"type":"Point","coordinates":[142.686,43.418]},"properties":{"name":"Tokachidake","type":"Stratovolcano(es)","last":2004,"country":"Japan","elev":2077}},{"type":"Feature","geometry":{"type":"Point","coordinates":[143.031,43.418]},"properties":{"name":"Maruyama","type":"Stratovolcano(es)","last":1898,"country":"Japan","elev":2013}},{"type":"Feature","geometry":{"type":"Point","coordinates":[142.854,43.664]},"properties":{"name":"Taisetsuzan","type":"Stratovolcano(es)","last":1739,"country":"Japan","elev":2291}},{"type":"Feature","geometry":{"type":"Point","coordinates":[144.013,43.384]},"properties":{"name":"Akan","type":"Caldera","last":2026,"country":"Japan","elev":1499}},{"type":"Feature","geometry":{"type":"Point","coordinates":[144.561,43.572]},"properties":{"name":"Mashu","type":"Caldera","last":1080,"country":"Japan","elev":857}},{"type":"Feature","geometry":{"type":"Point","coordinates":[145.122,44.076]},"properties":{"name":"Rausudake","type":"Stratovolcano","last":1800,"country":"Japan","elev":1660}},{"type":"Feature","geometry":{"type":"Point","coordinates":[144.427,43.615]},"properties":{"name":"Kussharo","type":"Caldera","last":1320,"country":"Japan","elev":574}},{"type":"Feature","geometry":{"type":"Point","coordinates":[145.161,44.133]},"properties":{"name":"Shiretoko-Iozan","type":"Stratovolcano","last":1936,"country":"Japan","elev":1562}},{"type":"Feature","geometry":{"type":"Point","coordinates":[145.504,43.844]},"properties":{"name":"Tomariyama [Golovnin]","type":"Caldera","last":1848,"country":"Japan - administered by Russia","elev":535}},{"type":"Feature","geometry":{"type":"Point","coordinates":[146.1401,44.4541]},"properties":{"name":"Ruruidake [Smirnov]","type":"Stratovolcano","last":null,"country":"Japan - administered by Russia","elev":1447}},{"type":"Feature","geometry":{"type":"Point","coordinates":[145.733,43.979]},"properties":{"name":"Raususan [Mendeleev]","type":"Stratovolcano","last":1880,"country":"Japan - administered by Russia","elev":882}},{"type":"Feature","geometry":{"type":"Point","coordinates":[146.252,44.353]},"properties":{"name":"Chachadake [Tiatia]","type":"Stratovolcano","last":1981,"country":"Japan - administered by Russia","elev":1822}},{"type":"Feature","geometry":{"type":"Point","coordinates":[146.932,44.462]},"properties":{"name":"Berutarubesan [Berutarube]","type":"Stratovolcano","last":null,"country":"Japan - administered by Russia","elev":1221}},{"type":"Feature","geometry":{"type":"Point","coordinates":[147.131,44.808]},"properties":{"name":"Etorofu-Atosanupuri [Atosanupuri]","type":"Stratovolcano","last":1932,"country":"Japan - administered by Russia","elev":1206}},{"type":"Feature","geometry":{"type":"Point","coordinates":[147.403,44.857]},"properties":{"name":"Hitokappu Volcano Group [Bogatyr Ridge]","type":"Stratovolcano","last":null,"country":"Japan - administered by Russia","elev":1610}},{"type":"Feature","geometry":{"type":"Point","coordinates":[147.871,45.012]},"properties":{"name":"Etorofu-Yakeyama [Grozny Group]","type":"Complex","last":2013,"country":"Japan - administered by Russia","elev":1158}},{"type":"Feature","geometry":{"type":"Point","coordinates":[148.0148,45.103]},"properties":{"name":"Sashiusudake [Baransky]","type":"Stratovolcano","last":1951,"country":"Japan - administered by Russia","elev":1107}},{"type":"Feature","geometry":{"type":"Point","coordinates":[147.92,45.338]},"properties":{"name":"Chirippusan [Chirip]","type":"Stratovolcano(es)","last":1860,"country":"Japan - administered by Russia","elev":1587}},{"type":"Feature","geometry":{"type":"Point","coordinates":[148.838,45.389]},"properties":{"name":"Moyorodake [Medvezhia]","type":"Stratovolcano","last":1999,"country":"Japan - administered by Russia","elev":1124}},{"type":"Feature","geometry":{"type":"Point","coordinates":[149.6762,45.7593]},"properties":{"name":"Ivao Group","type":"Pyroclastic cone(s)","last":null,"country":"Russia","elev":1426}},{"type":"Feature","geometry":{"type":"Point","coordinates":[150.083,46.042]},"properties":{"name":"Kolokol Group","type":"Stratovolcano","last":1973,"country":"Russia","elev":1328}},{"type":"Feature","geometry":{"type":"Point","coordinates":[150.8526,46.2944]},"properties":{"name":"Kuril Arc at 46.3°N","type":null,"last":null,"country":"Japan - administered by Russia","elev":-100}},{"type":"Feature","geometry":{"type":"Point","coordinates":[150.871,46.532]},"properties":{"name":"Chirpoi","type":"Caldera","last":2016,"country":"Russia","elev":742}},{"type":"Feature","geometry":{"type":"Point","coordinates":[151.786,46.815]},"properties":{"name":"Milna","type":"Stratovolcano","last":1914,"country":"Russia","elev":1504}},{"type":"Feature","geometry":{"type":"Point","coordinates":[151.9518,46.9178]},"properties":{"name":"Zavaritzki Caldera","type":"Caldera","last":1957,"country":"Russia","elev":612}},{"type":"Feature","geometry":{"type":"Point","coordinates":[152.25,47.12]},"properties":{"name":"Uratman","type":"Stratovolcano","last":null,"country":"Russia","elev":678}},{"type":"Feature","geometry":{"type":"Point","coordinates":[152.1167,47.0139]},"properties":{"name":"Prevo Peak","type":"Stratovolcano","last":1825,"country":"Russia","elev":1360}},{"type":"Feature","geometry":{"type":"Point","coordinates":[152.475,47.35]},"properties":{"name":"Ketoi","type":"Stratovolcano","last":1960,"country":"Russia","elev":1172}},{"type":"Feature","geometry":{"type":"Point","coordinates":[152.893,47.5861]},"properties":{"name":"Srednii","type":"Stratovolcano","last":null,"country":"Russia","elev":36}},{"type":"Feature","geometry":{"type":"Point","coordinates":[152.8139,47.5125]},"properties":{"name":"Ushishur","type":"Caldera","last":1884,"country":"Russia","elev":357}},{"type":"Feature","geometry":{"type":"Point","coordinates":[153.02,47.77]},"properties":{"name":"Rasshua","type":"Stratovolcano","last":1957,"country":"Russia","elev":956}},{"type":"Feature","geometry":{"type":"Point","coordinates":[153.2,48.092]},"properties":{"name":"Sarychev Peak","type":"Stratovolcano","last":2021,"country":"Russia","elev":1496}},{"type":"Feature","geometry":{"type":"Point","coordinates":[153.25,48.292]},"properties":{"name":"Raikoke","type":"Stratovolcano","last":2019,"country":"Russia","elev":551}},{"type":"Feature","geometry":{"type":"Point","coordinates":[153.48,48.98]},"properties":{"name":"Chirinkotan","type":"Stratovolcano","last":2022,"country":"Russia","elev":724}},{"type":"Feature","geometry":{"type":"Point","coordinates":[153.93,48.958]},"properties":{"name":"Ekarma","type":"Stratovolcano","last":2010,"country":"Russia","elev":1170}},{"type":"Feature","geometry":{"type":"Point","coordinates":[154.182,48.873]},"properties":{"name":"Sinarka","type":"Stratovolcano","last":1878,"country":"Russia","elev":911}},{"type":"Feature","geometry":{"type":"Point","coordinates":[154.508,49.12]},"properties":{"name":"Kharimkotan","type":"Stratovolcano","last":1933,"country":"Russia","elev":1145}},{"type":"Feature","geometry":{"type":"Point","coordinates":[154.725,49.34]},"properties":{"name":"Tao-Rusyr Caldera","type":"Stratovolcano","last":1952,"country":"Russia","elev":1272}},{"type":"Feature","geometry":{"type":"Point","coordinates":[154.8126,49.5641]},"properties":{"name":"Nemo Peak","type":"Caldera","last":1938,"country":"Russia","elev":994}},{"type":"Feature","geometry":{"type":"Point","coordinates":[154.9781,50.1973]},"properties":{"name":"Shirinki","type":"Stratovolcano","last":null,"country":"Russia","elev":693}},{"type":"Feature","geometry":{"type":"Point","coordinates":[155.246,50.267]},"properties":{"name":"Fuss Peak","type":"Stratovolcano","last":1854,"country":"Russia","elev":1742}},{"type":"Feature","geometry":{"type":"Point","coordinates":[155.3847,50.1419]},"properties":{"name":"Karpinsky Group","type":"Complex","last":null,"country":"Russia","elev":1326}},{"type":"Feature","geometry":{"type":"Point","coordinates":[155.461,50.324]},"properties":{"name":"Chikurachki","type":"Stratovolcano(es)","last":2023,"country":"Russia","elev":1781}},{"type":"Feature","geometry":{"type":"Point","coordinates":[155.9867,50.5819]},"properties":{"name":"Vernadsky Ridge","type":"Pyroclastic cone(s)","last":null,"country":"Russia","elev":1183}},{"type":"Feature","geometry":{"type":"Point","coordinates":[156.014,50.686]},"properties":{"name":"Ebeko","type":"Stratovolcano","last":2024,"country":"Russia","elev":1103}},{"type":"Feature","geometry":{"type":"Point","coordinates":[155.565,50.861]},"properties":{"name":"Alaid","type":"Stratovolcano","last":2022,"country":"Russia","elev":2285}},{"type":"Feature","geometry":{"type":"Point","coordinates":[156.875,51.306]},"properties":{"name":"Kambalny","type":"Stratovolcano","last":2017,"country":"Russia","elev":2116}},{"type":"Feature","geometry":{"type":"Point","coordinates":[156.629,51.533]},"properties":{"name":"Yavinsky","type":"Stratovolcano","last":-4050,"country":"Russia","elev":646}},{"type":"Feature","geometry":{"type":"Point","coordinates":[156.978,51.452]},"properties":{"name":"Diky Greben","type":"Lava dome(s)","last":350,"country":"Russia","elev":1040}},{"type":"Feature","geometry":{"type":"Point","coordinates":[157.12,51.45]},"properties":{"name":"Kurile Lake","type":"Caldera","last":-6440,"country":"Russia","elev":81}},{"type":"Feature","geometry":{"type":"Point","coordinates":[156.753,51.356]},"properties":{"name":"Koshelev","type":"Stratovolcano","last":1690,"country":"Russia","elev":1822}},{"type":"Feature","geometry":{"type":"Point","coordinates":[157.203,51.498]},"properties":{"name":"Iliinsky","type":"Stratovolcano","last":1901,"country":"Russia","elev":1555}},{"type":"Feature","geometry":{"type":"Point","coordinates":[157.328,51.577]},"properties":{"name":"Zheltovsky","type":"Stratovolcano","last":1923,"country":"Russia","elev":1926}},{"type":"Feature","geometry":{"type":"Point","coordinates":[157.53,52.02]},"properties":{"name":"Olkoviy-Ozernoy Volcanic Field","type":"Volcanic field","last":null,"country":"Russia","elev":681}},{"type":"Feature","geometry":{"type":"Point","coordinates":[157.711,52.062]},"properties":{"name":"Khodutka","type":"Stratovolcano(es)","last":-300,"country":"Russia","elev":2039}},{"type":"Feature","geometry":{"type":"Point","coordinates":[157.827,52.355]},"properties":{"name":"Asacha","type":"Complex","last":null,"country":"Russia","elev":1910}},{"type":"Feature","geometry":{"type":"Point","coordinates":[157.9332,52.435]},"properties":{"name":"Visokiy","type":"Stratovolcano","last":null,"country":"Russia","elev":1227}},{"type":"Feature","geometry":{"type":"Point","coordinates":[157.5292,51.8042]},"properties":{"name":"Ksudach","type":"Stratovolcano","last":1907,"country":"Russia","elev":1007}},{"type":"Feature","geometry":{"type":"Point","coordinates":[158.196,52.449]},"properties":{"name":"Mutnovsky","type":"Complex","last":2000,"country":"Russia","elev":2288}},{"type":"Feature","geometry":{"type":"Point","coordinates":[158.0358,52.5549]},"properties":{"name":"Gorely","type":"Caldera","last":2010,"country":"Russia","elev":1799}},{"type":"Feature","geometry":{"type":"Point","coordinates":[157.58,52.63]},"properties":{"name":"Tolmachev Dol","type":"Pyroclastic cone(s)","last":300,"country":"Russia","elev":1021}},{"type":"Feature","geometry":{"type":"Point","coordinates":[158.28,52.7]},"properties":{"name":"Vilyuchinsky","type":"Stratovolcano","last":-8050,"country":"Russia","elev":2173}},{"type":"Feature","geometry":{"type":"Point","coordinates":[158.24,52.802]},"properties":{"name":"Barkhatnaya Sopka","type":"Volcanic field","last":-3550,"country":"Russia","elev":874}},{"type":"Feature","geometry":{"type":"Point","coordinates":[157.339,52.543]},"properties":{"name":"Opala","type":"Caldera","last":1776,"country":"Russia","elev":2439}},{"type":"Feature","geometry":{"type":"Point","coordinates":[158.712,53.321]},"properties":{"name":"Koryaksky","type":"Stratovolcano","last":2009,"country":"Russia","elev":3430}},{"type":"Feature","geometry":{"type":"Point","coordinates":[158.836,53.256]},"properties":{"name":"Avachinsky","type":"Stratovolcano","last":2001,"country":"Russia","elev":2717}},{"type":"Feature","geometry":{"type":"Point","coordinates":[158.922,53.637]},"properties":{"name":"Dzenzursky","type":"Compound","last":null,"country":"Russia","elev":2285}},{"type":"Feature","geometry":{"type":"Point","coordinates":[158.4478,53.7525]},"properties":{"name":"Veer","type":"Pyroclastic cone(s)","last":390,"country":"Russia","elev":520}},{"type":"Feature","geometry":{"type":"Point","coordinates":[158.052,53.833]},"properties":{"name":"Kostakan","type":"Pyroclastic cone(s)","last":1350,"country":"Russia","elev":1150}},{"type":"Feature","geometry":{"type":"Point","coordinates":[158.07,53.905]},"properties":{"name":"Bakening","type":"Stratovolcano","last":-550,"country":"Russia","elev":2278}},{"type":"Feature","geometry":{"type":"Point","coordinates":[158.3851,53.9065]},"properties":{"name":"Zavaritsky","type":"Pyroclastic cone(s)","last":-800,"country":"Russia","elev":1547}},{"type":"Feature","geometry":{"type":"Point","coordinates":[159.45,53.98]},"properties":{"name":"Akademia Nauk","type":"Stratovolcano(es)","last":1996,"country":"Russia","elev":1180}},{"type":"Feature","geometry":{"type":"Point","coordinates":[159.15,53.589]},"properties":{"name":"Zhupanovsky","type":"Compound","last":2016,"country":"Russia","elev":2899}},{"type":"Feature","geometry":{"type":"Point","coordinates":[159.443,54.049]},"properties":{"name":"Karymsky","type":"Stratovolcano","last":2025,"country":"Russia","elev":1513}},{"type":"Feature","geometry":{"type":"Point","coordinates":[159.674,54.135]},"properties":{"name":"Maly Semyachik","type":"Caldera","last":1952,"country":"Russia","elev":1527}},{"type":"Feature","geometry":{"type":"Point","coordinates":[160.02,54.32]},"properties":{"name":"Bolshoi Semiachik","type":"Stratovolcano(es)","last":-4450,"country":"Russia","elev":1720}},{"type":"Feature","geometry":{"type":"Point","coordinates":[159.804,54.528]},"properties":{"name":"Taunshits","type":"Stratovolcano","last":-550,"country":"Russia","elev":2301}},{"type":"Feature","geometry":{"type":"Point","coordinates":[159.9741,54.4885]},"properties":{"name":"Uzon","type":"Caldera(s)","last":200,"country":"Russia","elev":1617}},{"type":"Feature","geometry":{"type":"Point","coordinates":[160.251,54.489]},"properties":{"name":"Kikhpinych","type":"Stratovolcano(es)","last":1550,"country":"Russia","elev":1515}},{"type":"Feature","geometry":{"type":"Point","coordinates":[160.27,54.596]},"properties":{"name":"Krasheninnikov","type":"Caldera","last":2026,"country":"Russia","elev":1816}},{"type":"Feature","geometry":{"type":"Point","coordinates":[160.533,54.753]},"properties":{"name":"Kronotsky","type":"Stratovolcano","last":-3350,"country":"Russia","elev":3482}},{"type":"Feature","geometry":{"type":"Point","coordinates":[160.703,54.974]},"properties":{"name":"Gamchen","type":"Complex","last":-188,"country":"Russia","elev":2539}},{"type":"Feature","geometry":{"type":"Point","coordinates":[160.765,55.064]},"properties":{"name":"Vysoky","type":"Stratovolcano","last":-550,"country":"Russia","elev":2129}},{"type":"Feature","geometry":{"type":"Point","coordinates":[160.725,55.033]},"properties":{"name":"Komarov","type":"Stratovolcano","last":950,"country":"Russia","elev":2065}},{"type":"Feature","geometry":{"type":"Point","coordinates":[160.32,55.131]},"properties":{"name":"Kizimen","type":"Stratovolcano","last":2013,"country":"Russia","elev":2334}},{"type":"Feature","geometry":{"type":"Point","coordinates":[160.527,55.758]},"properties":{"name":"Udina","type":"Stratovolcano(es)","last":null,"country":"Russia","elev":2886}},{"type":"Feature","geometry":{"type":"Point","coordinates":[160.603,55.862]},"properties":{"name":"Zimina","type":"Stratovolcano(es)","last":null,"country":"Russia","elev":3057}},{"type":"Feature","geometry":{"type":"Point","coordinates":[160.326,55.832]},"properties":{"name":"Tolbachik","type":"Shield","last":2013,"country":"Russia","elev":3611}},{"type":"Feature","geometry":{"type":"Point","coordinates":[160.593,56.02]},"properties":{"name":"Kamen","type":"Stratovolcano","last":null,"country":"Russia","elev":4585}},{"type":"Feature","geometry":{"type":"Point","coordinates":[160.595,55.972]},"properties":{"name":"Bezymianny","type":"Stratovolcano","last":2025,"country":"Russia","elev":2882}},{"type":"Feature","geometry":{"type":"Point","coordinates":[160.509,56.113]},"properties":{"name":"Ushkovsky","type":"Compound","last":1890,"country":"Russia","elev":3943}},{"type":"Feature","geometry":{"type":"Point","coordinates":[160.642,56.056]},"properties":{"name":"Klyuchevskoy","type":"Stratovolcano","last":2025,"country":"Russia","elev":4754}},{"type":"Feature","geometry":{"type":"Point","coordinates":[167.33,55.42]},"properties":{"name":"Piip","type":"Stratovolcano","last":-5050,"country":"Russia","elev":-300}},{"type":"Feature","geometry":{"type":"Point","coordinates":[157.407,54.761]},"properties":{"name":"Khangar","type":"Stratovolcano","last":1500,"country":"Russia","elev":1967}},{"type":"Feature","geometry":{"type":"Point","coordinates":[157.47,55.55]},"properties":{"name":"Cherpuk Group","type":"Pyroclastic cone(s)","last":-4550,"country":"Russia","elev":1868}},{"type":"Feature","geometry":{"type":"Point","coordinates":[161.36,56.653]},"properties":{"name":"Sheveluch","type":"Stratovolcano","last":2026,"country":"Russia","elev":3283}},{"type":"Feature","geometry":{"type":"Point","coordinates":[157.718,55.678]},"properties":{"name":"Ichinsky","type":"Stratovolcano","last":1740,"country":"Russia","elev":3596}},{"type":"Feature","geometry":{"type":"Point","coordinates":[157.917,56.483]},"properties":{"name":"Bolshoi-Kekuknaysky","type":"Shield(s)","last":-5310,"country":"Russia","elev":1401}},{"type":"Feature","geometry":{"type":"Point","coordinates":[159.647,56.656]},"properties":{"name":"Alney-Chashakondzha","type":"Stratovolcano","last":1600,"country":"Russia","elev":2570}},{"type":"Feature","geometry":{"type":"Point","coordinates":[161.09,57.153]},"properties":{"name":"Shisheika","type":"Lava dome","last":-2240,"country":"Russia","elev":355}},{"type":"Feature","geometry":{"type":"Point","coordinates":[159.83,57.2]},"properties":{"name":"Terpuk","type":"Shield","last":-800,"country":"Russia","elev":765}},{"type":"Feature","geometry":{"type":"Point","coordinates":[160.067,57.317]},"properties":{"name":"Sedanka Lava Field","type":"Volcanic field","last":-7050,"country":"Russia","elev":1399}},{"type":"Feature","geometry":{"type":"Point","coordinates":[160.2,57.33]},"properties":{"name":"Gorny Institute","type":"Stratovolcano","last":1250,"country":"Russia","elev":2125}},{"type":"Feature","geometry":{"type":"Point","coordinates":[160.97,57.35]},"properties":{"name":"Kinenin","type":"Maar","last":850,"country":"Russia","elev":583}},{"type":"Feature","geometry":{"type":"Point","coordinates":[161.37,57.35]},"properties":{"name":"Bliznetsy","type":"Lava cone","last":-1060,"country":"Russia","elev":265}},{"type":"Feature","geometry":{"type":"Point","coordinates":[160.108,57.406]},"properties":{"name":"Titila","type":"Shield(s)","last":-550,"country":"Russia","elev":1523}},{"type":"Feature","geometry":{"type":"Point","coordinates":[160.53,57.55]},"properties":{"name":"Elovsky","type":"Shield(s)","last":-7550,"country":"Russia","elev":1381}},{"type":"Feature","geometry":{"type":"Point","coordinates":[160.65,57.97]},"properties":{"name":"Nylgimelkin","type":"Shield(s)","last":-3550,"country":"Russia","elev":1764}},{"type":"Feature","geometry":{"type":"Point","coordinates":[160.82,58.13]},"properties":{"name":"Spokoiny","type":"Stratovolcano","last":-3450,"country":"Russia","elev":2171}},{"type":"Feature","geometry":{"type":"Point","coordinates":[160.82,58.18]},"properties":{"name":"Ostry","type":"Stratovolcano","last":-2050,"country":"Russia","elev":2552}},{"type":"Feature","geometry":{"type":"Point","coordinates":[160.87,58.28]},"properties":{"name":"Severny","type":"Shield","last":-1550,"country":"Russia","elev":1936}},{"type":"Feature","geometry":{"type":"Point","coordinates":[117.77,56.28]},"properties":{"name":"Udokan Plateau","type":"Volcanic field","last":-220,"country":"Russia","elev":2180}},{"type":"Feature","geometry":{"type":"Point","coordinates":[99.021,52.713]},"properties":{"name":"Jombolok","type":"Volcanic field","last":737,"country":"Russia","elev":2047}},{"type":"Feature","geometry":{"type":"Point","coordinates":[99.95,48.133]},"properties":{"name":"Taryatu-Chulutu","type":"Volcanic field","last":-2980,"country":"Mongolia","elev":2326}},{"type":"Feature","geometry":{"type":"Point","coordinates":[81.646,35.742]},"properties":{"name":"Ashikule Volcanic Field","type":"Volcanic field","last":1951,"country":"China","elev":5090}},{"type":"Feature","geometry":{"type":"Point","coordinates":[113.111,41.59]},"properties":{"name":"Honggeertu","type":"Volcanic field","last":null,"country":"China","elev":1605}},{"type":"Feature","geometry":{"type":"Point","coordinates":[120.8,47.45]},"properties":{"name":"Arxan-Chaihe","type":"Volcanic field","last":0,"country":"China","elev":1677}},{"type":"Feature","geometry":{"type":"Point","coordinates":[125.92,49.37]},"properties":{"name":"Keluo Group","type":"Volcanic field","last":null,"country":"China","elev":670}},{"type":"Feature","geometry":{"type":"Point","coordinates":[126.15,48.722]},"properties":{"name":"Wudalianchi","type":"Volcanic field","last":1776,"country":"China","elev":597}},{"type":"Feature","geometry":{"type":"Point","coordinates":[128.83,44.08]},"properties":{"name":"Jingpohu","type":"Volcanic field","last":-520,"country":"China","elev":1000}},{"type":"Feature","geometry":{"type":"Point","coordinates":[126.5,42.33]},"properties":{"name":"Longgang Group","type":"Volcanic field","last":350,"country":"China","elev":1000}},{"type":"Feature","geometry":{"type":"Point","coordinates":[128.08,41.98]},"properties":{"name":"Changbaishan","type":"Stratovolcano","last":1903,"country":"China-North Korea","elev":2744}},{"type":"Feature","geometry":{"type":"Point","coordinates":[130.87,37.5]},"properties":{"name":"Ulleungdo","type":"Stratovolcano","last":-2990,"country":"South Korea","elev":984}},{"type":"Feature","geometry":{"type":"Point","coordinates":[126.53,33.361]},"properties":{"name":"Halla","type":"Shield","last":1007,"country":"South Korea","elev":1919}},{"type":"Feature","geometry":{"type":"Point","coordinates":[175.911,52.35]},"properties":{"name":"Buldir","type":"Stratovolcano","last":null,"country":"United States","elev":656}},{"type":"Feature","geometry":{"type":"Point","coordinates":[177.602,52.103]},"properties":{"name":"Kiska","type":"Stratovolcano","last":1990,"country":"United States","elev":1220}},{"type":"Feature","geometry":{"type":"Point","coordinates":[178.136,52.015]},"properties":{"name":"Segula","type":"Stratovolcano","last":null,"country":"United States","elev":1160}},{"type":"Feature","geometry":{"type":"Point","coordinates":[178.33,51.97]},"properties":{"name":"Davidof","type":"Stratovolcano","last":null,"country":"United States","elev":328}},{"type":"Feature","geometry":{"type":"Point","coordinates":[178.543,51.95]},"properties":{"name":"Little Sitkin","type":"Stratovolcano","last":1830,"country":"United States","elev":1174}},{"type":"Feature","geometry":{"type":"Point","coordinates":[179.58,51.93]},"properties":{"name":"Semisopochnoi","type":"Stratovolcano","last":2023,"country":"United States","elev":1221}},{"type":"Feature","geometry":{"type":"Point","coordinates":[-178.794,51.79]},"properties":{"name":"Gareloi","type":"Stratovolcano","last":1989,"country":"United States","elev":1573}},{"type":"Feature","geometry":{"type":"Point","coordinates":[-178.146,51.885]},"properties":{"name":"Tanaga","type":"Stratovolcano(es)","last":1914,"country":"United States","elev":1806}},{"type":"Feature","geometry":{"type":"Point","coordinates":[-178.006,51.873]},"properties":{"name":"Takawangha","type":"Stratovolcano","last":1550,"country":"United States","elev":1449}},{"type":"Feature","geometry":{"type":"Point","coordinates":[-177.438,51.91]},"properties":{"name":"Bobrof","type":"Stratovolcano","last":null,"country":"United States","elev":738}},{"type":"Feature","geometry":{"type":"Point","coordinates":[-177.168,51.923]},"properties":{"name":"Kanaga","type":"Stratovolcano","last":2023,"country":"United States","elev":1307}},{"type":"Feature","geometry":{"type":"Point","coordinates":[-176.747,51.944]},"properties":{"name":"Moffett","type":"Stratovolcano","last":-1600,"country":"United States","elev":1196}},{"type":"Feature","geometry":{"type":"Point","coordinates":[-176.13,52.076]},"properties":{"name":"Great Sitkin","type":"Stratovolcano","last":2026,"country":"United States","elev":1740}},{"type":"Feature","geometry":{"type":"Point","coordinates":[-175.508,52.177]},"properties":{"name":"Kasatochi","type":"Stratovolcano","last":2008,"country":"United States","elev":314}},{"type":"Feature","geometry":{"type":"Point","coordinates":[-175.13,52.22]},"properties":{"name":"Koniuji","type":"Stratovolcano","last":-1150,"country":"United States","elev":273}},{"type":"Feature","geometry":{"type":"Point","coordinates":[-174.139,52.331]},"properties":{"name":"Atka Volcanic Complex","type":"Stratovolcano(es)","last":2025,"country":"United States","elev":1518}},{"type":"Feature","geometry":{"type":"Point","coordinates":[-172.51,52.315]},"properties":{"name":"Seguam","type":"Stratovolcano(es)","last":1993,"country":"United States","elev":1054}},{"type":"Feature","geometry":{"type":"Point","coordinates":[-171.252,52.5]},"properties":{"name":"Amukta","type":"Stratovolcano","last":1996,"country":"United States","elev":1066}},{"type":"Feature","geometry":{"type":"Point","coordinates":[-171.1383,52.5716]},"properties":{"name":"Chagulak","type":"Stratovolcano","last":null,"country":"United States","elev":1028}},{"type":"Feature","geometry":{"type":"Point","coordinates":[-170.6317,52.6394]},"properties":{"name":"Yunaska","type":"Shield","last":1937,"country":"United States","elev":550}},{"type":"Feature","geometry":{"type":"Point","coordinates":[-170.111,52.742]},"properties":{"name":"Herbert","type":"Stratovolcano","last":null,"country":"United States","elev":1280}},{"type":"Feature","geometry":{"type":"Point","coordinates":[-170.054,52.894]},"properties":{"name":"Carlisle","type":"Stratovolcano","last":1828,"country":"United States","elev":1620}},{"type":"Feature","geometry":{"type":"Point","coordinates":[-169.944,52.825]},"properties":{"name":"Cleveland","type":"Stratovolcano","last":2020,"country":"United States","elev":1730}},{"type":"Feature","geometry":{"type":"Point","coordinates":[-169.77,52.83]},"properties":{"name":"Tana","type":"Stratovolcano(es)","last":null,"country":"United States","elev":1170}},{"type":"Feature","geometry":{"type":"Point","coordinates":[-169.77,53.065]},"properties":{"name":"Uliaga","type":"Stratovolcano","last":null,"country":"United States","elev":888}},{"type":"Feature","geometry":{"type":"Point","coordinates":[-169.72,52.974]},"properties":{"name":"Kagamil","type":"Stratovolcano","last":1929,"country":"United States","elev":893}},{"type":"Feature","geometry":{"type":"Point","coordinates":[-168.6875,53.1264]},"properties":{"name":"Vsevidof","type":"Stratovolcano","last":1878,"country":"United States","elev":2160}},{"type":"Feature","geometry":{"type":"Point","coordinates":[-168.539,53.157]},"properties":{"name":"Recheschnoi","type":"Stratovolcano","last":null,"country":"United States","elev":1984}},{"type":"Feature","geometry":{"type":"Point","coordinates":[-168.13,53.43]},"properties":{"name":"Okmok","type":"Shield","last":2008,"country":"United States","elev":1073}},{"type":"Feature","geometry":{"type":"Point","coordinates":[-168.03,53.93]},"properties":{"name":"Bogoslof","type":"Stratovolcano","last":2017,"country":"United States","elev":150}},{"type":"Feature","geometry":{"type":"Point","coordinates":[-166.923,53.891]},"properties":{"name":"Makushin","type":"Stratovolcano","last":1995,"country":"United States","elev":1800}},{"type":"Feature","geometry":{"type":"Point","coordinates":[-165.986,54.134]},"properties":{"name":"Akutan","type":"Stratovolcano","last":1992,"country":"United States","elev":1303}},{"type":"Feature","geometry":{"type":"Point","coordinates":[-164.65,54.516]},"properties":{"name":"Westdahl","type":"Stratovolcano?","last":1992,"country":"United States","elev":1563}},{"type":"Feature","geometry":{"type":"Point","coordinates":[-164.43,54.65]},"properties":{"name":"Fisher","type":"Stratovolcano","last":1830,"country":"United States","elev":1112}},{"type":"Feature","geometry":{"type":"Point","coordinates":[-163.97,54.756]},"properties":{"name":"Shishaldin","type":"Stratovolcano","last":2023,"country":"United States","elev":2857}},{"type":"Feature","geometry":{"type":"Point","coordinates":[-163.589,54.8]},"properties":{"name":"Roundtop","type":"Stratovolcano","last":-7600,"country":"United States","elev":1871}},{"type":"Feature","geometry":{"type":"Point","coordinates":[-163.1472,55.4184]},"properties":{"name":"Amak","type":"Stratovolcano","last":1796,"country":"United States","elev":547}},{"type":"Feature","geometry":{"type":"Point","coordinates":[-162.835,55.067]},"properties":{"name":"Frosty","type":"Stratovolcano(es)","last":null,"country":"United States","elev":1728}},{"type":"Feature","geometry":{"type":"Point","coordinates":[-162.276,55.183]},"properties":{"name":"Dutton","type":"Stratovolcano","last":null,"country":"United States","elev":1465}},{"type":"Feature","geometry":{"type":"Point","coordinates":[-162.0445,55.3519]},"properties":{"name":"Emmons Lake Volcanic Center","type":"Caldera","last":null,"country":"United States","elev":1534}},{"type":"Feature","geometry":{"type":"Point","coordinates":[-161.894,55.417]},"properties":{"name":"Pavlof","type":"Stratovolcano","last":2022,"country":"United States","elev":2493}},{"type":"Feature","geometry":{"type":"Point","coordinates":[-161.854,55.457]},"properties":{"name":"Pavlof Sister","type":"Stratovolcano","last":null,"country":"United States","elev":2142}},{"type":"Feature","geometry":{"type":"Point","coordinates":[-161.214,55.641]},"properties":{"name":"Dana","type":"Stratovolcano","last":-1890,"country":"United States","elev":1354}},{"type":"Feature","geometry":{"type":"Point","coordinates":[-159.797,56.011]},"properties":{"name":"Kupreanof","type":"Stratovolcano","last":null,"country":"United States","elev":1895}},{"type":"Feature","geometry":{"type":"Point","coordinates":[-159.38,56.17]},"properties":{"name":"Veniaminof","type":"Stratovolcano","last":2021,"country":"United States","elev":2507}},{"type":"Feature","geometry":{"type":"Point","coordinates":[-158.785,56.552]},"properties":{"name":"Black Peak","type":"Stratovolcano","last":-1900,"country":"United States","elev":1032}},{"type":"Feature","geometry":{"type":"Point","coordinates":[-158.17,56.88]},"properties":{"name":"Aniakchak","type":"Caldera","last":1931,"country":"United States","elev":1341}},{"type":"Feature","geometry":{"type":"Point","coordinates":[-157.185,57.019]},"properties":{"name":"Yantarni","type":"Stratovolcano","last":-800,"country":"United States","elev":1345}},{"type":"Feature","geometry":{"type":"Point","coordinates":[-156.99,57.135]},"properties":{"name":"Chiginagak","type":"Stratovolcano","last":1998,"country":"United States","elev":2221}},{"type":"Feature","geometry":{"type":"Point","coordinates":[-156.745,57.203]},"properties":{"name":"Kialagvik","type":"Stratovolcano","last":null,"country":"United States","elev":1677}},{"type":"Feature","geometry":{"type":"Point","coordinates":[-156.368,57.751]},"properties":{"name":"Ugashik-Peulik","type":"Stratovolcano","last":1814,"country":"United States","elev":1474}},{"type":"Feature","geometry":{"type":"Point","coordinates":[-156.5203,57.8344]},"properties":{"name":"Ukinrek Maars","type":"Maar(s)","last":1977,"country":"United States","elev":91}},{"type":"Feature","geometry":{"type":"Point","coordinates":[-155.411,57.87]},"properties":{"name":"Alaska Peninsula Arc at 155.4°W","type":"Lava dome","last":null,"country":"United States","elev":402}},{"type":"Feature","geometry":{"type":"Point","coordinates":[-155.361,58.172]},"properties":{"name":"Martin","type":"Stratovolcano","last":1953,"country":"United States","elev":1863}},{"type":"Feature","geometry":{"type":"Point","coordinates":[-155.253,58.195]},"properties":{"name":"Mageik","type":"Stratovolcano","last":-500,"country":"United States","elev":2165}},{"type":"Feature","geometry":{"type":"Point","coordinates":[-155.1,58.236]},"properties":{"name":"Trident","type":"Stratovolcano","last":1974,"country":"United States","elev":1864}},{"type":"Feature","geometry":{"type":"Point","coordinates":[-154.9533,58.279]},"properties":{"name":"Katmai","type":"Stratovolcano","last":1912,"country":"United States","elev":2047}},{"type":"Feature","geometry":{"type":"Point","coordinates":[-155.1588,58.2655]},"properties":{"name":"Novarupta","type":"Caldera","last":1912,"country":"United States","elev":841}},{"type":"Feature","geometry":{"type":"Point","coordinates":[-155.092,58.354]},"properties":{"name":"Griggs","type":"Stratovolcano","last":-1790,"country":"United States","elev":2317}},{"type":"Feature","geometry":{"type":"Point","coordinates":[-154.682,58.336]},"properties":{"name":"Snowy Mountain","type":"Stratovolcano(es)","last":1710,"country":"United States","elev":2162}},{"type":"Feature","geometry":{"type":"Point","coordinates":[-154.449,58.418]},"properties":{"name":"Denison","type":"Stratovolcano","last":null,"country":"United States","elev":2287}},{"type":"Feature","geometry":{"type":"Point","coordinates":[-154.3895,58.4298]},"properties":{"name":"Steller","type":"Stratovolcano","last":null,"country":"United States","elev":2279}},{"type":"Feature","geometry":{"type":"Point","coordinates":[-154.355,58.453]},"properties":{"name":"Kukak","type":"Stratovolcano","last":null,"country":"United States","elev":2043}},{"type":"Feature","geometry":{"type":"Point","coordinates":[-154.0245,58.6113]},"properties":{"name":"Kaguyak","type":"Lava dome(s)","last":-3850,"country":"United States","elev":901}},{"type":"Feature","geometry":{"type":"Point","coordinates":[-153.672,58.77]},"properties":{"name":"Fourpeaked","type":"Stratovolcano","last":2006,"country":"United States","elev":2105}},{"type":"Feature","geometry":{"type":"Point","coordinates":[-153.542,58.855]},"properties":{"name":"Douglas","type":"Stratovolcano","last":null,"country":"United States","elev":2140}},{"type":"Feature","geometry":{"type":"Point","coordinates":[-153.435,59.3626]},"properties":{"name":"Augustine","type":"Lava dome(s)","last":2006,"country":"United States","elev":1218}},{"type":"Feature","geometry":{"type":"Point","coordinates":[-153.09,60.032]},"properties":{"name":"Iliamna","type":"Stratovolcano","last":1876,"country":"United States","elev":3053}},{"type":"Feature","geometry":{"type":"Point","coordinates":[-152.742,60.485]},"properties":{"name":"Redoubt","type":"Stratovolcano","last":2009,"country":"United States","elev":3108}},{"type":"Feature","geometry":{"type":"Point","coordinates":[-152.251,61.299]},"properties":{"name":"Spurr","type":"Stratovolcano","last":1992,"country":"United States","elev":3374}},{"type":"Feature","geometry":{"type":"Point","coordinates":[-152.411,61.64]},"properties":{"name":"Hayes","type":"Stratovolcano","last":1200,"country":"United States","elev":3034}},{"type":"Feature","geometry":{"type":"Point","coordinates":[-170.213,57.167]},"properties":{"name":"St. Paul Island","type":"Shield","last":-1280,"country":"United States","elev":203}},{"type":"Feature","geometry":{"type":"Point","coordinates":[-164.47,61.43]},"properties":{"name":"Ingakslugwat Hills","type":"Volcanic field","last":null,"country":"United States","elev":190}},{"type":"Feature","geometry":{"type":"Point","coordinates":[-162.12,63.45]},"properties":{"name":"St. Michael","type":"Volcanic field","last":null,"country":"United States","elev":715}},{"type":"Feature","geometry":{"type":"Point","coordinates":[-163.45,65.517]},"properties":{"name":"Imuruk Lake","type":"Volcanic field","last":300,"country":"United States","elev":610}},{"type":"Feature","geometry":{"type":"Point","coordinates":[-148.4327,64.0616]},"properties":{"name":"Buzzard Creek","type":"Tuff ring(s)","last":-1050,"country":"United States","elev":830}},{"type":"Feature","geometry":{"type":"Point","coordinates":[-144.017,62.006]},"properties":{"name":"Wrangell","type":"Shield","last":1912,"country":"United States","elev":4278}},{"type":"Feature","geometry":{"type":"Point","coordinates":[-141.75,61.38]},"properties":{"name":"Churchill","type":"Stratovolcano","last":847,"country":"United States","elev":5005}},{"type":"Feature","geometry":{"type":"Point","coordinates":[-135.75,57.05]},"properties":{"name":"Edgecumbe","type":"Volcanic field","last":-2080,"country":"United States","elev":970}},{"type":"Feature","geometry":{"type":"Point","coordinates":[-133.1,56.5]},"properties":{"name":"Duncan Canal","type":"Volcanic field","last":null,"country":"United States","elev":15}},{"type":"Feature","geometry":{"type":"Point","coordinates":[-133.3,55.25]},"properties":{"name":"Tlevak Strait-Suemez Island","type":"Volcanic field","last":null,"country":"United States","elev":50}},{"type":"Feature","geometry":{"type":"Point","coordinates":[-131,55.35]},"properties":{"name":"Behm Canal-Rudyerd Bay","type":"Volcanic field","last":null,"country":"United States","elev":500}},{"type":"Feature","geometry":{"type":"Point","coordinates":[-137.38,62.93]},"properties":{"name":"Fort Selkirk","type":"Volcanic field","last":null,"country":"Canada","elev":1239}},{"type":"Feature","geometry":{"type":"Point","coordinates":[-135.42,60.42]},"properties":{"name":"Alligator Lake","type":"Volcanic field","last":null,"country":"Canada","elev":2217}},{"type":"Feature","geometry":{"type":"Point","coordinates":[-133.358,59.708]},"properties":{"name":"Atlin Volcanic Field","type":"Pyroclastic cone(s)","last":null,"country":"Canada","elev":1880}},{"type":"Feature","geometry":{"type":"Point","coordinates":[-130.58,59.37]},"properties":{"name":"Tuya Volcanic Field","type":"Volcanic field","last":null,"country":"Canada","elev":2123}},{"type":"Feature","geometry":{"type":"Point","coordinates":[-131.97,58.6]},"properties":{"name":"Heart Peaks","type":"Shield","last":null,"country":"Canada","elev":2012}},{"type":"Feature","geometry":{"type":"Point","coordinates":[-131.35,58.42]},"properties":{"name":"Level Mountain","type":"Shield","last":null,"country":"Canada","elev":2164}},{"type":"Feature","geometry":{"type":"Point","coordinates":[-130.63,57.72]},"properties":{"name":"Edziza","type":"Stratovolcano","last":950,"country":"Canada","elev":2786}},{"type":"Feature","geometry":{"type":"Point","coordinates":[-130.68,57.43]},"properties":{"name":"Spectrum Range","type":"Shield","last":null,"country":"Canada","elev":2430}},{"type":"Feature","geometry":{"type":"Point","coordinates":[-131.28,56.78]},"properties":{"name":"Hoodoo Mountain","type":"Pyroclastic cone(s)","last":-7050,"country":"Canada","elev":1850}},{"type":"Feature","geometry":{"type":"Point","coordinates":[-130.75,56.567]},"properties":{"name":"Iskut-Unuk River Cones","type":"Pyroclastic cone(s)","last":1800,"country":"Canada","elev":1880}},{"type":"Feature","geometry":{"type":"Point","coordinates":[-128.8991,55.1109]},"properties":{"name":"Tseax River Cone","type":"Pyroclastic cone","last":1690,"country":"Canada","elev":612}},{"type":"Feature","geometry":{"type":"Point","coordinates":[-130.23,54.7]},"properties":{"name":"Crow Lagoon","type":"Pyroclastic cone","last":null,"country":"Canada","elev":335}},{"type":"Feature","geometry":{"type":"Point","coordinates":[-128.723,52.498]},"properties":{"name":"Milbanke Sound Group","type":"Pyroclastic cone(s)","last":null,"country":"Canada","elev":233}},{"type":"Feature","geometry":{"type":"Point","coordinates":[-123.732,52.928]},"properties":{"name":"Nazko","type":"Pyroclastic cone(s)","last":-5220,"country":"Canada","elev":1238}},{"type":"Feature","geometry":{"type":"Point","coordinates":[-120.1125,52.0306]},"properties":{"name":"Wells Gray-Clearwater","type":"Volcanic field","last":1550,"country":"Canada","elev":950}},{"type":"Feature","geometry":{"type":"Point","coordinates":[-126.1133,51.5179]},"properties":{"name":"Silverthrone","type":"Caldera","last":null,"country":"Canada","elev":2860}},{"type":"Feature","geometry":{"type":"Point","coordinates":[-123.4,50.8]},"properties":{"name":"Bridge River Cones","type":"Volcanic field","last":null,"country":"Canada","elev":2500}},{"type":"Feature","geometry":{"type":"Point","coordinates":[-123.5,50.63]},"properties":{"name":"Meager","type":"Complex","last":-410,"country":"Canada","elev":2680}},{"type":"Feature","geometry":{"type":"Point","coordinates":[-123,49.933]},"properties":{"name":"Garibaldi Lake","type":"Volcanic field","last":null,"country":"Canada","elev":2316}},{"type":"Feature","geometry":{"type":"Point","coordinates":[-123,49.85]},"properties":{"name":"Garibaldi","type":"Stratovolcano","last":-8060,"country":"Canada","elev":2678}},{"type":"Feature","geometry":{"type":"Point","coordinates":[-123.28,50.12]},"properties":{"name":"Cayley Volcanic Field","type":"Volcanic field","last":null,"country":"Canada","elev":2375}},{"type":"Feature","geometry":{"type":"Point","coordinates":[-121.813,48.777]},"properties":{"name":"Baker","type":"Stratovolcano(es)","last":1880,"country":"United States","elev":3285}},{"type":"Feature","geometry":{"type":"Point","coordinates":[-121.113,48.112]},"properties":{"name":"Glacier Peak","type":"Stratovolcano","last":1700,"country":"United States","elev":3213}},{"type":"Feature","geometry":{"type":"Point","coordinates":[-121.76,46.853]},"properties":{"name":"Rainier","type":"Stratovolcano","last":1450,"country":"United States","elev":4392}},{"type":"Feature","geometry":{"type":"Point","coordinates":[-121.49,46.206]},"properties":{"name":"Adams","type":"Stratovolcano","last":950,"country":"United States","elev":3742}},{"type":"Feature","geometry":{"type":"Point","coordinates":[-122.18,46.2]},"properties":{"name":"St. Helens","type":"Stratovolcano","last":2008,"country":"United States","elev":2549}},{"type":"Feature","geometry":{"type":"Point","coordinates":[-122.08,45.88]},"properties":{"name":"West Crater","type":"Volcanic field","last":-5750,"country":"United States","elev":1329}},{"type":"Feature","geometry":{"type":"Point","coordinates":[-121.82,45.93]},"properties":{"name":"Indian Heaven","type":"Volcanic field","last":-6250,"country":"United States","elev":1806}},{"type":"Feature","geometry":{"type":"Point","coordinates":[-121.695,45.374]},"properties":{"name":"Hood","type":"Stratovolcano","last":1866,"country":"United States","elev":3426}},{"type":"Feature","geometry":{"type":"Point","coordinates":[-121.8,44.674]},"properties":{"name":"Jefferson","type":"Stratovolcano","last":950,"country":"United States","elev":3199}},{"type":"Feature","geometry":{"type":"Point","coordinates":[-121.7686,44.4125]},"properties":{"name":"Blue Lake Crater","type":"Maar","last":680,"country":"United States","elev":1136}},{"type":"Feature","geometry":{"type":"Point","coordinates":[-121.93,44.38]},"properties":{"name":"Sand Mountain Field","type":"Volcanic field","last":-950,"country":"United States","elev":1664}},{"type":"Feature","geometry":{"type":"Point","coordinates":[-121.8423,44.285]},"properties":{"name":"Belknap","type":"Shield(s)","last":475,"country":"United States","elev":2094}},{"type":"Feature","geometry":{"type":"Point","coordinates":[-121.767,44.133]},"properties":{"name":"Three Sisters","type":"Complex","last":439,"country":"United States","elev":3159}},{"type":"Feature","geometry":{"type":"Point","coordinates":[-121.688,43.979]},"properties":{"name":"Bachelor","type":"Stratovolcano","last":-5800,"country":"United States","elev":2763}},{"type":"Feature","geometry":{"type":"Point","coordinates":[-121.82,43.57]},"properties":{"name":"Davis Lake","type":"Volcanic field","last":-2790,"country":"United States","elev":2163}},{"type":"Feature","geometry":{"type":"Point","coordinates":[-121.229,43.722]},"properties":{"name":"Newberry","type":"Shield","last":690,"country":"United States","elev":2434}},{"type":"Feature","geometry":{"type":"Point","coordinates":[-120.861,43.512]},"properties":{"name":"Devils Garden","type":"Volcanic field","last":null,"country":"United States","elev":1698}},{"type":"Feature","geometry":{"type":"Point","coordinates":[-122.1111,43.2411]},"properties":{"name":"Cinnamon Butte","type":"Pyroclastic cone(s)","last":null,"country":"United States","elev":1958}},{"type":"Feature","geometry":{"type":"Point","coordinates":[-122.107,42.942]},"properties":{"name":"Crater Lake","type":"Caldera","last":-2850,"country":"United States","elev":2487}},{"type":"Feature","geometry":{"type":"Point","coordinates":[-118.75,43.1]},"properties":{"name":"Diamond Craters","type":"Volcanic field","last":-5610,"country":"United States","elev":1435}},{"type":"Feature","geometry":{"type":"Point","coordinates":[-117.46,43.147]},"properties":{"name":"Jordan Craters","type":"Volcanic field","last":-1250,"country":"United States","elev":1473}},{"type":"Feature","geometry":{"type":"Point","coordinates":[-122.193,41.409]},"properties":{"name":"Shasta","type":"Stratovolcano","last":1250,"country":"United States","elev":4317}},{"type":"Feature","geometry":{"type":"Point","coordinates":[-121.554,41.611]},"properties":{"name":"Medicine Lake","type":"Shield","last":1060,"country":"United States","elev":2412}},{"type":"Feature","geometry":{"type":"Point","coordinates":[-121.508,40.492]},"properties":{"name":"Lassen Volcanic Center","type":"Stratovolcano","last":1917,"country":"United States","elev":3187}},{"type":"Feature","geometry":{"type":"Point","coordinates":[-122.77,38.97]},"properties":{"name":"Clear Lake Volcanic Field","type":"Volcanic field","last":null,"country":"United States","elev":1439}},{"type":"Feature","geometry":{"type":"Point","coordinates":[-119.03,38]},"properties":{"name":"Mono Lake Volcanic Field","type":"Volcanic field","last":1790,"country":"United States","elev":2121}},{"type":"Feature","geometry":{"type":"Point","coordinates":[-119.029,37.804]},"properties":{"name":"Mono-Inyo Craters","type":"Lava dome(s)","last":1380,"country":"United States","elev":2796}},{"type":"Feature","geometry":{"type":"Point","coordinates":[-119.032,37.631]},"properties":{"name":"Mammoth Mountain","type":"Lava dome(s)","last":1260,"country":"United States","elev":3369}},{"type":"Feature","geometry":{"type":"Point","coordinates":[-117.45,37.02]},"properties":{"name":"Ubehebe Craters","type":"Maar(s)","last":-150,"country":"United States","elev":752}},{"type":"Feature","geometry":{"type":"Point","coordinates":[-115.616,33.197]},"properties":{"name":"Salton Buttes","type":"Lava dome(s)","last":210,"country":"United States","elev":-40}},{"type":"Feature","geometry":{"type":"Point","coordinates":[-114.3542,43.185]},"properties":{"name":"Black Butte Crater Lava Field","type":"Shield","last":-8180,"country":"United States","elev":1478}},{"type":"Feature","geometry":{"type":"Point","coordinates":[-113.493,43.371]},"properties":{"name":"Craters of the Moon","type":"Volcanic field","last":-130,"country":"United States","elev":2005}},{"type":"Feature","geometry":{"type":"Point","coordinates":[-113.2166,42.8859]},"properties":{"name":"Wapi Lava Field","type":"Shield","last":-300,"country":"United States","elev":1597}},{"type":"Feature","geometry":{"type":"Point","coordinates":[-112.4503,43.492]},"properties":{"name":"Hell's Half Acre","type":"Shield","last":-3250,"country":"United States","elev":1632}},{"type":"Feature","geometry":{"type":"Point","coordinates":[-118.8778,39.525]},"properties":{"name":"Soda Lakes","type":"Maar(s)","last":null,"country":"United States","elev":1251}},{"type":"Feature","geometry":{"type":"Point","coordinates":[-112.67,37.58]},"properties":{"name":"Markagunt Plateau","type":"Volcanic field","last":1050,"country":"United States","elev":2840}},{"type":"Feature","geometry":{"type":"Point","coordinates":[-112.5,38.97]},"properties":{"name":"Black Rock Desert","type":"Volcanic field","last":1290,"country":"United States","elev":1800}},{"type":"Feature","geometry":{"type":"Point","coordinates":[-107.0355,39.6613]},"properties":{"name":"Dotsero","type":"Maar","last":-2200,"country":"United States","elev":2230}},{"type":"Feature","geometry":{"type":"Point","coordinates":[-113.13,36.38]},"properties":{"name":"Uinkaret Field","type":"Volcanic field","last":1100,"country":"United States","elev":1555}},{"type":"Feature","geometry":{"type":"Point","coordinates":[-111.678,35.347]},"properties":{"name":"San Francisco Volcanic Field","type":"Volcanic field","last":1075,"country":"United States","elev":3850}},{"type":"Feature","geometry":{"type":"Point","coordinates":[-105.93,33.78]},"properties":{"name":"Carrizozo","type":"Pyroclastic cone(s)","last":-3250,"country":"United States","elev":1731}},{"type":"Feature","geometry":{"type":"Point","coordinates":[-108,34.8]},"properties":{"name":"Zuni-Bandera","type":"Volcanic field","last":-1170,"country":"United States","elev":2550}},{"type":"Feature","geometry":{"type":"Point","coordinates":[-108.83,34.25]},"properties":{"name":"Red Hill-Quemado","type":"Volcanic field","last":-9450,"country":"United States","elev":2300}},{"type":"Feature","geometry":{"type":"Point","coordinates":[-129.1,47.95]},"properties":{"name":"Endeavour Segment","type":"Fissure vent(s)","last":-3490,"country":"Canada","elev":-2050}},{"type":"Feature","geometry":{"type":"Point","coordinates":[-129.33,46.88]},"properties":{"name":"Cobb Segment","type":"Fissure vent(s)","last":-1180,"country":"Canada","elev":-2100}},{"type":"Feature","geometry":{"type":"Point","coordinates":[-129.58,46.52]},"properties":{"name":"CoAxial Segment","type":"Fissure vent(s)","last":1993,"country":"Undersea Features","elev":-2400}},{"type":"Feature","geometry":{"type":"Point","coordinates":[-130,45.95]},"properties":{"name":"Axial Seamount","type":"Fissure vent(s)","last":2015,"country":"Undersea Features","elev":-1410}},{"type":"Feature","geometry":{"type":"Point","coordinates":[-130.3,44.83]},"properties":{"name":"Cleft Segment","type":"Fissure vent(s)","last":1986,"country":"Undersea Features","elev":-2140}},{"type":"Feature","geometry":{"type":"Point","coordinates":[-126.78,42.67]},"properties":{"name":"North Gorda Ridge Segment","type":"Fissure vent(s)","last":1996,"country":"United States","elev":-3000}},{"type":"Feature","geometry":{"type":"Point","coordinates":[-127.5,40.98]},"properties":{"name":"Escanaba Segment","type":"Fissure vent(s)","last":-2260,"country":"United States","elev":-1700}},{"type":"Feature","geometry":{"type":"Point","coordinates":[-155.27,18.92]},"properties":{"name":"Kama'ehuakanaloa","type":"Shield","last":1996,"country":"United States","elev":-975}},{"type":"Feature","geometry":{"type":"Point","coordinates":[-155.287,19.421]},"properties":{"name":"Kilauea","type":"Shield","last":2026,"country":"United States","elev":1222}},{"type":"Feature","geometry":{"type":"Point","coordinates":[-155.608,19.475]},"properties":{"name":"Mauna Loa","type":"Shield","last":2022,"country":"United States","elev":4170}},{"type":"Feature","geometry":{"type":"Point","coordinates":[-155.47,19.82]},"properties":{"name":"Mauna Kea","type":"Shield","last":-2460,"country":"United States","elev":4205}},{"type":"Feature","geometry":{"type":"Point","coordinates":[-155.87,19.692]},"properties":{"name":"Hualalai","type":"Shield","last":1801,"country":"United States","elev":2523}},{"type":"Feature","geometry":{"type":"Point","coordinates":[-156.2537,20.7099]},"properties":{"name":"Haleakala","type":"Shield","last":1750,"country":"United States","elev":3053}},{"type":"Feature","geometry":{"type":"Point","coordinates":[-148.821,-17.564]},"properties":{"name":"Teahitia","type":"Compound","last":1985,"country":"France","elev":-1743}},{"type":"Feature","geometry":{"type":"Point","coordinates":[-148.586,-17.662]},"properties":{"name":"Rocard","type":"Cone","last":1972,"country":"France","elev":-2515}},{"type":"Feature","geometry":{"type":"Point","coordinates":[-148.525,-18.325]},"properties":{"name":"Moua Pihaa","type":"Stratovolcano","last":1970,"country":"France","elev":-312}},{"type":"Feature","geometry":{"type":"Point","coordinates":[-148.068,-17.874]},"properties":{"name":"Mehetia","type":"Stratovolcano","last":null,"country":"France","elev":389}},{"type":"Feature","geometry":{"type":"Point","coordinates":[-129.27,-25.37]},"properties":{"name":"Adams Seamount","type":"Lava dome","last":-50,"country":"United Kingdom","elev":-39}},{"type":"Feature","geometry":{"type":"Point","coordinates":[-140.25,-28.98]},"properties":{"name":"Macdonald","type":"Shield","last":1989,"country":"France","elev":-39}},{"type":"Feature","geometry":{"type":"Point","coordinates":[-105.32,16.55]},"properties":{"name":"Northern EPR at 17°N","type":"Fissure vent(s)","last":-50,"country":"Mexico","elev":-2700}},{"type":"Feature","geometry":{"type":"Point","coordinates":[-105.43,15.83]},"properties":{"name":"Northern EPR at 16°N","type":"Fissure vent(s)","last":-50,"country":"Mexico","elev":-2300}},{"type":"Feature","geometry":{"type":"Point","coordinates":[-103.58,10.73]},"properties":{"name":"Northern EPR at 10.7°N","type":"Fissure vent(s)","last":2003,"country":"Undersea Features","elev":-2900}},{"type":"Feature","geometry":{"type":"Point","coordinates":[-104.3,9.83]},"properties":{"name":"Northern EPR at 9.8°N","type":"Fissure vent(s)","last":2025,"country":"Undersea Features","elev":-2500}},{"type":"Feature","geometry":{"type":"Point","coordinates":[-86.15,0.792]},"properties":{"name":"Galapagos Rift at 86°W","type":"Fissure vent(s)","last":1996,"country":"Ecuador","elev":-2430}},{"type":"Feature","geometry":{"type":"Point","coordinates":[-107.95,-8.27]},"properties":{"name":"Southern EPR at 8°S","type":"Fissure vent(s)","last":1969,"country":"Undersea Features","elev":-2800}},{"type":"Feature","geometry":{"type":"Point","coordinates":[-113.206,-17.436]},"properties":{"name":"Southern EPR at 17.5°S (Segment K)","type":"Fissure vent(s)","last":1990,"country":"Undersea Features","elev":-2566}},{"type":"Feature","geometry":{"type":"Point","coordinates":[-113.35,-18.175]},"properties":{"name":"Southern EPR at 18.2°S (Segment J)","type":"Fissure vent(s)","last":1890,"country":"Undersea Features","elev":-2650}},{"type":"Feature","geometry":{"type":"Point","coordinates":[-113.42,-18.53]},"properties":{"name":"Southern EPR at 18.5°S (Segment I)","type":"Fissure vent(s)","last":1915,"country":"Undersea Features","elev":-2600}},{"type":"Feature","geometry":{"type":"Point","coordinates":[-139.845,-53.998]},"properties":{"name":"Hollister Ridge","type":"Fissure vent","last":null,"country":"Undersea Features","elev":-1000}},{"type":"Feature","geometry":{"type":"Point","coordinates":[-143.373,-56.153]},"properties":{"name":"Udintsev Transform","type":"Fissure vent","last":null,"country":"Undersea Features","elev":-5700}},{"type":"Feature","geometry":{"type":"Point","coordinates":[-113.5,31.85]},"properties":{"name":"Pinacate","type":"Volcanic field","last":null,"country":"Mexico","elev":1183}},{"type":"Feature","geometry":{"type":"Point","coordinates":[-114.4082,29.9728]},"properties":{"name":"San Luis, Isla","type":"Tuff cone","last":-1141,"country":"Mexico","elev":183}},{"type":"Feature","geometry":{"type":"Point","coordinates":[-114.5,29.33]},"properties":{"name":"Jaraguay Volcanic Field","type":"Volcanic field","last":null,"country":"Mexico","elev":960}},{"type":"Feature","geometry":{"type":"Point","coordinates":[-113.75,28.5]},"properties":{"name":"San Borja Volcanic Field","type":"Volcanic field","last":null,"country":"Mexico","elev":1360}},{"type":"Feature","geometry":{"type":"Point","coordinates":[-111.881,27.438]},"properties":{"name":"Tortuga, Isla","type":"Shield","last":null,"country":"Mexico","elev":224}},{"type":"Feature","geometry":{"type":"Point","coordinates":[-111.92,26]},"properties":{"name":"Comondu-La Purisima","type":"Volcanic field","last":null,"country":"Mexico","elev":780}},{"type":"Feature","geometry":{"type":"Point","coordinates":[-110.95,18.78]},"properties":{"name":"Socorro","type":"Shield","last":1994,"country":"Mexico","elev":1050}},{"type":"Feature","geometry":{"type":"Point","coordinates":[-104.45,24.15]},"properties":{"name":"Durango Volcanic Field","type":"Volcanic field","last":null,"country":"Mexico","elev":2075}},{"type":"Feature","geometry":{"type":"Point","coordinates":[-104.73,21.45]},"properties":{"name":"Sanganguey","type":"Stratovolcano","last":null,"country":"Mexico","elev":2340}},{"type":"Feature","geometry":{"type":"Point","coordinates":[-110.82,19.3]},"properties":{"name":"Barcena","type":"Pyroclastic cone(s)","last":1953,"country":"Mexico","elev":332}},{"type":"Feature","geometry":{"type":"Point","coordinates":[-104.817,20.567]},"properties":{"name":"Mascota Volcanic Field","type":"Volcanic field","last":null,"country":"Mexico","elev":2525}},{"type":"Feature","geometry":{"type":"Point","coordinates":[-104.508,21.125]},"properties":{"name":"Ceboruco","type":"Stratovolcano","last":1875,"country":"Mexico","elev":2280}},{"type":"Feature","geometry":{"type":"Point","coordinates":[-103.62,19.514]},"properties":{"name":"Colima","type":"Stratovolcano(es)","last":2019,"country":"Mexico","elev":3850}},{"type":"Feature","geometry":{"type":"Point","coordinates":[-100.25,19.4]},"properties":{"name":"Zitacuaro-Valle de Bravo","type":"Volcanic field","last":-3050,"country":"Mexico","elev":3500}},{"type":"Feature","geometry":{"type":"Point","coordinates":[-99.7579,19.7383]},"properties":{"name":"Jocotitlan","type":"Stratovolcano","last":1270,"country":"Mexico","elev":3911}},{"type":"Feature","geometry":{"type":"Point","coordinates":[-101.75,19.85]},"properties":{"name":"Michoacan-Guanajuato","type":"Volcanic field","last":1952,"country":"Mexico","elev":3860}},{"type":"Feature","geometry":{"type":"Point","coordinates":[-99.758,19.108]},"properties":{"name":"Toluca, Nevado de","type":"Stratovolcano","last":-1350,"country":"Mexico","elev":4680}},{"type":"Feature","geometry":{"type":"Point","coordinates":[-98.642,19.179]},"properties":{"name":"Iztaccihuatl","type":"Stratovolcano","last":null,"country":"Mexico","elev":5230}},{"type":"Feature","geometry":{"type":"Point","coordinates":[-99.16,19.139]},"properties":{"name":"Chichinautzin","type":"Volcanic field","last":399,"country":"Mexico","elev":3938}},{"type":"Feature","geometry":{"type":"Point","coordinates":[-98.032,19.231]},"properties":{"name":"Malinche, La","type":"Stratovolcano","last":-1170,"country":"Mexico","elev":4461}},{"type":"Feature","geometry":{"type":"Point","coordinates":[-97.47,19.27]},"properties":{"name":"Serdan-Oriental Volcanic Field","type":"Volcanic field","last":-3920,"country":"Mexico","elev":3485}},{"type":"Feature","geometry":{"type":"Point","coordinates":[-97.45,19.68]},"properties":{"name":"Humeros, Los","type":"Caldera(s)","last":-4470,"country":"Mexico","elev":3150}},{"type":"Feature","geometry":{"type":"Point","coordinates":[-96.91,19.635]},"properties":{"name":"Naolinco Volcanic Field","type":"Volcanic field","last":1145,"country":"Mexico","elev":2000}},{"type":"Feature","geometry":{"type":"Point","coordinates":[-98.622,19.023]},"properties":{"name":"Popocatepetl","type":"Stratovolcano(es)","last":2026,"country":"Mexico","elev":5393}},{"type":"Feature","geometry":{"type":"Point","coordinates":[-97.27,19.03]},"properties":{"name":"Orizaba, Pico de","type":"Stratovolcano","last":1846,"country":"Mexico","elev":5564}},{"type":"Feature","geometry":{"type":"Point","coordinates":[-95.1989,18.5615]},"properties":{"name":"San Martin","type":"Volcanic field","last":1796,"country":"Mexico","elev":1660}},{"type":"Feature","geometry":{"type":"Point","coordinates":[-93.2297,17.3602]},"properties":{"name":"Chichon, El","type":"Lava dome(s)","last":1982,"country":"Mexico","elev":1150}},{"type":"Feature","geometry":{"type":"Point","coordinates":[-92.109,15.132]},"properties":{"name":"Tacana","type":"Stratovolcano","last":1986,"country":"Mexico-Guatemala","elev":4064}},{"type":"Feature","geometry":{"type":"Point","coordinates":[-91.903,15.043]},"properties":{"name":"Tajumulco","type":"Stratovolcano","last":null,"country":"Guatemala","elev":4203}},{"type":"Feature","geometry":{"type":"Point","coordinates":[-91.552,14.757]},"properties":{"name":"Santa Maria","type":"Stratovolcano","last":2026,"country":"Guatemala","elev":3745}},{"type":"Feature","geometry":{"type":"Point","coordinates":[-91.519,14.797]},"properties":{"name":"Almolonga","type":"Stratovolcano","last":1818,"country":"Guatemala","elev":3173}},{"type":"Feature","geometry":{"type":"Point","coordinates":[-91.186,14.583]},"properties":{"name":"Atitlan","type":"Stratovolcano(es)","last":1853,"country":"Guatemala","elev":3535}},{"type":"Feature","geometry":{"type":"Point","coordinates":[-91.189,14.612]},"properties":{"name":"Toliman","type":"Stratovolcano(es)","last":null,"country":"Guatemala","elev":3158}},{"type":"Feature","geometry":{"type":"Point","coordinates":[-90.876,14.501]},"properties":{"name":"Acatenango","type":"Stratovolcano(es)","last":1972,"country":"Guatemala","elev":3976}},{"type":"Feature","geometry":{"type":"Point","coordinates":[-90.8806,14.4748]},"properties":{"name":"Fuego","type":"Stratovolcano(es)","last":2026,"country":"Guatemala","elev":3799}},{"type":"Feature","geometry":{"type":"Point","coordinates":[-90.743,14.465]},"properties":{"name":"Agua","type":"Stratovolcano","last":null,"country":"Guatemala","elev":3760}},{"type":"Feature","geometry":{"type":"Point","coordinates":[-90.4,14.33]},"properties":{"name":"Cuilapa-Barbarena","type":"Volcanic field","last":null,"country":"Guatemala","elev":1454}},{"type":"Feature","geometry":{"type":"Point","coordinates":[-90.601,14.382]},"properties":{"name":"Pacaya","type":"Complex","last":2021,"country":"Guatemala","elev":2569}},{"type":"Feature","geometry":{"type":"Point","coordinates":[-90.271,14.34]},"properties":{"name":"Jumaytepeque","type":"Stratovolcano","last":null,"country":"Guatemala","elev":1802}},{"type":"Feature","geometry":{"type":"Point","coordinates":[-90.407,14.156]},"properties":{"name":"Tecuamburro","type":"Stratovolcano","last":-960,"country":"Guatemala","elev":1845}},{"type":"Feature","geometry":{"type":"Point","coordinates":[-90.1,14.03]},"properties":{"name":"Moyuta","type":"Stratovolcano","last":null,"country":"Guatemala","elev":1662}},{"type":"Feature","geometry":{"type":"Point","coordinates":[-89.992,14.308]},"properties":{"name":"Flores","type":"Volcanic field","last":null,"country":"Guatemala","elev":1600}},{"type":"Feature","geometry":{"type":"Point","coordinates":[-89.9,14.43]},"properties":{"name":"Tahual","type":"Stratovolcano","last":null,"country":"Guatemala","elev":1716}},{"type":"Feature","geometry":{"type":"Point","coordinates":[-89.87,14.33]},"properties":{"name":"Santiago, Cerro","type":"Volcanic field","last":null,"country":"Guatemala","elev":1192}},{"type":"Feature","geometry":{"type":"Point","coordinates":[-89.78,14.4]},"properties":{"name":"Suchitan","type":"Stratovolcano(es)","last":null,"country":"Guatemala","elev":2042}},{"type":"Feature","geometry":{"type":"Point","coordinates":[-89.73,14.12]},"properties":{"name":"Chingo","type":"Stratovolcano","last":null,"country":"Guatemala-El Salvador","elev":1775}},{"type":"Feature","geometry":{"type":"Point","coordinates":[-89.68,14.42]},"properties":{"name":"Ixtepeque","type":"Lava dome(s)","last":null,"country":"Guatemala","elev":1292}},{"type":"Feature","geometry":{"type":"Point","coordinates":[-89.631,14.054]},"properties":{"name":"Singuil, Cerro","type":"Volcanic field","last":null,"country":"El Salvador","elev":926}},{"type":"Feature","geometry":{"type":"Point","coordinates":[-89.742,13.872]},"properties":{"name":"Apaneca Range","type":"Stratovolcano(es)","last":null,"country":"El Salvador","elev":2028}},{"type":"Feature","geometry":{"type":"Point","coordinates":[-89.63,13.853]},"properties":{"name":"Santa Ana","type":"Stratovolcano","last":2005,"country":"El Salvador","elev":2381}},{"type":"Feature","geometry":{"type":"Point","coordinates":[-89.633,13.813]},"properties":{"name":"Izalco","type":"Stratovolcano","last":1966,"country":"El Salvador","elev":1950}},{"type":"Feature","geometry":{"type":"Point","coordinates":[-89.55,13.87]},"properties":{"name":"Coatepeque Caldera","type":"Caldera","last":null,"country":"El Salvador","elev":746}},{"type":"Feature","geometry":{"type":"Point","coordinates":[-89.25,14.02]},"properties":{"name":"Cinotepeque, Cerro","type":"Volcanic field","last":null,"country":"El Salvador","elev":665}},{"type":"Feature","geometry":{"type":"Point","coordinates":[-89.294,13.734]},"properties":{"name":"San Salvador","type":"Stratovolcano","last":1917,"country":"El Salvador","elev":1893}},{"type":"Feature","geometry":{"type":"Point","coordinates":[-89.053,13.672]},"properties":{"name":"Ilopango","type":"Caldera","last":1880,"country":"El Salvador","elev":450}},{"type":"Feature","geometry":{"type":"Point","coordinates":[-88.532,13.435]},"properties":{"name":"Taburete","type":"Stratovolcano","last":null,"country":"El Salvador","elev":1172}},{"type":"Feature","geometry":{"type":"Point","coordinates":[-88.8375,13.5969]},"properties":{"name":"San Vicente","type":"Stratovolcano","last":null,"country":"El Salvador","elev":2149}},{"type":"Feature","geometry":{"type":"Point","coordinates":[-88.471,13.419]},"properties":{"name":"Usulutan","type":"Stratovolcano","last":null,"country":"El Salvador","elev":1449}},{"type":"Feature","geometry":{"type":"Point","coordinates":[-88.43,13.47]},"properties":{"name":"Tigre, El","type":"Stratovolcano","last":null,"country":"El Salvador","elev":1640}},{"type":"Feature","geometry":{"type":"Point","coordinates":[-88.502,13.494]},"properties":{"name":"Tecapa","type":"Stratovolcano","last":null,"country":"El Salvador","elev":1593}},{"type":"Feature","geometry":{"type":"Point","coordinates":[-88.33,13.478]},"properties":{"name":"Chinameca","type":"Stratovolcano","last":null,"country":"El Salvador","elev":1300}},{"type":"Feature","geometry":{"type":"Point","coordinates":[-88.105,13.428]},"properties":{"name":"Aramuaca, Laguna","type":"Maar","last":null,"country":"El Salvador","elev":181}},{"type":"Feature","geometry":{"type":"Point","coordinates":[-88.269,13.434]},"properties":{"name":"San Miguel","type":"Stratovolcano","last":2023,"country":"El Salvador","elev":2130}},{"type":"Feature","geometry":{"type":"Point","coordinates":[-87.639,13.274]},"properties":{"name":"Tigre, Isla del","type":"Stratovolcano","last":null,"country":"Honduras","elev":774}},{"type":"Feature","geometry":{"type":"Point","coordinates":[-87.63,13.33]},"properties":{"name":"Zacate Grande, Isla","type":"Stratovolcano","last":null,"country":"Honduras","elev":640}},{"type":"Feature","geometry":{"type":"Point","coordinates":[-87.983,14.964]},"properties":{"name":"Yojoa, Lago","type":"Volcanic field","last":-7638,"country":"Honduras","elev":1060}},{"type":"Feature","geometry":{"type":"Point","coordinates":[-87.57,12.98]},"properties":{"name":"Cosiguina","type":"Stratovolcano","last":1859,"country":"Nicaragua","elev":872}},{"type":"Feature","geometry":{"type":"Point","coordinates":[-87.004,12.702]},"properties":{"name":"San Cristobal","type":"Stratovolcano","last":2024,"country":"Nicaragua","elev":1745}},{"type":"Feature","geometry":{"type":"Point","coordinates":[-86.84,12.606]},"properties":{"name":"Telica","type":"Stratovolcano(es)","last":2025,"country":"Nicaragua","elev":1036}},{"type":"Feature","geometry":{"type":"Point","coordinates":[-86.702,12.506]},"properties":{"name":"Negro, Cerro","type":"Pyroclastic cone(s)","last":1999,"country":"Nicaragua","elev":728}},{"type":"Feature","geometry":{"type":"Point","coordinates":[-86.6786,12.4922]},"properties":{"name":"Las Pilas-El Hoyo Complex","type":"Complex","last":1954,"country":"Nicaragua","elev":1088}},{"type":"Feature","geometry":{"type":"Point","coordinates":[-86.342,12.242]},"properties":{"name":"Apoyeque","type":"Caldera","last":-50,"country":"Nicaragua","elev":518}},{"type":"Feature","geometry":{"type":"Point","coordinates":[-86.32,12.12]},"properties":{"name":"Nejapa-Miraflores","type":"Fissure vent(s)","last":1060,"country":"Nicaragua","elev":360}},{"type":"Feature","geometry":{"type":"Point","coordinates":[-86.539,12.423]},"properties":{"name":"Momotombo","type":"Stratovolcano","last":2016,"country":"Nicaragua","elev":1270}},{"type":"Feature","geometry":{"type":"Point","coordinates":[-85.979,11.9]},"properties":{"name":"Granada","type":"Fissure vent(s)","last":null,"country":"Nicaragua","elev":250}},{"type":"Feature","geometry":{"type":"Point","coordinates":[-86.1688,11.9844]},"properties":{"name":"Masaya","type":"Caldera","last":2026,"country":"Nicaragua","elev":594}},{"type":"Feature","geometry":{"type":"Point","coordinates":[-85.82,11.73]},"properties":{"name":"Zapatera","type":"Shield","last":null,"country":"Nicaragua","elev":629}},{"type":"Feature","geometry":{"type":"Point","coordinates":[-85.968,11.826]},"properties":{"name":"Mombacho","type":"Stratovolcano","last":null,"country":"Nicaragua","elev":1344}},{"type":"Feature","geometry":{"type":"Point","coordinates":[-85.622,11.538]},"properties":{"name":"Concepcion","type":"Stratovolcano","last":2024,"country":"Nicaragua","elev":1700}},{"type":"Feature","geometry":{"type":"Point","coordinates":[-85.473,10.98]},"properties":{"name":"Orosi","type":"Stratovolcano(es)","last":null,"country":"Costa Rica","elev":1659}},{"type":"Feature","geometry":{"type":"Point","coordinates":[-85.3364,10.8314]},"properties":{"name":"Rincon de la Vieja","type":"Complex","last":2024,"country":"Costa Rica","elev":1729}},{"type":"Feature","geometry":{"type":"Point","coordinates":[-85.015,10.673]},"properties":{"name":"Tenorio","type":"Stratovolcano(es)","last":null,"country":"Costa Rica","elev":1916}},{"type":"Feature","geometry":{"type":"Point","coordinates":[-84.703,10.463]},"properties":{"name":"Arenal","type":"Stratovolcano","last":2010,"country":"Costa Rica","elev":1670}},{"type":"Feature","geometry":{"type":"Point","coordinates":[-84.366,10.3]},"properties":{"name":"Platanar","type":"Stratovolcano(es)","last":null,"country":"Costa Rica","elev":2267}},{"type":"Feature","geometry":{"type":"Point","coordinates":[-85.153,10.748]},"properties":{"name":"Miravalles","type":"Stratovolcano","last":1946,"country":"Costa Rica","elev":2028}},{"type":"Feature","geometry":{"type":"Point","coordinates":[-84.233,10.2]},"properties":{"name":"Poas","type":"Stratovolcano","last":2026,"country":"Costa Rica","elev":2697}},{"type":"Feature","geometry":{"type":"Point","coordinates":[-84.1,10.135]},"properties":{"name":"Barva","type":"Complex","last":-6050,"country":"Costa Rica","elev":2906}},{"type":"Feature","geometry":{"type":"Point","coordinates":[-83.852,9.979]},"properties":{"name":"Irazu","type":"Stratovolcano","last":1977,"country":"Costa Rica","elev":3436}},{"type":"Feature","geometry":{"type":"Point","coordinates":[-83.767,10.025]},"properties":{"name":"Turrialba","type":"Stratovolcano","last":2022,"country":"Costa Rica","elev":3340}},{"type":"Feature","geometry":{"type":"Point","coordinates":[-82.543,8.808]},"properties":{"name":"Baru","type":"Stratovolcano","last":1550,"country":"Panama","elev":3474}},{"type":"Feature","geometry":{"type":"Point","coordinates":[-75.363,5.203]},"properties":{"name":"Romeral","type":"Stratovolcano","last":-5390,"country":"Colombia","elev":3769}},{"type":"Feature","geometry":{"type":"Point","coordinates":[-75.293,5.091]},"properties":{"name":"Bravo, Cerro","type":"Stratovolcano","last":1720,"country":"Colombia","elev":3985}},{"type":"Feature","geometry":{"type":"Point","coordinates":[-75.365,4.818]},"properties":{"name":"Santa Isabel","type":"Shield","last":-850,"country":"Colombia","elev":4944}},{"type":"Feature","geometry":{"type":"Point","coordinates":[-75.324,4.892]},"properties":{"name":"Ruiz, Nevado del","type":"Stratovolcano","last":2026,"country":"Colombia","elev":5279}},{"type":"Feature","geometry":{"type":"Point","coordinates":[-75.33,4.658]},"properties":{"name":"Tolima, Nevado del","type":"Stratovolcano","last":1943,"country":"Colombia","elev":5215}},{"type":"Feature","geometry":{"type":"Point","coordinates":[-75.389,4.487]},"properties":{"name":"Machin","type":"Stratovolcano","last":1180,"country":"Colombia","elev":2749}},{"type":"Feature","geometry":{"type":"Point","coordinates":[-76.03,2.93]},"properties":{"name":"Huila, Nevado del","type":"Stratovolcano","last":2012,"country":"Colombia","elev":5364}},{"type":"Feature","geometry":{"type":"Point","coordinates":[-76.592,2.108]},"properties":{"name":"Sotara","type":"Stratovolcano","last":null,"country":"Colombia","elev":4400}},{"type":"Feature","geometry":{"type":"Point","coordinates":[-76.3948,2.3095]},"properties":{"name":"Purace","type":"Stratovolcano(es)","last":2026,"country":"Colombia","elev":4650}},{"type":"Feature","geometry":{"type":"Point","coordinates":[-76.936,1.5]},"properties":{"name":"Dona Juana","type":"Stratovolcano","last":1906,"country":"Colombia","elev":4137}},{"type":"Feature","geometry":{"type":"Point","coordinates":[-77.37,1.22]},"properties":{"name":"Galeras","type":"Complex","last":2014,"country":"Colombia","elev":4276}},{"type":"Feature","geometry":{"type":"Point","coordinates":[-77.68,1.08]},"properties":{"name":"Azufral","type":"Stratovolcano","last":-930,"country":"Colombia","elev":4070}},{"type":"Feature","geometry":{"type":"Point","coordinates":[-77.87,0.95]},"properties":{"name":"Cumbal","type":"Stratovolcano","last":1926,"country":"Colombia","elev":4764}},{"type":"Feature","geometry":{"type":"Point","coordinates":[-77.938,0.817]},"properties":{"name":"Chiles-Cerro Negro","type":"Stratovolcano","last":1936,"country":"Colombia-Ecuador","elev":4698}},{"type":"Feature","geometry":{"type":"Point","coordinates":[-77.58,0.552]},"properties":{"name":"Soche","type":"Stratovolcano","last":-6650,"country":"Ecuador","elev":3955}},{"type":"Feature","geometry":{"type":"Point","coordinates":[-78.287,0.468]},"properties":{"name":"Chachimbiro","type":"Stratovolcano","last":-3740,"country":"Ecuador","elev":4106}},{"type":"Feature","geometry":{"type":"Point","coordinates":[-78.364,0.308]},"properties":{"name":"Cuicocha","type":"Caldera","last":650,"country":"Ecuador","elev":3246}},{"type":"Feature","geometry":{"type":"Point","coordinates":[-78.183,0.258]},"properties":{"name":"Imbabura","type":"Compound","last":-5550,"country":"Ecuador","elev":4609}},{"type":"Feature","geometry":{"type":"Point","coordinates":[-78.27,0.13]},"properties":{"name":"Mojanda","type":"Stratovolcano(es)","last":null,"country":"Ecuador","elev":4263}},{"type":"Feature","geometry":{"type":"Point","coordinates":[-77.986,0.029]},"properties":{"name":"Cayambe","type":"Compound","last":1786,"country":"Ecuador","elev":5790}},{"type":"Feature","geometry":{"type":"Point","coordinates":[-78.49,0.0464]},"properties":{"name":"Pululahua","type":"Caldera","last":290,"country":"Ecuador","elev":3360}},{"type":"Feature","geometry":{"type":"Point","coordinates":[-77.656,-0.077]},"properties":{"name":"Reventador","type":"Stratovolcano","last":2026,"country":"Ecuador","elev":3562}},{"type":"Feature","geometry":{"type":"Point","coordinates":[-78.617,-0.353]},"properties":{"name":"Atacazo","type":"Stratovolcano","last":-320,"country":"Ecuador","elev":4463}},{"type":"Feature","geometry":{"type":"Point","coordinates":[-78.25,-0.375]},"properties":{"name":"Chacana","type":"Caldera","last":1773,"country":"Ecuador","elev":4643}},{"type":"Feature","geometry":{"type":"Point","coordinates":[-78.598,-0.171]},"properties":{"name":"Guagua Pichincha","type":"Stratovolcano","last":2002,"country":"Ecuador","elev":4784}},{"type":"Feature","geometry":{"type":"Point","coordinates":[-78,-0.53]},"properties":{"name":"Aliso","type":"Stratovolcano","last":-2450,"country":"Ecuador","elev":4267}},{"type":"Feature","geometry":{"type":"Point","coordinates":[-78.141,-0.481]},"properties":{"name":"Antisana","type":"Stratovolcano","last":1802,"country":"Ecuador","elev":5753}},{"type":"Feature","geometry":{"type":"Point","coordinates":[-78.716,-0.662]},"properties":{"name":"Iliniza","type":"Stratovolcano","last":null,"country":"Ecuador","elev":5162}},{"type":"Feature","geometry":{"type":"Point","coordinates":[-77.626,-0.538]},"properties":{"name":"Sumaco","type":"Stratovolcano","last":1895,"country":"Ecuador","elev":3990}},{"type":"Feature","geometry":{"type":"Point","coordinates":[-78.436,-0.677]},"properties":{"name":"Cotopaxi","type":"Stratovolcano","last":2023,"country":"Ecuador","elev":5911}},{"type":"Feature","geometry":{"type":"Point","coordinates":[-78.9044,-0.8592]},"properties":{"name":"Quilotoa","type":"Caldera","last":1280,"country":"Ecuador","elev":3914}},{"type":"Feature","geometry":{"type":"Point","coordinates":[-78.817,-1.469]},"properties":{"name":"Chimborazo","type":"Stratovolcano","last":550,"country":"Ecuador","elev":6261}},{"type":"Feature","geometry":{"type":"Point","coordinates":[-78.614,-1.786]},"properties":{"name":"Licto","type":"Pyroclastic cone(s)","last":null,"country":"Ecuador","elev":3322}},{"type":"Feature","geometry":{"type":"Point","coordinates":[-78.442,-1.467]},"properties":{"name":"Tungurahua","type":"Stratovolcano","last":2016,"country":"Ecuador","elev":5023}},{"type":"Feature","geometry":{"type":"Point","coordinates":[-78.341,-2.005]},"properties":{"name":"Sangay","type":"Stratovolcano","last":2026,"country":"Ecuador","elev":5286}},{"type":"Feature","geometry":{"type":"Point","coordinates":[-91.546,-0.02]},"properties":{"name":"Ecuador","type":"Shield","last":1150,"country":"Ecuador","elev":790}},{"type":"Feature","geometry":{"type":"Point","coordinates":[-91.55,-0.37]},"properties":{"name":"Fernandina","type":"Shield","last":2024,"country":"Ecuador","elev":1476}},{"type":"Feature","geometry":{"type":"Point","coordinates":[-91.35,0.02]},"properties":{"name":"Wolf","type":"Shield","last":2022,"country":"Ecuador","elev":1710}},{"type":"Feature","geometry":{"type":"Point","coordinates":[-91.28,-0.18]},"properties":{"name":"Darwin","type":"Shield","last":1813,"country":"Ecuador","elev":1330}},{"type":"Feature","geometry":{"type":"Point","coordinates":[-91.12,-0.43]},"properties":{"name":"Alcedo","type":"Shield","last":1993,"country":"Ecuador","elev":1130}},{"type":"Feature","geometry":{"type":"Point","coordinates":[-91.17,-0.83]},"properties":{"name":"Negra, Sierra","type":"Shield","last":2018,"country":"Ecuador","elev":1124}},{"type":"Feature","geometry":{"type":"Point","coordinates":[-91.408,-0.92]},"properties":{"name":"Azul, Cerro","type":"Shield","last":2008,"country":"Ecuador","elev":1640}},{"type":"Feature","geometry":{"type":"Point","coordinates":[-90.7553,0.5858]},"properties":{"name":"Pinta","type":"Shield","last":null,"country":"Ecuador","elev":729}},{"type":"Feature","geometry":{"type":"Point","coordinates":[-89.958,0.32]},"properties":{"name":"Genovesa","type":"Shield","last":null,"country":"Ecuador","elev":64}},{"type":"Feature","geometry":{"type":"Point","coordinates":[-90.47,0.33]},"properties":{"name":"Marchena","type":"Shield","last":1991,"country":"Ecuador","elev":343}},{"type":"Feature","geometry":{"type":"Point","coordinates":[-90.33,-0.62]},"properties":{"name":"Santa Cruz","type":"Shield","last":null,"country":"Ecuador","elev":864}},{"type":"Feature","geometry":{"type":"Point","coordinates":[-90.77,-0.22]},"properties":{"name":"Santiago","type":"Shield","last":1906,"country":"Ecuador","elev":920}},{"type":"Feature","geometry":{"type":"Point","coordinates":[-89.4292,-0.8292]},"properties":{"name":"San Cristobal","type":"Shield","last":null,"country":"Ecuador","elev":707}},{"type":"Feature","geometry":{"type":"Point","coordinates":[-71.363,-14.131]},"properties":{"name":"Quimsachata-Oroscocha","type":"Lava dome","last":-4450,"country":"Peru","elev":3848}},{"type":"Feature","geometry":{"type":"Point","coordinates":[-73.1914,-15.0726]},"properties":{"name":"Auquihuato, Cerro","type":"Pyroclastic cone","last":null,"country":"Peru","elev":5001}},{"type":"Feature","geometry":{"type":"Point","coordinates":[-72.65,-15.52]},"properties":{"name":"Coropuna","type":"Stratovolcano","last":null,"country":"Peru","elev":6377}},{"type":"Feature","geometry":{"type":"Point","coordinates":[-72.33,-15.42]},"properties":{"name":"Andahua-Orcopampa","type":"Volcanic field","last":1490,"country":"Peru","elev":4713}},{"type":"Feature","geometry":{"type":"Point","coordinates":[-72.08,-15.78]},"properties":{"name":"Huambo","type":"Volcanic field","last":-700,"country":"Peru","elev":4554}},{"type":"Feature","geometry":{"type":"Point","coordinates":[-71.857,-15.787]},"properties":{"name":"Sabancaya","type":"Stratovolcano(es)","last":2026,"country":"Peru","elev":5960}},{"type":"Feature","geometry":{"type":"Point","coordinates":[-71.4056,-16.2991]},"properties":{"name":"Misti, El","type":"Stratovolcano","last":1985,"country":"Peru","elev":5793}},{"type":"Feature","geometry":{"type":"Point","coordinates":[-70.8972,-16.345]},"properties":{"name":"Ubinas","type":"Stratovolcano","last":2024,"country":"Peru","elev":5608}},{"type":"Feature","geometry":{"type":"Point","coordinates":[-70.5981,-16.7586]},"properties":{"name":"Ticsani","type":"Lava dome(s)","last":1800,"country":"Peru","elev":5382}},{"type":"Feature","geometry":{"type":"Point","coordinates":[-70.8542,-16.6144]},"properties":{"name":"Huaynaputina","type":"Stratovolcano","last":1600,"country":"Peru","elev":4679}},{"type":"Feature","geometry":{"type":"Point","coordinates":[-70.372,-17.026]},"properties":{"name":"Tutupaca","type":"Stratovolcano(es)","last":1802,"country":"Peru","elev":5801}},{"type":"Feature","geometry":{"type":"Point","coordinates":[-70.196,-17.184]},"properties":{"name":"Yucamane","type":"Stratovolcano(es)","last":-1320,"country":"Peru","elev":5495}},{"type":"Feature","geometry":{"type":"Point","coordinates":[-69.7886,-17.4852]},"properties":{"name":"Casiri, Nevados","type":"Stratovolcano(es)","last":null,"country":"Peru","elev":5626}},{"type":"Feature","geometry":{"type":"Point","coordinates":[-69.5,-18.1]},"properties":{"name":"Taapaca","type":"Complex","last":-320,"country":"Chile","elev":5860}},{"type":"Feature","geometry":{"type":"Point","coordinates":[-69.142,-18.166]},"properties":{"name":"Parinacota","type":"Stratovolcano","last":290,"country":"Chile-Bolivia","elev":6336}},{"type":"Feature","geometry":{"type":"Point","coordinates":[-69.092,-18.42]},"properties":{"name":"Guallatiri","type":"Stratovolcano","last":1960,"country":"Chile","elev":6071}},{"type":"Feature","geometry":{"type":"Point","coordinates":[-68.53,-19.13]},"properties":{"name":"Tata Sabaya","type":"Stratovolcano","last":null,"country":"Bolivia","elev":5430}},{"type":"Feature","geometry":{"type":"Point","coordinates":[-68.83,-19.15]},"properties":{"name":"Isluga","type":"Stratovolcano","last":1913,"country":"Chile","elev":5550}},{"type":"Feature","geometry":{"type":"Point","coordinates":[-68.55,-20.73]},"properties":{"name":"Irruputuncu","type":"Stratovolcano","last":1995,"country":"Chile-Bolivia","elev":5163}},{"type":"Feature","geometry":{"type":"Point","coordinates":[-68.413,-20.939]},"properties":{"name":"Olca-Paruma","type":"Stratovolcano(es)","last":null,"country":"Chile-Bolivia","elev":5705}},{"type":"Feature","geometry":{"type":"Point","coordinates":[-67.891,-22.719]},"properties":{"name":"Sairecabur","type":"Stratovolcano(es)","last":null,"country":"Chile-Bolivia","elev":5961}},{"type":"Feature","geometry":{"type":"Point","coordinates":[-67.88,-22.83]},"properties":{"name":"Licancabur","type":"Stratovolcano","last":null,"country":"Chile-Bolivia","elev":5916}},{"type":"Feature","geometry":{"type":"Point","coordinates":[-67.566,-22.895]},"properties":{"name":"Guayaques","type":"Lava dome(s)","last":null,"country":"Chile-Bolivia","elev":5598}},{"type":"Feature","geometry":{"type":"Point","coordinates":[-67.75,-23]},"properties":{"name":"Purico Complex","type":"Shield(pyroclastic)","last":null,"country":"Chile","elev":5703}},{"type":"Feature","geometry":{"type":"Point","coordinates":[-67.645,-23.236]},"properties":{"name":"Colachi","type":"Stratovolcano","last":null,"country":"Chile","elev":5631}},{"type":"Feature","geometry":{"type":"Point","coordinates":[-67.618,-23.292]},"properties":{"name":"Acamarachi","type":"Stratovolcano","last":null,"country":"Chile","elev":6023}},{"type":"Feature","geometry":{"type":"Point","coordinates":[-67.7,-23.58]},"properties":{"name":"Chiliques","type":"Stratovolcano","last":null,"country":"Chile","elev":5778}},{"type":"Feature","geometry":{"type":"Point","coordinates":[-67.853,-22.557]},"properties":{"name":"Putana","type":"Stratovolcano","last":1810,"country":"Chile","elev":5884}},{"type":"Feature","geometry":{"type":"Point","coordinates":[-67.534,-23.743]},"properties":{"name":"Cordon de Puntas Negras","type":"Stratovolcano(es)","last":null,"country":"Chile","elev":5852}},{"type":"Feature","geometry":{"type":"Point","coordinates":[-67.77,-23.82]},"properties":{"name":"Miniques","type":"Stratovolcano(es)","last":null,"country":"Chile","elev":5910}},{"type":"Feature","geometry":{"type":"Point","coordinates":[-67.95,-23.83]},"properties":{"name":"Tujle, Cerro","type":"Maar","last":null,"country":"Chile","elev":3550}},{"type":"Feature","geometry":{"type":"Point","coordinates":[-67.74,-23.949]},"properties":{"name":"Caichinque","type":"Stratovolcano(es)","last":null,"country":"Chile","elev":4458}},{"type":"Feature","geometry":{"type":"Point","coordinates":[-68.13,-23.97]},"properties":{"name":"Tilocalar","type":"Lava cone(es)","last":null,"country":"Chile","elev":3109}},{"type":"Feature","geometry":{"type":"Point","coordinates":[-68.054,-24.188]},"properties":{"name":"Pular","type":"Stratovolcano(es)","last":null,"country":"Chile","elev":6233}},{"type":"Feature","geometry":{"type":"Point","coordinates":[-68.59,-24.319]},"properties":{"name":"Negrillar, La","type":"Pyroclastic cone(s)","last":null,"country":"Chile","elev":4220}},{"type":"Feature","geometry":{"type":"Point","coordinates":[-68.246,-24.396]},"properties":{"name":"Socompa","type":"Stratovolcano","last":-5250,"country":"Chile-Argentina","elev":6031}},{"type":"Feature","geometry":{"type":"Point","coordinates":[-67.73,-23.37]},"properties":{"name":"Lascar","type":"Stratovolcano(es)","last":2026,"country":"Chile","elev":5592}},{"type":"Feature","geometry":{"type":"Point","coordinates":[-68.367,-25.083]},"properties":{"name":"Corrida de Cori Volcanic Field","type":"Stratovolcano","last":null,"country":"Chile-Argentina","elev":5451}},{"type":"Feature","geometry":{"type":"Point","coordinates":[-68.53,-24.72]},"properties":{"name":"Llullaillaco","type":"Stratovolcano","last":1877,"country":"Chile-Argentina","elev":6739}},{"type":"Feature","geometry":{"type":"Point","coordinates":[-68.521,-25.336]},"properties":{"name":"Cordon del Azufre","type":"Complex","last":null,"country":"Chile-Argentina","elev":5481}},{"type":"Feature","geometry":{"type":"Point","coordinates":[-68.588,-25.414]},"properties":{"name":"Bayo Gorbea, Cerro","type":"Complex","last":null,"country":"Chile-Argentina","elev":5413}},{"type":"Feature","geometry":{"type":"Point","coordinates":[-68.58,-26.48]},"properties":{"name":"Nevada, Sierra","type":"Complex","last":null,"country":"Chile-Argentina","elev":6173}},{"type":"Feature","geometry":{"type":"Point","coordinates":[-68.37,-26.8]},"properties":{"name":"Falso Azufre","type":"Complex","last":null,"country":"Chile-Argentina","elev":5906}},{"type":"Feature","geometry":{"type":"Point","coordinates":[-68.296,-27.033]},"properties":{"name":"Incahuasi, Nevado de","type":"Stratovolcano(es)","last":null,"country":"Chile-Argentina","elev":6638}},{"type":"Feature","geometry":{"type":"Point","coordinates":[-68.507,-25.168]},"properties":{"name":"Lastarria","type":"Stratovolcano","last":null,"country":"Chile-Argentina","elev":5706}},{"type":"Feature","geometry":{"type":"Point","coordinates":[-68.713,-27.105]},"properties":{"name":"Solo, El","type":"Stratovolcano","last":null,"country":"Chile-Argentina","elev":6205}},{"type":"Feature","geometry":{"type":"Point","coordinates":[-68.541,-27.109]},"properties":{"name":"Ojos del Salado, Nevados","type":"Stratovolcano","last":750,"country":"Chile-Argentina","elev":6879}},{"type":"Feature","geometry":{"type":"Point","coordinates":[-67.783,-24.29]},"properties":{"name":"Aracar","type":"Stratovolcano","last":null,"country":"Argentina","elev":6095}},{"type":"Feature","geometry":{"type":"Point","coordinates":[-68.266,-25.078]},"properties":{"name":"Central Andean Arc at 25.1°S","type":"Pyroclastic cone","last":null,"country":"Argentina","elev":4652}},{"type":"Feature","geometry":{"type":"Point","coordinates":[-68.361,-26.632]},"properties":{"name":"Condor, El","type":"Stratovolcano","last":null,"country":"Argentina","elev":6373}},{"type":"Feature","geometry":{"type":"Point","coordinates":[-68.116,-26.623]},"properties":{"name":"Peinado","type":"Stratovolcano","last":null,"country":"Argentina","elev":5741}},{"type":"Feature","geometry":{"type":"Point","coordinates":[-67.746,-26.7657]},"properties":{"name":"Blanco, Cerro","type":"Caldera","last":-2300,"country":"Argentina","elev":4670}},{"type":"Feature","geometry":{"type":"Point","coordinates":[-68.561,-27.196]},"properties":{"name":"Tipas","type":"Complex","last":null,"country":"Argentina","elev":6658}},{"type":"Feature","geometry":{"type":"Point","coordinates":[-109.356,-27.114]},"properties":{"name":"Rapa Nui","type":"Shield(s)","last":null,"country":"Chile","elev":501}},{"type":"Feature","geometry":{"type":"Point","coordinates":[-69.797,-33.425]},"properties":{"name":"Tupungatito","type":"Stratovolcano","last":1987,"country":"Chile-Argentina","elev":5660}},{"type":"Feature","geometry":{"type":"Point","coordinates":[-69.832,-34.164]},"properties":{"name":"Maipo","type":"Caldera","last":1912,"country":"Chile-Argentina","elev":5323}},{"type":"Feature","geometry":{"type":"Point","coordinates":[-70.295,-34.608]},"properties":{"name":"Palomo","type":"Stratovolcano","last":null,"country":"Chile","elev":4860}},{"type":"Feature","geometry":{"type":"Point","coordinates":[-69.921,-34.592]},"properties":{"name":"Atuel, Caldera del","type":"Caldera","last":null,"country":"Argentina","elev":5189}},{"type":"Feature","geometry":{"type":"Point","coordinates":[-69.981,-34.917]},"properties":{"name":"Risco Plateado","type":"Stratovolcano","last":null,"country":"Argentina","elev":4999}},{"type":"Feature","geometry":{"type":"Point","coordinates":[-69.895,-33.789]},"properties":{"name":"San Jose","type":"Stratovolcano(es)","last":1960,"country":"Chile-Argentina","elev":6070}},{"type":"Feature","geometry":{"type":"Point","coordinates":[-70.352,-34.814]},"properties":{"name":"Tinguiririca","type":"Stratovolcano","last":1917,"country":"Chile","elev":4280}},{"type":"Feature","geometry":{"type":"Point","coordinates":[-69.9,-35.123]},"properties":{"name":"Infiernillo","type":"Volcanic field","last":-6890,"country":"Argentina","elev":3007}},{"type":"Feature","geometry":{"type":"Point","coordinates":[-70.496,-35.558]},"properties":{"name":"Calabozos","type":"Caldera","last":null,"country":"Chile","elev":3508}},{"type":"Feature","geometry":{"type":"Point","coordinates":[-70.568,-35.223]},"properties":{"name":"Planchon-Peteroa","type":"Stratovolcano(es)","last":2025,"country":"Chile","elev":3977}},{"type":"Feature","geometry":{"type":"Point","coordinates":[-70.75,-35.58]},"properties":{"name":"Descabezado Grande","type":"Stratovolcano(es)","last":1933,"country":"Chile","elev":3953}},{"type":"Feature","geometry":{"type":"Point","coordinates":[-70.492,-36.058]},"properties":{"name":"Maule, Laguna del","type":"Caldera","last":-50,"country":"Chile","elev":2162}},{"type":"Feature","geometry":{"type":"Point","coordinates":[-70.849,-35.989]},"properties":{"name":"San Pedro-Pellado","type":"Stratovolcano(es)","last":null,"country":"Chile","elev":3621}},{"type":"Feature","geometry":{"type":"Point","coordinates":[-71.1641,-36.1959]},"properties":{"name":"Longavi, Nevado de","type":"Stratovolcano","last":-4890,"country":"Chile","elev":3175}},{"type":"Feature","geometry":{"type":"Point","coordinates":[-71.009,-36.286]},"properties":{"name":"Blancas, Lomas","type":"Stratovolcano","last":null,"country":"Chile","elev":2268}},{"type":"Feature","geometry":{"type":"Point","coordinates":[-70.9033,-36.4606]},"properties":{"name":"Resago, Volcan","type":"Pyroclastic cone","last":null,"country":"Chile","elev":1890}},{"type":"Feature","geometry":{"type":"Point","coordinates":[-69.241,-36.422]},"properties":{"name":"Payun Matru","type":"Volcanic field","last":-5050,"country":"Argentina","elev":3715}},{"type":"Feature","geometry":{"type":"Point","coordinates":[-70.761,-35.653]},"properties":{"name":"Azul, Cerro","type":"Stratovolcano","last":1967,"country":"Chile","elev":3788}},{"type":"Feature","geometry":{"type":"Point","coordinates":[-70.033,-37.144]},"properties":{"name":"Tromen Volcanic Plateau","type":"Stratovolcano(es)","last":1822,"country":"Argentina","elev":4114}},{"type":"Feature","geometry":{"type":"Point","coordinates":[-71.378,-36.868]},"properties":{"name":"Chillan, Nevados de","type":"Stratovolcano","last":2022,"country":"Chile","elev":3180}},{"type":"Feature","geometry":{"type":"Point","coordinates":[-71.349,-37.406]},"properties":{"name":"Antuco","type":"Stratovolcano","last":1869,"country":"Chile","elev":2979}},{"type":"Feature","geometry":{"type":"Point","coordinates":[-71.4464,-37.9276]},"properties":{"name":"Callaqui","type":"Stratovolcano","last":1980,"country":"Chile","elev":3099}},{"type":"Feature","geometry":{"type":"Point","coordinates":[-71.645,-38.31]},"properties":{"name":"Tolhuaca","type":"Stratovolcano","last":-4000,"country":"Chile","elev":2739}},{"type":"Feature","geometry":{"type":"Point","coordinates":[-71.183,-37.856]},"properties":{"name":"Copahue","type":"Stratovolcano","last":2024,"country":"Chile-Argentina","elev":2953}},{"type":"Feature","geometry":{"type":"Point","coordinates":[-70.37,-39.02]},"properties":{"name":"Blanca, Laguna","type":"Volcanic field","last":null,"country":"Argentina","elev":1700}},{"type":"Feature","geometry":{"type":"Point","coordinates":[-71.586,-38.379]},"properties":{"name":"Lonquimay","type":"Stratovolcano","last":1990,"country":"Chile","elev":2832}},{"type":"Feature","geometry":{"type":"Point","coordinates":[-71.52,-38.97]},"properties":{"name":"Sollipulli","type":"Caldera","last":1240,"country":"Chile","elev":2282}},{"type":"Feature","geometry":{"type":"Point","coordinates":[-71.75,-39.25]},"properties":{"name":"Caburgua-Huelemolle","type":"Volcanic field","last":-5050,"country":"Chile","elev":1652}},{"type":"Feature","geometry":{"type":"Point","coordinates":[-71.729,-38.692]},"properties":{"name":"Llaima","type":"Stratovolcano","last":2009,"country":"Chile","elev":3125}},{"type":"Feature","geometry":{"type":"Point","coordinates":[-71.722,-39.496]},"properties":{"name":"Quetrupillan","type":"Stratovolcano","last":255,"country":"Chile","elev":2360}},{"type":"Feature","geometry":{"type":"Point","coordinates":[-71.502,-39.637]},"properties":{"name":"Lanin","type":"Stratovolcano","last":560,"country":"Chile-Argentina","elev":3776}},{"type":"Feature","geometry":{"type":"Point","coordinates":[-71.58,-39.887]},"properties":{"name":"Huanquihue Group","type":"Stratovolcano(es)","last":1750,"country":"Argentina","elev":2189}},{"type":"Feature","geometry":{"type":"Point","coordinates":[-71.93,-39.42]},"properties":{"name":"Villarrica","type":"Stratovolcano","last":2025,"country":"Chile","elev":2847}},{"type":"Feature","geometry":{"type":"Point","coordinates":[-72.027,-39.927]},"properties":{"name":"Mocho-Choshuenco","type":"Stratovolcano(es)","last":1937,"country":"Chile","elev":2422}},{"type":"Feature","geometry":{"type":"Point","coordinates":[-72.07,-40.35]},"properties":{"name":"Carran-Los Venados","type":"Pyroclastic cone(s)","last":1979,"country":"Chile","elev":1114}},{"type":"Feature","geometry":{"type":"Point","coordinates":[-72.15,-40.783]},"properties":{"name":"Antillanca Volcanic Complex","type":"Stratovolcano(es)","last":-230,"country":"Chile","elev":1979}},{"type":"Feature","geometry":{"type":"Point","coordinates":[-72.117,-40.59]},"properties":{"name":"Puyehue-Cordon Caulle","type":"Stratovolcano","last":2012,"country":"Chile","elev":2236}},{"type":"Feature","geometry":{"type":"Point","coordinates":[-72.264,-40.969]},"properties":{"name":"Puntiagudo-Cordon Cenizos","type":"Stratovolcano","last":1850,"country":"Chile","elev":2493}},{"type":"Feature","geometry":{"type":"Point","coordinates":[-71.885,-41.157]},"properties":{"name":"Tronador","type":"Stratovolcano","last":null,"country":"Chile-Argentina","elev":3478}},{"type":"Feature","geometry":{"type":"Point","coordinates":[-72.27,-41.3]},"properties":{"name":"Cayutue-La Vigueria","type":"Volcanic field","last":-190,"country":"Chile","elev":506}},{"type":"Feature","geometry":{"type":"Point","coordinates":[-72.496,-41.105]},"properties":{"name":"Osorno","type":"Stratovolcano","last":1869,"country":"Chile","elev":2659}},{"type":"Feature","geometry":{"type":"Point","coordinates":[-72.396,-41.755]},"properties":{"name":"Yate","type":"Stratovolcano","last":1090,"country":"Chile","elev":2187}},{"type":"Feature","geometry":{"type":"Point","coordinates":[-72.431,-41.874]},"properties":{"name":"Hornopiren","type":"Stratovolcano","last":340,"country":"Chile","elev":1572}},{"type":"Feature","geometry":{"type":"Point","coordinates":[-72.58,-41.88]},"properties":{"name":"Apagado","type":"Pyroclastic cone","last":-590,"country":"Chile","elev":1210}},{"type":"Feature","geometry":{"type":"Point","coordinates":[-70.194,-42.018]},"properties":{"name":"Crater Basalt Volcanic Field","type":"Volcanic field","last":null,"country":"Argentina","elev":1344}},{"type":"Feature","geometry":{"type":"Point","coordinates":[-72.618,-41.33]},"properties":{"name":"Calbuco","type":"Stratovolcano","last":2015,"country":"Chile","elev":1974}},{"type":"Feature","geometry":{"type":"Point","coordinates":[-72.578,-42.377]},"properties":{"name":"Huequi","type":"Lava dome(s)","last":1920,"country":"Chile","elev":1318}},{"type":"Feature","geometry":{"type":"Point","coordinates":[-72.6514,-42.8349]},"properties":{"name":"Chaiten","type":"Caldera","last":2011,"country":"Chile","elev":1122}},{"type":"Feature","geometry":{"type":"Point","coordinates":[-72.445,-42.799]},"properties":{"name":"Michinmahuida","type":"Stratovolcano","last":1835,"country":"Chile","elev":2452}},{"type":"Feature","geometry":{"type":"Point","coordinates":[-72.782,-43.469]},"properties":{"name":"Yanteles","type":"Stratovolcano(es)","last":-6650,"country":"Chile","elev":1790}},{"type":"Feature","geometry":{"type":"Point","coordinates":[-72.88,-44.08]},"properties":{"name":"Melimoyu","type":"Stratovolcano","last":200,"country":"Chile","elev":2400}},{"type":"Feature","geometry":{"type":"Point","coordinates":[-72.53,-44.3]},"properties":{"name":"Puyuhuapi","type":"Pyroclastic cone(s)","last":null,"country":"Chile","elev":524}},{"type":"Feature","geometry":{"type":"Point","coordinates":[-73.0767,-44.6931]},"properties":{"name":"Mentolat","type":"Stratovolcano","last":1710,"country":"Chile","elev":1603}},{"type":"Feature","geometry":{"type":"Point","coordinates":[-72.984,-45.059]},"properties":{"name":"Cay","type":"Stratovolcano","last":null,"country":"Chile","elev":2090}},{"type":"Feature","geometry":{"type":"Point","coordinates":[-73.17,-45.1]},"properties":{"name":"Maca","type":"Stratovolcano","last":1560,"country":"Chile","elev":2960}},{"type":"Feature","geometry":{"type":"Point","coordinates":[-72.97,-45.9]},"properties":{"name":"Hudson, Cerro","type":"Stratovolcano","last":2011,"country":"Chile","elev":1905}},{"type":"Feature","geometry":{"type":"Point","coordinates":[-72.794,-43.189]},"properties":{"name":"Corcovado","type":"Stratovolcano","last":-4920,"country":"Chile","elev":1826}},{"type":"Feature","geometry":{"type":"Point","coordinates":[-73.75,-50.33]},"properties":{"name":"Aguilera","type":"Stratovolcano","last":-1253,"country":"Chile","elev":2546}},{"type":"Feature","geometry":{"type":"Point","coordinates":[-73.5802,-50.9395]},"properties":{"name":"Reclus","type":"Pyroclastic cone","last":1908,"country":"Chile","elev":1403}},{"type":"Feature","geometry":{"type":"Point","coordinates":[-73.504,-49.019]},"properties":{"name":"Lautaro","type":"Stratovolcano","last":1979,"country":"Chile","elev":3542}},{"type":"Feature","geometry":{"type":"Point","coordinates":[-73.4,-52.33]},"properties":{"name":"Burney, Monte","type":"Stratovolcano","last":1910,"country":"Chile","elev":1758}},{"type":"Feature","geometry":{"type":"Point","coordinates":[-69.698,-52.082]},"properties":{"name":"Pali-Aike Volcanic Field","type":"Volcanic field","last":-5550,"country":"Chile-Argentina","elev":282}},{"type":"Feature","geometry":{"type":"Point","coordinates":[-70.262,-54.97]},"properties":{"name":"Fueguino","type":"Lava dome(s)","last":1820,"country":"Chile","elev":157}},{"type":"Feature","geometry":{"type":"Point","coordinates":[-63.23,17.63]},"properties":{"name":"Saba","type":"Stratovolcano","last":1640,"country":"Netherlands","elev":887}},{"type":"Feature","geometry":{"type":"Point","coordinates":[-62.96,17.478]},"properties":{"name":"Quill, The","type":"Stratovolcano","last":250,"country":"Netherlands","elev":601}},{"type":"Feature","geometry":{"type":"Point","coordinates":[-62.8,17.37]},"properties":{"name":"Liamuiga","type":"Stratovolcano","last":160,"country":"Saint Kitts and Nevis","elev":1156}},{"type":"Feature","geometry":{"type":"Point","coordinates":[-62.58,17.15]},"properties":{"name":"Nevis Peak","type":"Stratovolcano","last":null,"country":"Saint Kitts and Nevis","elev":985}},{"type":"Feature","geometry":{"type":"Point","coordinates":[-62.18,16.72]},"properties":{"name":"Soufriere Hills","type":"Stratovolcano","last":2013,"country":"United Kingdom","elev":915}},{"type":"Feature","geometry":{"type":"Point","coordinates":[-61.664,16.044]},"properties":{"name":"Soufriere Guadeloupe","type":"Stratovolcano","last":1977,"country":"France","elev":1467}},{"type":"Feature","geometry":{"type":"Point","coordinates":[-61.43,15.612]},"properties":{"name":"Diables, Morne aux","type":"Lava dome(s)","last":null,"country":"Dominica","elev":861}},{"type":"Feature","geometry":{"type":"Point","coordinates":[-61.397,15.503]},"properties":{"name":"Diablotins, Morne","type":"Stratovolcano","last":null,"country":"Dominica","elev":1430}},{"type":"Feature","geometry":{"type":"Point","coordinates":[-61.305,15.307]},"properties":{"name":"Watt, Morne","type":"Stratovolcano(es)","last":1997,"country":"Dominica","elev":1224}},{"type":"Feature","geometry":{"type":"Point","coordinates":[-61.33,15.37]},"properties":{"name":"Trois Pitons, Morne","type":"Complex","last":920,"country":"Dominica","elev":1387}},{"type":"Feature","geometry":{"type":"Point","coordinates":[-61.341,15.255]},"properties":{"name":"Plat Pays, Morne","type":"Stratovolcano","last":1270,"country":"Dominica","elev":940}},{"type":"Feature","geometry":{"type":"Point","coordinates":[-61.166,14.809]},"properties":{"name":"Pelee","type":"Stratovolcano","last":1932,"country":"France","elev":1372}},{"type":"Feature","geometry":{"type":"Point","coordinates":[-61.05,13.83]},"properties":{"name":"Qualibou","type":"Caldera","last":1766,"country":"Saint Lucia","elev":777}},{"type":"Feature","geometry":{"type":"Point","coordinates":[-61.18,13.33]},"properties":{"name":"Soufriere St. Vincent","type":"Stratovolcano","last":2021,"country":"Saint Vincent and the Grenadines","elev":1220}},{"type":"Feature","geometry":{"type":"Point","coordinates":[-61.64,12.3]},"properties":{"name":"Kick 'em Jenny","type":"Complex","last":2017,"country":"Grenada","elev":-185}},{"type":"Feature","geometry":{"type":"Point","coordinates":[-61.67,12.15]},"properties":{"name":"St. Catherine","type":"Stratovolcano","last":null,"country":"Grenada","elev":840}},{"type":"Feature","geometry":{"type":"Point","coordinates":[-23.783,64.8]},"properties":{"name":"Snaefellsjokull","type":"Stratovolcano","last":200,"country":"Iceland","elev":1446}},{"type":"Feature","geometry":{"type":"Point","coordinates":[-23.283,64.866]},"properties":{"name":"Helgrindur","type":"Volcanic field","last":null,"country":"Iceland","elev":986}},{"type":"Feature","geometry":{"type":"Point","coordinates":[-22.483,64.9]},"properties":{"name":"Ljosufjoll","type":"Volcanic field","last":960,"country":"Iceland","elev":1063}},{"type":"Feature","geometry":{"type":"Point","coordinates":[-22.717,63.817]},"properties":{"name":"Reykjanes","type":"Crater rows","last":2025,"country":"Iceland","elev":140}},{"type":"Feature","geometry":{"type":"Point","coordinates":[-22.067,63.917]},"properties":{"name":"Krysuvik-Trolladyngja","type":"Crater rows","last":1340,"country":"Iceland","elev":360}},{"type":"Feature","geometry":{"type":"Point","coordinates":[-21.783,63.933]},"properties":{"name":"Brennisteinsfjoll","type":"Crater rows","last":1341,"country":"Iceland","elev":610}},{"type":"Feature","geometry":{"type":"Point","coordinates":[-21.333,64.083]},"properties":{"name":"Hromundartindur","type":"Stratovolcano","last":null,"country":"Iceland","elev":550}},{"type":"Feature","geometry":{"type":"Point","coordinates":[-21.416,64.083]},"properties":{"name":"Hengill","type":"Crater rows","last":150,"country":"Iceland","elev":803}},{"type":"Feature","geometry":{"type":"Point","coordinates":[-20.883,64.05]},"properties":{"name":"Grimsnes","type":"Volcanic field","last":-3500,"country":"Iceland","elev":200}},{"type":"Feature","geometry":{"type":"Point","coordinates":[-20.666,64.583]},"properties":{"name":"Prestahnukur","type":"Fissure vent(s)","last":-3350,"country":"Iceland","elev":1385}},{"type":"Feature","geometry":{"type":"Point","coordinates":[-19.7,64.85]},"properties":{"name":"Oddnyjarhnjukur-Langjokull","type":"Fissure vent(s)","last":950,"country":"Iceland","elev":1100}},{"type":"Feature","geometry":{"type":"Point","coordinates":[-18.766,64.833]},"properties":{"name":"Hofsjokull","type":"Fissure vent(s)","last":null,"country":"Iceland","elev":1765}},{"type":"Feature","geometry":{"type":"Point","coordinates":[-20.266,63.416]},"properties":{"name":"Vestmannaeyjar","type":"Fissure vent(s)","last":1973,"country":"Iceland","elev":283}},{"type":"Feature","geometry":{"type":"Point","coordinates":[-19.633,63.633]},"properties":{"name":"Eyjafjallajokull","type":"Stratovolcano","last":2010,"country":"Iceland","elev":1651}},{"type":"Feature","geometry":{"type":"Point","coordinates":[-19.083,63.633]},"properties":{"name":"Katla","type":"Fissure vent(s)","last":1918,"country":"Iceland","elev":1490}},{"type":"Feature","geometry":{"type":"Point","coordinates":[-19.716,63.783]},"properties":{"name":"Tindfjallajokull","type":"Stratovolcano","last":null,"country":"Iceland","elev":1464}},{"type":"Feature","geometry":{"type":"Point","coordinates":[-19.122,63.892]},"properties":{"name":"Torfajokull","type":"Stratovolcano","last":1477,"country":"Iceland","elev":1280}},{"type":"Feature","geometry":{"type":"Point","coordinates":[-19.666,63.983]},"properties":{"name":"Hekla","type":"Stratovolcano","last":2000,"country":"Iceland","elev":1490}},{"type":"Feature","geometry":{"type":"Point","coordinates":[-17.316,64.416]},"properties":{"name":"Grimsvotn","type":"Caldera","last":2011,"country":"Iceland","elev":1719}},{"type":"Feature","geometry":{"type":"Point","coordinates":[-17.516,64.633]},"properties":{"name":"Bardarbunga","type":"Stratovolcano","last":2015,"country":"Iceland","elev":2000}},{"type":"Feature","geometry":{"type":"Point","coordinates":[-17.916,64.75]},"properties":{"name":"Tungnafellsjokull","type":"Stratovolcano","last":null,"country":"Iceland","elev":1523}},{"type":"Feature","geometry":{"type":"Point","coordinates":[-16.647,64.653]},"properties":{"name":"Kverkfjoll","type":"Stratovolcano","last":1968,"country":"Iceland","elev":1930}},{"type":"Feature","geometry":{"type":"Point","coordinates":[-16.783,65.033]},"properties":{"name":"Askja","type":"Stratovolcano","last":1961,"country":"Iceland","elev":1080}},{"type":"Feature","geometry":{"type":"Point","coordinates":[-16.666,65.416]},"properties":{"name":"Fremrinamar","type":"Stratovolcano","last":-1200,"country":"Iceland","elev":970}},{"type":"Feature","geometry":{"type":"Point","coordinates":[-16.728,65.715]},"properties":{"name":"Krafla","type":"Caldera","last":1984,"country":"Iceland","elev":800}},{"type":"Feature","geometry":{"type":"Point","coordinates":[-16.967,65.883]},"properties":{"name":"Theistareykir","type":"Shield","last":-900,"country":"Iceland","elev":563}},{"type":"Feature","geometry":{"type":"Point","coordinates":[-17.118,66.309]},"properties":{"name":"Tjornes Fracture Zone","type":"Fissure vent","last":1868,"country":"Iceland","elev":-75}},{"type":"Feature","geometry":{"type":"Point","coordinates":[-16.65,64]},"properties":{"name":"Oraefajokull","type":"Stratovolcano","last":1728,"country":"Iceland","elev":2010}},{"type":"Feature","geometry":{"type":"Point","coordinates":[-16.583,64.25]},"properties":{"name":"Esjufjoll","type":"Stratovolcano","last":null,"country":"Iceland","elev":1620}},{"type":"Feature","geometry":{"type":"Point","coordinates":[-15.56,64.798]},"properties":{"name":"Snaefell","type":"Stratovolcano","last":null,"country":"Iceland","elev":1833}},{"type":"Feature","geometry":{"type":"Point","coordinates":[-18.5,66.67]},"properties":{"name":"Kolbeinsey Ridge","type":"Fissure vent","last":1755,"country":"Iceland","elev":5}},{"type":"Feature","geometry":{"type":"Point","coordinates":[-8.155,71.082]},"properties":{"name":"Jan Mayen","type":"Stratovolcano","last":1985,"country":"Norway","elev":2197}},{"type":"Feature","geometry":{"type":"Point","coordinates":[85.25,85.608]},"properties":{"name":"East Gakkel Ridge at 85°E","type":"Fissure vent","last":1999,"country":"Undersea Features","elev":-3800}},{"type":"Feature","geometry":{"type":"Point","coordinates":[-38.08,38.75]},"properties":{"name":"Pico Fracture Zone","type":"Fissure vent","last":1865,"country":"Undersea Features","elev":-4200}},{"type":"Feature","geometry":{"type":"Point","coordinates":[-31.216,39.462]},"properties":{"name":"Flores","type":"Stratovolcano(es)","last":-950,"country":"Portugal","elev":914}},{"type":"Feature","geometry":{"type":"Point","coordinates":[-28.713,38.576]},"properties":{"name":"Fayal","type":"Stratovolcano","last":1958,"country":"Portugal","elev":1041}},{"type":"Feature","geometry":{"type":"Point","coordinates":[-28.4,38.47]},"properties":{"name":"Pico","type":"Stratovolcano","last":1720,"country":"Portugal","elev":2351}},{"type":"Feature","geometry":{"type":"Point","coordinates":[-28.08,38.65]},"properties":{"name":"Sao Jorge","type":"Fissure vent","last":1902,"country":"Portugal","elev":1053}},{"type":"Feature","geometry":{"type":"Point","coordinates":[-27.97,39.02]},"properties":{"name":"Graciosa","type":"Stratovolcano","last":-1950,"country":"Portugal","elev":402}},{"type":"Feature","geometry":{"type":"Point","coordinates":[-27.32,38.73]},"properties":{"name":"Terceira","type":"Stratovolcano(es)","last":2000,"country":"Portugal","elev":1023}},{"type":"Feature","geometry":{"type":"Point","coordinates":[-26.63,38.23]},"properties":{"name":"Don Joao de Castro Bank","type":"Shield","last":1720,"country":"Portugal","elev":-13}},{"type":"Feature","geometry":{"type":"Point","coordinates":[-25.67,37.78]},"properties":{"name":"Picos Fissural Volcanic System","type":"Fissure vent","last":1652,"country":"Portugal","elev":350}},{"type":"Feature","geometry":{"type":"Point","coordinates":[-25.785,37.865]},"properties":{"name":"Sete Cidades","type":"Stratovolcano","last":1880,"country":"Portugal","elev":842}},{"type":"Feature","geometry":{"type":"Point","coordinates":[-25.47,37.77]},"properties":{"name":"Agua de Pau","type":"Stratovolcano","last":1564,"country":"Portugal","elev":947}},{"type":"Feature","geometry":{"type":"Point","coordinates":[-25.32,37.77]},"properties":{"name":"Furnas","type":"Stratovolcano","last":1630,"country":"Portugal","elev":805}},{"type":"Feature","geometry":{"type":"Point","coordinates":[-25.88,37.6]},"properties":{"name":"Monaco Bank","type":"Fissure vent","last":1911,"country":"Portugal","elev":-197}},{"type":"Feature","geometry":{"type":"Point","coordinates":[-16.97,32.73]},"properties":{"name":"Madeira","type":"Shield","last":-4500,"country":"Portugal","elev":1862}},{"type":"Feature","geometry":{"type":"Point","coordinates":[-17.83,28.57]},"properties":{"name":"La Palma","type":"Stratovolcano(es)","last":2021,"country":"Spain","elev":2426}},{"type":"Feature","geometry":{"type":"Point","coordinates":[-18.03,27.73]},"properties":{"name":"Hierro","type":"Shield","last":2012,"country":"Spain","elev":1500}},{"type":"Feature","geometry":{"type":"Point","coordinates":[-16.641,28.271]},"properties":{"name":"Tenerife","type":"Stratovolcano","last":1909,"country":"Spain","elev":3715}},{"type":"Feature","geometry":{"type":"Point","coordinates":[-15.58,28]},"properties":{"name":"Gran Canaria","type":"Fissure vent(s)","last":40,"country":"Spain","elev":1950}},{"type":"Feature","geometry":{"type":"Point","coordinates":[-14.02,28.358]},"properties":{"name":"Fuerteventura","type":"Fissure vent(s)","last":null,"country":"Spain","elev":529}},{"type":"Feature","geometry":{"type":"Point","coordinates":[-13.63,29.03]},"properties":{"name":"Lanzarote","type":"Fissure vent(s)","last":1824,"country":"Spain","elev":670}},{"type":"Feature","geometry":{"type":"Point","coordinates":[-24.35,14.95]},"properties":{"name":"Fogo","type":"Stratovolcano","last":2015,"country":"Cabo Verde","elev":2829}},{"type":"Feature","geometry":{"type":"Point","coordinates":[-24.7041,14.8514]},"properties":{"name":"Brava","type":"Stratovolcano","last":null,"country":"Cabo Verde","elev":956}},{"type":"Feature","geometry":{"type":"Point","coordinates":[-19.596,-0.433]},"properties":{"name":"Romanche Fracture Zone","type":"Fissure vent","last":null,"country":"Undersea Features","elev":-1528}},{"type":"Feature","geometry":{"type":"Point","coordinates":[-14.3667,-7.9458]},"properties":{"name":"Ascension","type":"Stratovolcano","last":1508,"country":"United Kingdom","elev":822}},{"type":"Feature","geometry":{"type":"Point","coordinates":[-12.48,-37.42]},"properties":{"name":"Nightingale Island","type":"Stratovolcano","last":2004,"country":"United Kingdom","elev":365}},{"type":"Feature","geometry":{"type":"Point","coordinates":[-12.28,-37.092]},"properties":{"name":"Tristan da Cunha","type":"Shield","last":1962,"country":"United Kingdom","elev":2060}},{"type":"Feature","geometry":{"type":"Point","coordinates":[3.351,-54.408]},"properties":{"name":"Bouvet","type":"Shield","last":-50,"country":"Norway","elev":741}},{"type":"Feature","geometry":{"type":"Point","coordinates":[162.47,-66.42]},"properties":{"name":"Young Island","type":"Stratovolcano","last":null,"country":"Antarctica","elev":1340}},{"type":"Feature","geometry":{"type":"Point","coordinates":[164.83,-67.4]},"properties":{"name":"Sturge Island","type":"Stratovolcano","last":null,"country":"Antarctica","elev":1167}},{"type":"Feature","geometry":{"type":"Point","coordinates":[165.5,-72.67]},"properties":{"name":"Pleiades, The","type":"Stratovolcano","last":-1050,"country":"Antarctica","elev":3040}},{"type":"Feature","geometry":{"type":"Point","coordinates":[164.7,-74.35]},"properties":{"name":"Melbourne","type":"Stratovolcano","last":1892,"country":"Antarctica","elev":2732}},{"type":"Feature","geometry":{"type":"Point","coordinates":[163,-76.83]},"properties":{"name":"McMurdo Province at 76.8°S","type":"Caldera","last":null,"country":"Antarctica","elev":-500}},{"type":"Feature","geometry":{"type":"Point","coordinates":[163.25,-66.78]},"properties":{"name":"Buckle Island","type":"Stratovolcano","last":1899,"country":"Antarctica","elev":1239}},{"type":"Feature","geometry":{"type":"Point","coordinates":[163.53,-78.5]},"properties":{"name":"Morning","type":"Shield","last":null,"country":"Antarctica","elev":2723}},{"type":"Feature","geometry":{"type":"Point","coordinates":[163.33,-78.25]},"properties":{"name":"Royal Society Range","type":"Pyroclastic cone(s)","last":null,"country":"Antarctica","elev":3000}},{"type":"Feature","geometry":{"type":"Point","coordinates":[-136,-76.05]},"properties":{"name":"Berlin","type":"Shield(s)","last":-8350,"country":"Antarctica","elev":3478}},{"type":"Feature","geometry":{"type":"Point","coordinates":[-132.33,-75.8]},"properties":{"name":"Andrus","type":"Shield(s)","last":null,"country":"Antarctica","elev":2978}},{"type":"Feature","geometry":{"type":"Point","coordinates":[-112.08,-76.28]},"properties":{"name":"Takahe","type":"Shield","last":-5550,"country":"Antarctica","elev":3460}},{"type":"Feature","geometry":{"type":"Point","coordinates":[-99.42,-74.33]},"properties":{"name":"Hudson Mountains","type":"Stratovolcano(es)","last":-207,"country":"Antarctica","elev":749}},{"type":"Feature","geometry":{"type":"Point","coordinates":[167.17,-77.53]},"properties":{"name":"Erebus","type":"Stratovolcano","last":2026,"country":"Antarctica","elev":3794}},{"type":"Feature","geometry":{"type":"Point","coordinates":[-57.93,-62.1]},"properties":{"name":"Penguin Island","type":"Stratovolcano","last":1905,"country":"Antarctica","elev":180}},{"type":"Feature","geometry":{"type":"Point","coordinates":[-60.6367,-62.9567]},"properties":{"name":"Deception Island","type":"Caldera","last":1970,"country":"Antarctica","elev":602}},{"type":"Feature","geometry":{"type":"Point","coordinates":[-55.78,-63.579]},"properties":{"name":"Paulet","type":"Pyroclastic cone","last":null,"country":"Antarctica","elev":353}},{"type":"Feature","geometry":{"type":"Point","coordinates":[-56.713,-62.063]},"properties":{"name":"Bridgeman Island","type":"Stratovolcano","last":null,"country":"Antarctica","elev":240}},{"type":"Feature","geometry":{"type":"Point","coordinates":[-27.225,-59.442]},"properties":{"name":"Southern Thule","type":"Stratovolcano(es)","last":1975,"country":"United Kingdom","elev":1075}},{"type":"Feature","geometry":{"type":"Point","coordinates":[-26.374,-58.445]},"properties":{"name":"Montagu Island","type":"Shield","last":2007,"country":"United Kingdom","elev":1370}},{"type":"Feature","geometry":{"type":"Point","coordinates":[-26.533,-59.017]},"properties":{"name":"Bristol Island","type":"Stratovolcano","last":2016,"country":"United Kingdom","elev":1100}},{"type":"Feature","geometry":{"type":"Point","coordinates":[-26.483,-57.8]},"properties":{"name":"Saunders","type":"Stratovolcano","last":2026,"country":"United Kingdom","elev":843}},{"type":"Feature","geometry":{"type":"Point","coordinates":[-26.67,-57.08]},"properties":{"name":"Candlemas Island","type":"Stratovolcano","last":1911,"country":"United Kingdom","elev":550}},{"type":"Feature","geometry":{"type":"Point","coordinates":[-27.176,-56.712]},"properties":{"name":"Hodson","type":"Stratovolcano","last":null,"country":"United Kingdom","elev":835}},{"type":"Feature","geometry":{"type":"Point","coordinates":[-28.14,-56.656]},"properties":{"name":"Leskov Island","type":"Stratovolcano","last":null,"country":"United Kingdom","elev":190}},{"type":"Feature","geometry":{"type":"Point","coordinates":[-27.57,-56.3]},"properties":{"name":"Zavodovski","type":"Stratovolcano","last":2016,"country":"United Kingdom","elev":551}},{"type":"Feature","geometry":{"type":"Point","coordinates":[-28.167,-55.912]},"properties":{"name":"Protector Seamounts","type":"Volcanic field","last":1962,"country":"United Kingdom","elev":-55}},{"type":"Feature","geometry":{"type":"Point","coordinates":[-57.67,-62.02]},"properties":{"name":"Melville","type":"Stratovolcano","last":null,"country":"Antarctica","elev":549}},{"type":"Feature","geometry":{"type":"Point","coordinates":[-57.75,-64.15]},"properties":{"name":"Mount Haddington Volcanic Field","type":"Shield","last":null,"country":"Antarctica","elev":1544}},{"type":"Feature","geometry":{"type":"Point","coordinates":[-127.05,42.15]},"properties":{"name":"Jackson Segment","type":"Fissure vent(s)","last":null,"country":"United States","elev":-3100}},{"type":"Feature","geometry":{"type":"Point","coordinates":[145.78,16.58]},"properties":{"name":"South Sarigan Seamount","type":"Stratovolcano","last":2010,"country":"United States","elev":-184}},{"type":"Feature","geometry":{"type":"Point","coordinates":[-5.22,-32.958]},"properties":{"name":"Walvis Ridge at 33°S","type":"Cone","last":2002,"country":"Undersea Features","elev":-1200}},{"type":"Feature","geometry":{"type":"Point","coordinates":[-179.033,-31.08]},"properties":{"name":"Havre Seamount","type":"Stratovolcano","last":2012,"country":"New Zealand","elev":-897}},{"type":"Feature","geometry":{"type":"Point","coordinates":[147.918,45.028]},"properties":{"name":"Odamoisan [Tebenkov]","type":"Stratovolcano","last":null,"country":"Japan - administered by Russia","elev":1208}},{"type":"Feature","geometry":{"type":"Point","coordinates":[-174.0028,-15.3675]},"properties":{"name":"Niuatahi","type":"Caldera","last":null,"country":"Tonga","elev":-1270}},{"type":"Feature","geometry":{"type":"Point","coordinates":[145.086,44.044]},"properties":{"name":"Tenchozan","type":"Crater rows","last":null,"country":"Japan","elev":1046}},{"type":"Feature","geometry":{"type":"Point","coordinates":[137.573,36.2]},"properties":{"name":"Akandanayama","type":"Stratovolcano","last":null,"country":"Japan","elev":2109}},{"type":"Feature","geometry":{"type":"Point","coordinates":[-175.725,-15.431]},"properties":{"name":"Dugong","type":"Shield","last":null,"country":"Tonga","elev":-1170}},{"type":"Feature","geometry":{"type":"Point","coordinates":[-176.283,-15.333]},"properties":{"name":"Lobster","type":"Shield","last":null,"country":"Tonga","elev":-1500}},{"type":"Feature","geometry":{"type":"Point","coordinates":[-73.05,-45.22]},"properties":{"name":"Meullin","type":"Volcanic field","last":null,"country":"Chile","elev":1080}},{"type":"Feature","geometry":{"type":"Point","coordinates":[-128.64,48.78]},"properties":{"name":"West Valley Segment","type":"Fissure vent","last":null,"country":"Canada","elev":-2550}},{"type":"Feature","geometry":{"type":"Point","coordinates":[-129.879,44.267]},"properties":{"name":"East Blanco Depression","type":"Fissure vent","last":null,"country":"Undersea Features","elev":-3000}},{"type":"Feature","geometry":{"type":"Point","coordinates":[14.399,39.284]},"properties":{"name":"Marsili","type":"Complex","last":-1050,"country":"Italy","elev":-779}},{"type":"Feature","geometry":{"type":"Point","coordinates":[144.506,15.406]},"properties":{"name":"Mariana Back-Arc Segment at 15.5°N","type":"Fissure vent","last":2015,"country":"United States","elev":-4100}},{"type":"Feature","geometry":{"type":"Point","coordinates":[-16.817,65.583]},"properties":{"name":"Heidarspordar","type":"Fissure vent","last":-300,"country":"Iceland","elev":490}},{"type":"Feature","geometry":{"type":"Point","coordinates":[-23,63.733]},"properties":{"name":"Eldey","type":"Fissure vent","last":1926,"country":"Iceland","elev":70}},{"type":"Feature","geometry":{"type":"Point","coordinates":[-17.617,64.267]},"properties":{"name":"Thordarhyrna","type":"Stratovolcano","last":1904,"country":"Iceland","elev":1650}},{"type":"Feature","geometry":{"type":"Point","coordinates":[37.97,6.76]},"properties":{"name":"Northern Lake Abaya Volcanic Field","type":"Volcanic field","last":null,"country":"Ethiopia","elev":1594}},{"type":"Feature","geometry":{"type":"Point","coordinates":[38.213,3.971]},"properties":{"name":"Mega Volcanic Field","type":"Volcanic field","last":null,"country":"Ethiopia","elev":1500}},{"type":"Feature","geometry":{"type":"Point","coordinates":[-160.017,55.917]},"properties":{"name":"Stepovak Bay Group","type":"Volcanic field","last":null,"country":"United States","elev":1633}},{"type":"Feature","geometry":{"type":"Point","coordinates":[-169.787,-14.601]},"properties":{"name":"Malumalu","type":"Stratovolcano","last":null,"country":"United States","elev":-145}},{"type":"Feature","geometry":{"type":"Point","coordinates":[-22.258,63.895]},"properties":{"name":"Fagradalsfjall","type":"Fissure vent","last":2023,"country":"Iceland","elev":250}},{"type":"Feature","geometry":{"type":"Point","coordinates":[25.483,36.524]},"properties":{"name":"Kolumbo","type":"Complex","last":1650,"country":"Greece","elev":-18}},{"type":"Feature","geometry":{"type":"Point","coordinates":[45.7075,-12.9121]},"properties":{"name":"Fani Maore","type":"Cone","last":2019,"country":"France","elev":-2500}},{"type":"Feature","geometry":{"type":"Point","coordinates":[101.7982,46.6459]},"properties":{"name":"Khoid Naiman Nuur","type":"Pyroclastic cone","last":null,"country":"Mongolia","elev":2532}},{"type":"Feature","geometry":{"type":"Point","coordinates":[29.48,-1.3687]},"properties":{"name":"Mugogo","type":"Cone","last":1957,"country":"DR Congo","elev":2338}}]}